bug_id,data_abertura,data_fechamento,severidade,status,sistema,sprint,responsavel,tempo_correcao,prioridade,prioridade_num,ambiente,tipo_bug,reincidente
1,2025-08-25,2025-08-28,Baixa,Fechado,Pagamento,Sprint 4,Ana,82,Baixa,1,Produção,API,Sim
2,2024-07-11,2024-07-14,Baixa,Aberto,Login,Sprint 4,Ana,76,Média,2,Produção,API,Sim
3,2025-10-03,2025-10-06,Crítica,Aberto,API Clientes,Sprint 10,Fernanda,92,Alta,3,Produção,Frontend,Não
4,2024-12-10,2024-12-11,Média,Aberto,Dashboard,Sprint 2,Carlos,44,Média,2,Homologação,Frontend,Não
5,2025-11-07,2025-11-11,Alta,Aberto,Mobile App,Sprint 8,Marcos,109,Média,2,Produção,Backend,Sim
6,2024-12-31,2025-01-02,Alta,Aberto,Mobile App,Sprint 2,Carlos,71,Média,2,Produção,Backend,Sim
7,2026-02-07,2026-02-11,Baixa,Fechado,Dashboard,Sprint 8,Juliana,110,Baixa,1,Homologação,Frontend,Não
8,2026-01-22,2026-01-23,Alta,Aberto,Relatórios,Sprint 11,Ana,46,Baixa,1,Produção,Frontend,Não
9,2025-05-18,2025-05-20,Média,Fechado,Login,Sprint 4,Rafael,49,Média,2,Produção,Backend,Não
10,2025-03-01,2025-03-02,Média,Fechado,Pagamento,Sprint 11,João,35,Baixa,1,Homologação,API,Não
11,2025-03-07,2025-03-07,Média,Aberto,Mobile App,Sprint 9,Marcos,19,Média,2,Homologação,API,Não
12,2025-09-01,2025-09-05,Crítica,Fechado,Pagamento,Sprint 3,Marcos,115,Alta,3,Homologação,Frontend,Sim
13,2024-12-23,2024-12-27,Média,Aberto,Mobile App,Sprint 7,Marcos,111,Baixa,1,Produção,Backend,Não
14,2026-01-23,2026-01-26,Alta,Aberto,Mobile App,Sprint 12,Carlos,77,Média,2,Homologação,API,Não
15,2024-10-15,2024-10-15,Crítica,Aberto,API Clientes,Sprint 1,Juliana,15,Média,2,Homologação,API,Sim
16,2024-06-03,2024-06-05,Alta,Aberto,Pagamento,Sprint 6,Rafael,65,Baixa,1,Produção,API,Sim
17,2026-04-09,2026-04-12,Crítica,Aberto,Login,Sprint 6,Rafael,77,Média,2,Homologação,Frontend,Sim
18,2026-02-01,2026-02-02,Baixa,Aberto,Mobile App,Sprint 8,Rafael,31,Alta,3,Produção,API,Sim
19,2025-07-05,2025-07-05,Crítica,Aberto,Dashboard,Sprint 9,Rafael,17,Alta,3,Homologação,Frontend,Sim
20,2024-11-29,2024-12-02,Crítica,Fechado,API Clientes,Sprint 9,João,92,Média,2,Produção,Frontend,Sim
21,2024-09-18,2024-09-18,Baixa,Aberto,Relatórios,Sprint 4,Carlos,9,Média,2,Produção,API,Sim
22,2025-06-18,2025-06-19,Baixa,Fechado,Login,Sprint 9,Ana,30,Baixa,1,Homologação,API,Não
23,2025-08-28,2025-08-29,Média,Fechado,Pagamento,Sprint 8,Rafael,28,Alta,3,Homologação,Frontend,Sim
24,2025-05-05,2025-05-05,Crítica,Fechado,API Clientes,Sprint 7,João,13,Alta,3,Produção,API,Sim
25,2025-06-22,2025-06-22,Alta,Aberto,Pagamento,Sprint 4,Ana,8,Média,2,Homologação,Frontend,Não
26,2025-09-01,2025-09-02,Crítica,Aberto,Login,Sprint 8,Rafael,24,Média,2,Produção,Frontend,Sim
27,2025-06-11,2025-06-11,Média,Fechado,API Clientes,Sprint 8,Ana,12,Baixa,1,Homologação,Frontend,Sim
28,2024-12-01,2024-12-03,Crítica,Fechado,API Clientes,Sprint 5,João,49,Baixa,1,Homologação,Frontend,Sim
29,2025-08-15,2025-08-16,Baixa,Aberto,Mobile App,Sprint 6,Carlos,38,Baixa,1,Produção,API,Não
30,2025-02-20,2025-02-22,Média,Aberto,Relatórios,Sprint 2,Rafael,65,Alta,3,Produção,Frontend,Sim
31,2025-08-18,2025-08-21,Crítica,Aberto,Relatórios,Sprint 4,Marcos,87,Baixa,1,Produção,API,Sim
32,2025-11-09,2025-11-11,Alta,Fechado,Pagamento,Sprint 11,Juliana,54,Alta,3,Homologação,Frontend,Não
33,2025-07-26,2025-07-28,Alta,Fechado,Dashboard,Sprint 2,Carlos,51,Baixa,1,Homologação,API,Sim
34,2025-08-01,2025-08-01,Média,Fechado,Pagamento,Sprint 6,Carlos,10,Alta,3,Produção,Backend,Não
35,2026-05-05,2026-05-05,Alta,Aberto,Mobile App,Sprint 9,Fernanda,21,Média,2,Produção,Frontend,Não
36,2025-01-04,2025-01-04,Média,Fechado,Dashboard,Sprint 10,Ana,15,Baixa,1,Homologação,Frontend,Não
37,2024-07-30,2024-08-01,Alta,Aberto,Login,Sprint 11,João,65,Média,2,Homologação,Frontend,Sim
38,2025-01-24,2025-01-25,Alta,Aberto,Mobile App,Sprint 8,Marcos,43,Baixa,1,Homologação,API,Sim
39,2024-12-22,2024-12-22,Média,Aberto,Dashboard,Sprint 10,Marcos,15,Baixa,1,Produção,Backend,Sim
40,2026-03-09,2026-03-09,Alta,Aberto,Dashboard,Sprint 4,Juliana,6,Média,2,Produção,API,Sim
41,2025-07-24,2025-07-25,Crítica,Aberto,Pagamento,Sprint 3,Rafael,46,Alta,3,Produção,Backend,Sim
42,2025-04-04,2025-04-04,Alta,Fechado,Mobile App,Sprint 12,Rafael,23,Alta,3,Produção,Backend,Sim
43,2025-07-16,2025-07-20,Baixa,Fechado,Login,Sprint 8,Ana,101,Alta,3,Produção,Backend,Não
44,2024-10-08,2024-10-09,Média,Aberto,Mobile App,Sprint 4,João,40,Baixa,1,Homologação,Backend,Sim
45,2025-10-09,2025-10-13,Alta,Fechado,Mobile App,Sprint 9,Fernanda,99,Média,2,Produção,Frontend,Não
46,2024-06-13,2024-06-13,Alta,Aberto,Login,Sprint 10,João,23,Alta,3,Homologação,API,Não
47,2026-03-06,2026-03-08,Baixa,Fechado,Relatórios,Sprint 4,Fernanda,56,Alta,3,Produção,API,Não
48,2025-10-25,2025-10-25,Média,Fechado,API Clientes,Sprint 2,Juliana,1,Alta,3,Homologação,API,Não
49,2025-02-08,2025-02-11,Alta,Fechado,Mobile App,Sprint 7,Fernanda,85,Baixa,1,Homologação,API,Não
50,2025-12-26,2025-12-28,Média,Fechado,Mobile App,Sprint 7,Juliana,71,Baixa,1,Produção,API,Não
51,2025-08-04,2025-08-06,Baixa,Fechado,Dashboard,Sprint 4,João,52,Alta,3,Homologação,Backend,Não
52,2025-12-26,2025-12-28,Média,Fechado,Mobile App,Sprint 3,Juliana,57,Alta,3,Produção,Backend,Não
53,2025-05-02,2025-05-02,Alta,Aberto,Pagamento,Sprint 3,Carlos,12,Baixa,1,Produção,Frontend,Não
54,2024-11-29,2024-12-02,Crítica,Fechado,Mobile App,Sprint 10,Ana,79,Baixa,1,Homologação,Backend,Não
55,2024-09-04,2024-09-05,Baixa,Aberto,API Clientes,Sprint 4,Ana,32,Baixa,1,Homologação,Frontend,Sim
56,2025-10-08,2025-10-12,Crítica,Aberto,API Clientes,Sprint 11,Marcos,118,Baixa,1,Homologação,Backend,Não
57,2025-03-02,2025-03-06,Crítica,Aberto,Mobile App,Sprint 8,João,107,Alta,3,Homologação,Frontend,Não
58,2026-01-05,2026-01-09,Crítica,Aberto,Dashboard,Sprint 8,Carlos,99,Alta,3,Homologação,Frontend,Não
59,2025-09-28,2025-09-29,Baixa,Aberto,Pagamento,Sprint 4,João,43,Média,2,Produção,API,Sim
60,2024-05-14,2024-05-14,Crítica,Fechado,Relatórios,Sprint 8,João,9,Média,2,Produção,Frontend,Não
61,2025-03-04,2025-03-06,Baixa,Fechado,API Clientes,Sprint 1,Fernanda,50,Alta,3,Homologação,Backend,Não
62,2024-12-04,2024-12-06,Média,Fechado,Pagamento,Sprint 5,João,69,Alta,3,Homologação,Frontend,Não
63,2025-11-28,2025-11-29,Crítica,Aberto,API Clientes,Sprint 3,Marcos,44,Alta,3,Produção,Backend,Sim
64,2024-05-15,2024-05-15,Crítica,Aberto,API Clientes,Sprint 3,Carlos,11,Alta,3,Homologação,Backend,Não
65,2025-10-15,2025-10-16,Alta,Fechado,API Clientes,Sprint 5,Rafael,28,Média,2,Homologação,Backend,Sim
66,2025-08-03,2025-08-05,Baixa,Fechado,Pagamento,Sprint 11,Carlos,61,Baixa,1,Produção,Frontend,Sim
67,2025-10-26,2025-10-27,Média,Aberto,Pagamento,Sprint 8,Juliana,26,Baixa,1,Produção,API,Sim
68,2025-07-20,2025-07-22,Alta,Fechado,Pagamento,Sprint 10,Marcos,60,Alta,3,Produção,Frontend,Não
69,2025-01-07,2025-01-07,Baixa,Fechado,Relatórios,Sprint 11,João,14,Alta,3,Homologação,API,Sim
70,2025-02-27,2025-02-27,Média,Aberto,Mobile App,Sprint 5,Rafael,10,Alta,3,Produção,API,Sim
71,2024-06-26,2024-06-27,Crítica,Fechado,Login,Sprint 9,Juliana,45,Alta,3,Homologação,Frontend,Não
72,2025-07-20,2025-07-24,Baixa,Fechado,Dashboard,Sprint 11,Rafael,106,Média,2,Homologação,API,Sim
73,2025-04-28,2025-04-30,Alta,Fechado,API Clientes,Sprint 7,Rafael,56,Baixa,1,Homologação,Backend,Sim
74,2025-04-07,2025-04-11,Alta,Fechado,Pagamento,Sprint 8,Marcos,107,Baixa,1,Homologação,Backend,Sim
75,2026-03-28,2026-03-30,Média,Fechado,Pagamento,Sprint 6,Rafael,64,Média,2,Homologação,Backend,Não
76,2024-07-06,2024-07-10,Alta,Aberto,Relatórios,Sprint 4,Carlos,113,Alta,3,Produção,API,Não
77,2024-10-30,2024-11-01,Média,Fechado,Mobile App,Sprint 12,João,63,Alta,3,Homologação,Frontend,Sim
78,2025-01-07,2025-01-08,Crítica,Aberto,Dashboard,Sprint 11,Marcos,38,Baixa,1,Homologação,Backend,Não
79,2025-01-17,2025-01-19,Alta,Fechado,Mobile App,Sprint 8,Fernanda,55,Alta,3,Homologação,Backend,Sim
80,2025-07-16,2025-07-16,Média,Fechado,Login,Sprint 12,Marcos,16,Alta,3,Produção,Frontend,Sim
81,2026-04-29,2026-05-02,Alta,Fechado,Login,Sprint 4,Fernanda,95,Média,2,Produção,Backend,Sim
82,2024-06-11,2024-06-12,Média,Fechado,Login,Sprint 1,Marcos,39,Baixa,1,Homologação,API,Sim
83,2025-03-11,2025-03-14,Baixa,Aberto,Relatórios,Sprint 5,João,82,Média,2,Homologação,Backend,Não
84,2026-04-18,2026-04-19,Alta,Fechado,Login,Sprint 2,João,24,Baixa,1,Homologação,Frontend,Sim
85,2025-01-18,2025-01-18,Alta,Aberto,Pagamento,Sprint 2,Marcos,20,Baixa,1,Homologação,API,Sim
86,2025-10-18,2025-10-22,Crítica,Fechado,API Clientes,Sprint 5,Rafael,100,Alta,3,Homologação,Backend,Sim
87,2025-05-31,2025-06-03,Baixa,Aberto,Mobile App,Sprint 4,Fernanda,79,Alta,3,Produção,Frontend,Sim
88,2024-06-10,2024-06-10,Baixa,Aberto,Login,Sprint 7,João,23,Alta,3,Homologação,Backend,Sim
89,2025-02-24,2025-02-25,Alta,Fechado,Login,Sprint 11,Ana,30,Média,2,Homologação,API,Sim
90,2025-08-07,2025-08-09,Média,Aberto,Dashboard,Sprint 3,Carlos,55,Baixa,1,Produção,Frontend,Não
91,2025-04-16,2025-04-19,Alta,Fechado,Login,Sprint 8,Juliana,77,Alta,3,Homologação,API,Não
92,2025-06-27,2025-06-28,Crítica,Fechado,Login,Sprint 10,Carlos,35,Alta,3,Homologação,API,Não
93,2025-08-10,2025-08-13,Baixa,Aberto,Pagamento,Sprint 11,Rafael,78,Média,2,Produção,API,Não
94,2026-04-14,2026-04-17,Média,Fechado,Relatórios,Sprint 11,João,74,Baixa,1,Homologação,Frontend,Não
95,2026-01-12,2026-01-15,Baixa,Fechado,Dashboard,Sprint 7,Fernanda,82,Média,2,Homologação,API,Sim
96,2024-09-01,2024-09-05,Alta,Fechado,Mobile App,Sprint 8,Fernanda,110,Baixa,1,Homologação,API,Sim
97,2025-08-02,2025-08-04,Alta,Fechado,Dashboard,Sprint 2,Rafael,59,Baixa,1,Homologação,API,Sim
98,2025-05-31,2025-06-03,Crítica,Fechado,Login,Sprint 4,Marcos,85,Alta,3,Homologação,API,Não
99,2025-04-07,2025-04-10,Baixa,Aberto,Dashboard,Sprint 9,Ana,81,Média,2,Homologação,Backend,Não
100,2024-12-09,2024-12-09,Média,Aberto,Dashboard,Sprint 9,Carlos,16,Baixa,1,Homologação,Frontend,Sim
101,2025-06-03,2025-06-07,Crítica,Aberto,Mobile App,Sprint 3,João,108,Baixa,1,Homologação,API,Não
102,2026-04-26,2026-04-28,Crítica,Aberto,API Clientes,Sprint 9,Ana,54,Média,2,Homologação,Frontend,Sim
103,2025-11-02,2025-11-06,Alta,Fechado,Dashboard,Sprint 9,Fernanda,111,Baixa,1,Produção,Backend,Não
104,2025-02-15,2025-02-19,Crítica,Aberto,API Clientes,Sprint 9,João,108,Alta,3,Homologação,Backend,Não
105,2025-12-19,2025-12-21,Média,Aberto,Relatórios,Sprint 7,Ana,59,Média,2,Homologação,Frontend,Não
106,2024-05-10,2024-05-14,Crítica,Fechado,Mobile App,Sprint 11,Ana,96,Média,2,Homologação,Frontend,Sim
107,2025-10-13,2025-10-15,Alta,Aberto,API Clientes,Sprint 2,Marcos,65,Alta,3,Homologação,Frontend,Sim
108,2025-08-28,2025-08-30,Média,Aberto,API Clientes,Sprint 5,Fernanda,53,Alta,3,Homologação,API,Sim
109,2024-08-19,2024-08-23,Crítica,Fechado,Mobile App,Sprint 12,Rafael,110,Média,2,Homologação,API,Sim
110,2024-05-26,2024-05-29,Média,Fechado,Pagamento,Sprint 12,Carlos,80,Baixa,1,Homologação,Frontend,Sim
111,2025-11-01,2025-11-03,Alta,Aberto,Login,Sprint 6,Rafael,57,Baixa,1,Produção,Backend,Não
112,2025-06-12,2025-06-14,Média,Aberto,Relatórios,Sprint 7,Marcos,48,Média,2,Produção,Frontend,Sim
113,2024-10-25,2024-10-25,Crítica,Aberto,API Clientes,Sprint 10,Ana,11,Alta,3,Produção,Backend,Não
114,2025-04-26,2025-04-28,Baixa,Fechado,Dashboard,Sprint 11,Marcos,59,Média,2,Produção,Frontend,Não
115,2025-12-20,2025-12-21,Alta,Fechado,Mobile App,Sprint 5,João,45,Alta,3,Homologação,Frontend,Não
116,2026-02-18,2026-02-22,Baixa,Aberto,API Clientes,Sprint 10,Fernanda,110,Média,2,Homologação,API,Não
117,2026-03-10,2026-03-10,Crítica,Fechado,Login,Sprint 10,Rafael,3,Alta,3,Produção,API,Não
118,2025-10-08,2025-10-12,Média,Fechado,Pagamento,Sprint 11,Ana,107,Média,2,Homologação,API,Sim
119,2025-07-16,2025-07-19,Baixa,Fechado,API Clientes,Sprint 1,Marcos,81,Baixa,1,Homologação,API,Sim
120,2025-03-06,2025-03-06,Alta,Fechado,Pagamento,Sprint 4,Ana,12,Média,2,Homologação,API,Não
121,2024-11-06,2024-11-10,Alta,Fechado,Dashboard,Sprint 12,Rafael,107,Baixa,1,Homologação,Frontend,Não
122,2026-04-21,2026-04-21,Média,Fechado,Relatórios,Sprint 6,Carlos,10,Baixa,1,Homologação,Frontend,Não
123,2025-08-21,2025-08-23,Crítica,Fechado,Mobile App,Sprint 12,Juliana,69,Baixa,1,Homologação,API,Não
124,2025-05-30,2025-06-03,Alta,Aberto,Mobile App,Sprint 4,João,106,Alta,3,Produção,API,Não
125,2026-02-14,2026-02-18,Média,Aberto,Mobile App,Sprint 8,Juliana,118,Alta,3,Homologação,API,Não
126,2025-04-29,2025-04-29,Baixa,Aberto,Dashboard,Sprint 8,Carlos,15,Baixa,1,Produção,Frontend,Sim
127,2025-08-23,2025-08-25,Alta,Fechado,Relatórios,Sprint 12,Juliana,50,Média,2,Produção,Backend,Sim
128,2025-06-14,2025-06-18,Crítica,Fechado,Login,Sprint 12,Fernanda,107,Média,2,Produção,Backend,Não
129,2024-10-01,2024-10-02,Baixa,Fechado,Relatórios,Sprint 11,Fernanda,31,Média,2,Produção,Backend,Não
130,2026-03-01,2026-03-02,Crítica,Aberto,Mobile App,Sprint 4,Juliana,25,Baixa,1,Produção,Frontend,Não
131,2025-03-16,2025-03-17,Média,Aberto,Relatórios,Sprint 4,Marcos,32,Baixa,1,Produção,Frontend,Não
132,2024-09-25,2024-09-29,Baixa,Fechado,Pagamento,Sprint 3,Marcos,100,Baixa,1,Homologação,Frontend,Sim
133,2024-07-14,2024-07-17,Média,Aberto,Dashboard,Sprint 4,Marcos,85,Baixa,1,Homologação,Frontend,Sim
134,2025-09-14,2025-09-15,Média,Fechado,Relatórios,Sprint 2,Juliana,34,Baixa,1,Produção,Backend,Não
135,2025-10-16,2025-10-20,Baixa,Fechado,Relatórios,Sprint 4,Marcos,100,Média,2,Produção,API,Não
136,2025-06-07,2025-06-09,Baixa,Aberto,API Clientes,Sprint 7,João,59,Alta,3,Produção,Backend,Não
137,2025-02-18,2025-02-18,Alta,Aberto,Login,Sprint 3,Fernanda,10,Baixa,1,Homologação,Backend,Não
138,2025-09-13,2025-09-15,Crítica,Aberto,Mobile App,Sprint 2,Rafael,59,Alta,3,Produção,Backend,Não
139,2024-11-26,2024-11-30,Crítica,Fechado,API Clientes,Sprint 7,João,114,Baixa,1,Produção,Backend,Não
140,2026-01-11,2026-01-12,Alta,Fechado,Pagamento,Sprint 11,João,41,Alta,3,Produção,Frontend,Sim
141,2025-01-22,2025-01-22,Baixa,Fechado,Pagamento,Sprint 9,Carlos,12,Média,2,Homologação,API,Sim
142,2024-12-06,2024-12-08,Crítica,Aberto,Dashboard,Sprint 10,Fernanda,53,Média,2,Homologação,Frontend,Sim
143,2025-04-25,2025-04-25,Crítica,Aberto,Login,Sprint 6,Rafael,20,Alta,3,Homologação,Frontend,Não
144,2025-04-08,2025-04-11,Crítica,Aberto,Relatórios,Sprint 11,Rafael,74,Baixa,1,Homologação,Frontend,Sim
145,2025-11-30,2025-12-01,Alta,Fechado,Dashboard,Sprint 1,Ana,35,Alta,3,Produção,API,Não
146,2024-05-07,2024-05-07,Baixa,Aberto,Mobile App,Sprint 9,Ana,9,Baixa,1,Homologação,Backend,Não
147,2025-05-11,2025-05-12,Alta,Fechado,Mobile App,Sprint 6,Rafael,44,Baixa,1,Produção,Frontend,Sim
148,2025-05-14,2025-05-14,Baixa,Aberto,Dashboard,Sprint 8,Juliana,21,Alta,3,Homologação,Backend,Não
149,2024-09-12,2024-09-14,Média,Aberto,Dashboard,Sprint 7,Carlos,54,Média,2,Homologação,API,Não
150,2024-11-13,2024-11-15,Alta,Aberto,Pagamento,Sprint 7,Marcos,68,Alta,3,Produção,Frontend,Sim
151,2024-09-07,2024-09-08,Média,Fechado,Dashboard,Sprint 6,Carlos,39,Baixa,1,Produção,Backend,Não
152,2026-04-24,2026-04-24,Crítica,Aberto,Relatórios,Sprint 9,Rafael,23,Baixa,1,Homologação,Frontend,Não
153,2025-09-22,2025-09-26,Baixa,Fechado,Login,Sprint 8,Carlos,111,Alta,3,Homologação,API,Não
154,2026-01-08,2026-01-11,Crítica,Fechado,Login,Sprint 7,Carlos,74,Média,2,Homologação,Frontend,Não
155,2024-09-16,2024-09-20,Alta,Aberto,API Clientes,Sprint 2,Ana,107,Alta,3,Homologação,API,Não
156,2026-02-19,2026-02-21,Crítica,Fechado,Mobile App,Sprint 6,Ana,68,Baixa,1,Homologação,Frontend,Sim
157,2025-11-01,2025-11-03,Baixa,Aberto,Dashboard,Sprint 6,Juliana,66,Alta,3,Produção,Frontend,Sim
158,2026-01-07,2026-01-07,Média,Aberto,Relatórios,Sprint 3,Rafael,19,Média,2,Produção,Frontend,Não
159,2025-06-17,2025-06-19,Crítica,Fechado,Mobile App,Sprint 6,Ana,60,Alta,3,Homologação,Frontend,Não
160,2025-01-21,2025-01-23,Alta,Fechado,Relatórios,Sprint 1,Fernanda,57,Alta,3,Produção,Backend,Não
161,2024-10-19,2024-10-21,Baixa,Fechado,Dashboard,Sprint 2,Juliana,58,Baixa,1,Produção,API,Não
162,2025-11-03,2025-11-05,Baixa,Fechado,Relatórios,Sprint 11,Ana,60,Alta,3,Homologação,API,Não
163,2025-03-29,2025-03-31,Baixa,Fechado,Login,Sprint 6,Juliana,65,Baixa,1,Produção,API,Sim
164,2024-10-31,2024-10-31,Crítica,Fechado,Relatórios,Sprint 9,Marcos,6,Baixa,1,Produção,Backend,Não
165,2024-07-28,2024-08-01,Crítica,Fechado,Dashboard,Sprint 11,Marcos,118,Média,2,Produção,API,Não
166,2025-05-22,2025-05-22,Baixa,Fechado,Dashboard,Sprint 5,Juliana,9,Média,2,Produção,Backend,Sim
167,2025-07-03,2025-07-06,Média,Fechado,Dashboard,Sprint 11,Juliana,75,Alta,3,Homologação,Frontend,Sim
168,2025-03-19,2025-03-20,Crítica,Fechado,Pagamento,Sprint 11,Juliana,40,Alta,3,Produção,API,Não
169,2025-02-28,2025-03-02,Baixa,Fechado,Dashboard,Sprint 3,Ana,66,Média,2,Homologação,Backend,Sim
170,2025-06-18,2025-06-19,Média,Aberto,Dashboard,Sprint 2,Marcos,29,Baixa,1,Produção,API,Não
171,2025-12-27,2025-12-31,Média,Fechado,Pagamento,Sprint 3,Ana,113,Alta,3,Produção,API,Não
172,2024-12-05,2024-12-05,Alta,Aberto,API Clientes,Sprint 10,Fernanda,6,Média,2,Homologação,Frontend,Sim
173,2025-01-16,2025-01-17,Média,Fechado,Mobile App,Sprint 10,João,40,Média,2,Homologação,Backend,Não
174,2024-11-11,2024-11-13,Crítica,Aberto,Pagamento,Sprint 10,Ana,65,Alta,3,Homologação,Frontend,Não
175,2025-07-13,2025-07-17,Baixa,Aberto,Dashboard,Sprint 2,Rafael,112,Média,2,Produção,Backend,Não
176,2026-04-19,2026-04-23,Média,Fechado,Login,Sprint 4,Rafael,116,Alta,3,Homologação,Backend,Sim
177,2024-07-12,2024-07-14,Crítica,Fechado,Pagamento,Sprint 7,Carlos,54,Baixa,1,Homologação,Frontend,Sim
178,2024-10-28,2024-10-29,Alta,Aberto,Pagamento,Sprint 1,Fernanda,41,Baixa,1,Homologação,API,Sim
179,2024-07-28,2024-08-01,Crítica,Fechado,Relatórios,Sprint 1,Carlos,98,Alta,3,Produção,Backend,Sim
180,2025-06-18,2025-06-22,Crítica,Aberto,Dashboard,Sprint 4,Fernanda,107,Baixa,1,Produção,Frontend,Sim
181,2025-06-14,2025-06-16,Crítica,Aberto,Login,Sprint 8,Marcos,54,Alta,3,Produção,API,Sim
182,2024-08-23,2024-08-26,Alta,Fechado,Login,Sprint 10,Fernanda,92,Baixa,1,Produção,API,Não
183,2024-08-16,2024-08-17,Baixa,Fechado,Login,Sprint 9,Marcos,24,Alta,3,Produção,Backend,Não
184,2024-12-27,2024-12-27,Crítica,Fechado,Dashboard,Sprint 12,Carlos,6,Alta,3,Homologação,Frontend,Não
185,2025-08-24,2025-08-25,Baixa,Fechado,Pagamento,Sprint 1,Fernanda,31,Alta,3,Homologação,API,Sim
186,2025-09-03,2025-09-07,Crítica,Fechado,Mobile App,Sprint 3,Rafael,107,Alta,3,Produção,Frontend,Não
187,2025-08-28,2025-08-28,Média,Aberto,Pagamento,Sprint 1,Fernanda,5,Média,2,Homologação,API,Não
188,2025-12-28,2026-01-01,Crítica,Fechado,Login,Sprint 11,Ana,105,Alta,3,Homologação,Backend,Sim
189,2024-05-26,2024-05-30,Alta,Fechado,Login,Sprint 6,João,111,Alta,3,Homologação,API,Não
190,2025-05-22,2025-05-26,Alta,Aberto,API Clientes,Sprint 12,João,115,Média,2,Homologação,API,Não
191,2025-06-24,2025-06-28,Crítica,Aberto,API Clientes,Sprint 10,Rafael,103,Baixa,1,Produção,API,Não
192,2025-08-15,2025-08-16,Baixa,Fechado,Mobile App,Sprint 5,Fernanda,42,Baixa,1,Homologação,API,Não
193,2024-09-23,2024-09-23,Crítica,Fechado,API Clientes,Sprint 1,Juliana,22,Alta,3,Homologação,API,Não
194,2024-10-21,2024-10-22,Baixa,Aberto,Mobile App,Sprint 11,João,36,Alta,3,Homologação,API,Sim
195,2025-01-04,2025-01-04,Crítica,Aberto,Pagamento,Sprint 2,Ana,4,Baixa,1,Homologação,Backend,Não
196,2025-06-26,2025-06-29,Média,Fechado,Dashboard,Sprint 6,João,73,Baixa,1,Produção,API,Sim
197,2025-09-20,2025-09-22,Crítica,Fechado,Mobile App,Sprint 5,Ana,68,Média,2,Produção,Frontend,Sim
198,2025-03-05,2025-03-07,Crítica,Aberto,Dashboard,Sprint 5,Juliana,64,Alta,3,Homologação,Frontend,Não
199,2024-12-17,2024-12-20,Média,Aberto,Pagamento,Sprint 2,João,89,Média,2,Produção,API,Não
200,2025-05-28,2025-05-28,Alta,Fechado,Mobile App,Sprint 2,Marcos,12,Alta,3,Homologação,Backend,Sim
201,2024-08-26,2024-08-29,Média,Fechado,Relatórios,Sprint 4,Carlos,92,Alta,3,Produção,Frontend,Sim
202,2024-09-04,2024-09-08,Baixa,Fechado,Relatórios,Sprint 10,Fernanda,102,Média,2,Homologação,API,Sim
203,2025-09-10,2025-09-13,Baixa,Fechado,API Clientes,Sprint 12,Juliana,79,Baixa,1,Homologação,API,Não
204,2025-09-29,2025-10-03,Baixa,Aberto,Dashboard,Sprint 11,Carlos,99,Média,2,Homologação,Backend,Não
205,2025-07-01,2025-07-01,Média,Aberto,API Clientes,Sprint 9,Rafael,17,Alta,3,Produção,Frontend,Sim
206,2025-05-10,2025-05-11,Média,Fechado,Mobile App,Sprint 4,Fernanda,39,Baixa,1,Homologação,Frontend,Não
207,2025-05-11,2025-05-12,Alta,Aberto,Mobile App,Sprint 5,Marcos,26,Alta,3,Produção,API,Sim
208,2025-11-25,2025-11-28,Média,Aberto,Mobile App,Sprint 10,Juliana,76,Alta,3,Homologação,API,Sim
209,2025-03-30,2025-04-03,Baixa,Aberto,Mobile App,Sprint 10,Fernanda,106,Baixa,1,Produção,API,Não
210,2024-06-09,2024-06-12,Baixa,Fechado,Mobile App,Sprint 9,Fernanda,80,Alta,3,Homologação,Backend,Sim
211,2024-08-15,2024-08-19,Crítica,Fechado,API Clientes,Sprint 2,Juliana,104,Alta,3,Produção,Frontend,Não
212,2025-12-26,2025-12-28,Crítica,Aberto,Dashboard,Sprint 10,Ana,54,Média,2,Homologação,API,Não
213,2025-09-15,2025-09-18,Crítica,Aberto,Dashboard,Sprint 9,Marcos,94,Média,2,Produção,Backend,Sim
214,2025-01-19,2025-01-21,Alta,Fechado,Pagamento,Sprint 3,Carlos,60,Baixa,1,Produção,Backend,Não
215,2025-11-12,2025-11-16,Crítica,Aberto,Pagamento,Sprint 6,Marcos,111,Alta,3,Homologação,Frontend,Sim
216,2024-06-19,2024-06-21,Crítica,Fechado,Dashboard,Sprint 8,Carlos,64,Alta,3,Produção,Backend,Não
217,2026-01-16,2026-01-17,Alta,Aberto,Login,Sprint 5,João,31,Baixa,1,Homologação,Backend,Sim
218,2026-04-26,2026-04-30,Crítica,Aberto,Dashboard,Sprint 12,Fernanda,109,Baixa,1,Homologação,Backend,Sim
219,2024-08-26,2024-08-28,Média,Fechado,Relatórios,Sprint 5,Carlos,52,Baixa,1,Homologação,API,Não
220,2024-06-02,2024-06-06,Alta,Aberto,Pagamento,Sprint 2,João,98,Alta,3,Homologação,Backend,Não
221,2024-08-28,2024-09-01,Média,Fechado,Relatórios,Sprint 1,Carlos,97,Baixa,1,Produção,Frontend,Não
222,2026-02-08,2026-02-12,Crítica,Aberto,Relatórios,Sprint 9,Ana,103,Média,2,Homologação,API,Não
223,2024-11-20,2024-11-20,Alta,Fechado,Relatórios,Sprint 9,Marcos,21,Média,2,Homologação,API,Não
224,2026-02-14,2026-02-16,Alta,Fechado,Mobile App,Sprint 2,João,61,Baixa,1,Homologação,API,Sim
225,2024-05-22,2024-05-25,Alta,Aberto,Mobile App,Sprint 1,Marcos,77,Média,2,Homologação,Frontend,Não
226,2024-09-23,2024-09-23,Média,Aberto,Relatórios,Sprint 12,Carlos,19,Alta,3,Produção,Frontend,Não
227,2026-02-24,2026-02-25,Média,Fechado,Mobile App,Sprint 4,João,41,Média,2,Homologação,API,Sim
228,2024-08-18,2024-08-21,Média,Fechado,Mobile App,Sprint 8,Marcos,91,Baixa,1,Homologação,Backend,Sim
229,2026-02-13,2026-02-15,Alta,Fechado,Mobile App,Sprint 12,Juliana,59,Alta,3,Homologação,API,Não
230,2025-10-17,2025-10-18,Alta,Fechado,Pagamento,Sprint 5,Rafael,25,Baixa,1,Homologação,API,Sim
231,2024-07-14,2024-07-17,Crítica,Fechado,API Clientes,Sprint 6,Marcos,89,Alta,3,Homologação,Backend,Sim
232,2025-01-26,2025-01-29,Crítica,Fechado,Dashboard,Sprint 3,Fernanda,74,Alta,3,Produção,Backend,Sim
233,2024-06-05,2024-06-06,Alta,Fechado,Pagamento,Sprint 4,Rafael,45,Média,2,Homologação,API,Não
234,2024-10-25,2024-10-25,Média,Aberto,Login,Sprint 11,Marcos,18,Baixa,1,Produção,API,Sim
235,2025-04-09,2025-04-09,Crítica,Fechado,Mobile App,Sprint 8,Carlos,7,Baixa,1,Produção,Frontend,Sim
236,2024-07-17,2024-07-19,Crítica,Fechado,Mobile App,Sprint 4,Rafael,53,Alta,3,Homologação,Backend,Não
237,2025-06-06,2025-06-09,Baixa,Aberto,Relatórios,Sprint 12,Juliana,83,Baixa,1,Produção,Frontend,Não
238,2024-09-04,2024-09-08,Baixa,Fechado,API Clientes,Sprint 3,Juliana,113,Baixa,1,Homologação,Frontend,Sim
239,2025-08-24,2025-08-25,Baixa,Fechado,Dashboard,Sprint 8,Juliana,39,Alta,3,Homologação,Frontend,Não
240,2026-04-12,2026-04-13,Baixa,Fechado,Pagamento,Sprint 12,João,35,Baixa,1,Homologação,API,Sim
241,2024-10-28,2024-10-28,Alta,Fechado,Relatórios,Sprint 11,Rafael,2,Alta,3,Produção,Frontend,Não
242,2025-02-06,2025-02-10,Alta,Aberto,API Clientes,Sprint 11,Carlos,106,Média,2,Produção,Frontend,Não
243,2024-05-21,2024-05-22,Baixa,Fechado,API Clientes,Sprint 4,João,42,Baixa,1,Homologação,Backend,Não
244,2025-11-27,2025-11-30,Baixa,Fechado,Mobile App,Sprint 6,Juliana,75,Alta,3,Produção,Frontend,Sim
245,2025-01-18,2025-01-20,Média,Fechado,Mobile App,Sprint 9,Juliana,60,Média,2,Homologação,API,Sim
246,2025-05-07,2025-05-10,Alta,Aberto,Pagamento,Sprint 3,João,82,Média,2,Produção,Backend,Não
247,2025-08-05,2025-08-07,Crítica,Aberto,Pagamento,Sprint 11,Rafael,54,Alta,3,Produção,API,Não
248,2025-12-28,2025-12-30,Alta,Aberto,Relatórios,Sprint 2,Carlos,68,Alta,3,Produção,API,Sim
249,2025-04-05,2025-04-05,Crítica,Aberto,Mobile App,Sprint 4,Juliana,22,Média,2,Homologação,Frontend,Não
250,2024-06-12,2024-06-16,Crítica,Aberto,Relatórios,Sprint 7,João,104,Baixa,1,Produção,API,Não
251,2025-06-13,2025-06-16,Baixa,Fechado,Dashboard,Sprint 1,Juliana,87,Média,2,Produção,API,Sim
252,2025-09-17,2025-09-17,Alta,Aberto,Relatórios,Sprint 1,Carlos,6,Média,2,Homologação,Frontend,Não
253,2024-09-07,2024-09-09,Média,Fechado,Dashboard,Sprint 7,João,53,Baixa,1,Homologação,Backend,Sim
254,2025-12-08,2025-12-11,Média,Fechado,Login,Sprint 3,Marcos,88,Alta,3,Homologação,API,Sim
255,2025-12-11,2025-12-14,Baixa,Aberto,Dashboard,Sprint 8,Juliana,94,Baixa,1,Homologação,API,Não
256,2025-03-29,2025-04-02,Média,Fechado,Dashboard,Sprint 3,Fernanda,106,Baixa,1,Produção,API,Sim
257,2024-08-23,2024-08-23,Crítica,Aberto,Pagamento,Sprint 4,Carlos,5,Alta,3,Produção,API,Sim
258,2024-10-19,2024-10-21,Baixa,Aberto,Mobile App,Sprint 1,João,58,Alta,3,Homologação,Frontend,Sim
259,2024-11-17,2024-11-21,Média,Fechado,Pagamento,Sprint 12,Marcos,97,Baixa,1,Homologação,API,Não
260,2025-07-15,2025-07-16,Média,Aberto,API Clientes,Sprint 5,Fernanda,31,Média,2,Produção,API,Sim
261,2025-12-11,2025-12-14,Crítica,Fechado,Login,Sprint 6,Juliana,81,Alta,3,Homologação,API,Não
262,2024-10-07,2024-10-10,Crítica,Aberto,Dashboard,Sprint 7,Ana,90,Média,2,Homologação,Frontend,Sim
263,2025-05-11,2025-05-12,Média,Fechado,Login,Sprint 9,João,39,Alta,3,Homologação,API,Sim
264,2025-06-09,2025-06-11,Alta,Aberto,Dashboard,Sprint 11,Carlos,50,Baixa,1,Homologação,Backend,Sim
265,2025-10-07,2025-10-09,Média,Aberto,Dashboard,Sprint 7,Juliana,69,Alta,3,Produção,Frontend,Sim
266,2025-01-20,2025-01-24,Média,Fechado,Pagamento,Sprint 6,Fernanda,103,Alta,3,Produção,Frontend,Sim
267,2026-05-01,2026-05-04,Crítica,Aberto,Mobile App,Sprint 10,Juliana,95,Baixa,1,Produção,Backend,Sim
268,2025-07-11,2025-07-13,Alta,Fechado,API Clientes,Sprint 9,Juliana,71,Média,2,Homologação,Backend,Não
269,2025-01-26,2025-01-27,Crítica,Fechado,Login,Sprint 12,João,47,Alta,3,Homologação,Frontend,Não
270,2025-12-11,2025-12-12,Baixa,Aberto,Mobile App,Sprint 3,Carlos,41,Média,2,Homologação,API,Não
271,2025-08-06,2025-08-07,Média,Fechado,Pagamento,Sprint 7,Marcos,38,Baixa,1,Produção,Backend,Não
272,2024-08-10,2024-08-11,Crítica,Fechado,Pagamento,Sprint 12,Rafael,33,Média,2,Homologação,Frontend,Sim
273,2026-04-11,2026-04-14,Crítica,Aberto,Relatórios,Sprint 11,Carlos,93,Alta,3,Produção,Frontend,Sim
274,2025-10-10,2025-10-14,Crítica,Aberto,Mobile App,Sprint 4,Carlos,98,Baixa,1,Produção,Frontend,Sim
275,2024-05-27,2024-05-29,Alta,Aberto,Relatórios,Sprint 11,Juliana,65,Média,2,Homologação,API,Não
276,2025-09-29,2025-09-29,Crítica,Aberto,Login,Sprint 9,Juliana,3,Baixa,1,Homologação,API,Não
277,2026-01-09,2026-01-09,Crítica,Aberto,Login,Sprint 2,Marcos,3,Alta,3,Produção,Frontend,Sim
278,2026-03-27,2026-03-30,Alta,Fechado,Dashboard,Sprint 7,Carlos,80,Alta,3,Homologação,Backend,Não
279,2025-10-16,2025-10-19,Média,Fechado,Mobile App,Sprint 2,Juliana,73,Baixa,1,Produção,Frontend,Não
280,2025-05-26,2025-05-28,Crítica,Aberto,Mobile App,Sprint 1,Juliana,49,Média,2,Produção,Frontend,Não
281,2025-04-11,2025-04-15,Alta,Aberto,Relatórios,Sprint 1,Ana,109,Média,2,Produção,API,Não
282,2024-10-16,2024-10-17,Baixa,Fechado,Relatórios,Sprint 10,Juliana,35,Baixa,1,Produção,Frontend,Não
283,2024-11-22,2024-11-22,Média,Fechado,Login,Sprint 5,Ana,3,Baixa,1,Produção,API,Não
284,2026-02-14,2026-02-17,Alta,Fechado,Mobile App,Sprint 3,Rafael,87,Alta,3,Produção,API,Não
285,2024-09-09,2024-09-09,Crítica,Aberto,Login,Sprint 6,Marcos,7,Baixa,1,Homologação,Backend,Sim
286,2025-09-17,2025-09-20,Crítica,Fechado,Pagamento,Sprint 6,Marcos,82,Média,2,Homologação,Backend,Sim
287,2025-05-27,2025-05-30,Crítica,Aberto,Relatórios,Sprint 5,Rafael,88,Alta,3,Produção,API,Sim
288,2026-02-16,2026-02-16,Média,Fechado,Mobile App,Sprint 11,Ana,11,Média,2,Homologação,Backend,Não
289,2025-10-17,2025-10-17,Baixa,Fechado,API Clientes,Sprint 6,Rafael,14,Baixa,1,Homologação,Frontend,Sim
290,2025-07-19,2025-07-19,Crítica,Fechado,Relatórios,Sprint 9,Marcos,12,Baixa,1,Homologação,Frontend,Sim
291,2025-12-09,2025-12-09,Baixa,Fechado,API Clientes,Sprint 1,Fernanda,12,Média,2,Homologação,Backend,Sim
292,2026-03-20,2026-03-23,Média,Aberto,Mobile App,Sprint 7,Ana,93,Alta,3,Produção,Backend,Não
293,2025-04-30,2025-05-01,Média,Aberto,Pagamento,Sprint 7,Fernanda,35,Média,2,Homologação,Backend,Não
294,2024-08-01,2024-08-05,Alta,Fechado,Pagamento,Sprint 12,Juliana,101,Baixa,1,Homologação,API,Sim
295,2024-10-30,2024-11-01,Média,Fechado,Login,Sprint 7,Fernanda,59,Baixa,1,Homologação,Backend,Não
296,2026-04-18,2026-04-19,Média,Fechado,Dashboard,Sprint 10,Juliana,43,Média,2,Produção,Backend,Não
297,2024-07-31,2024-07-31,Alta,Fechado,Mobile App,Sprint 12,Juliana,23,Média,2,Homologação,API,Sim
298,2025-02-14,2025-02-15,Alta,Fechado,Dashboard,Sprint 2,Marcos,42,Média,2,Produção,API,Sim
299,2024-10-23,2024-10-26,Baixa,Fechado,Mobile App,Sprint 4,João,88,Alta,3,Homologação,API,Sim
300,2025-05-27,2025-05-31,Crítica,Aberto,Mobile App,Sprint 5,Ana,105,Média,2,Homologação,API,Sim
301,2024-06-29,2024-07-02,Crítica,Aberto,API Clientes,Sprint 10,João,92,Média,2,Homologação,API,Não
302,2024-09-07,2024-09-09,Alta,Aberto,Login,Sprint 4,Juliana,70,Baixa,1,Homologação,Frontend,Sim
303,2025-12-23,2025-12-26,Crítica,Fechado,API Clientes,Sprint 2,Carlos,73,Alta,3,Produção,Backend,Sim
304,2025-05-06,2025-05-08,Média,Fechado,Dashboard,Sprint 7,João,66,Alta,3,Produção,Backend,Sim
305,2026-04-02,2026-04-04,Alta,Fechado,Login,Sprint 2,Rafael,62,Baixa,1,Produção,Backend,Não
306,2025-09-19,2025-09-20,Média,Fechado,Dashboard,Sprint 8,Carlos,44,Média,2,Homologação,API,Não
307,2024-07-31,2024-08-01,Alta,Aberto,Mobile App,Sprint 2,Carlos,41,Baixa,1,Homologação,API,Sim
308,2024-07-01,2024-07-04,Média,Aberto,Relatórios,Sprint 3,Fernanda,87,Baixa,1,Homologação,Backend,Sim
309,2025-04-20,2025-04-24,Média,Aberto,Mobile App,Sprint 11,João,103,Média,2,Homologação,Frontend,Sim
310,2025-08-11,2025-08-13,Crítica,Fechado,Login,Sprint 12,Ana,58,Alta,3,Produção,Backend,Sim
311,2025-03-28,2025-03-31,Média,Fechado,Dashboard,Sprint 4,João,74,Baixa,1,Produção,Backend,Não
312,2025-11-07,2025-11-09,Alta,Fechado,Relatórios,Sprint 7,Marcos,68,Alta,3,Produção,Backend,Não
313,2026-04-26,2026-04-30,Média,Fechado,Relatórios,Sprint 10,Carlos,109,Média,2,Produção,Backend,Sim
314,2024-10-15,2024-10-16,Baixa,Aberto,Dashboard,Sprint 12,Ana,31,Média,2,Homologação,Backend,Sim
315,2024-05-24,2024-05-27,Crítica,Aberto,API Clientes,Sprint 11,Marcos,74,Média,2,Produção,API,Sim
316,2025-05-17,2025-05-19,Média,Aberto,Dashboard,Sprint 8,Marcos,63,Média,2,Produção,Backend,Sim
317,2024-09-20,2024-09-22,Média,Fechado,Relatórios,Sprint 9,Juliana,63,Baixa,1,Homologação,Backend,Não
318,2024-08-19,2024-08-21,Crítica,Fechado,Pagamento,Sprint 2,Marcos,54,Alta,3,Produção,Frontend,Não
319,2025-12-16,2025-12-16,Média,Fechado,Pagamento,Sprint 8,Marcos,5,Média,2,Homologação,API,Sim
320,2025-05-26,2025-05-29,Alta,Fechado,Relatórios,Sprint 1,Rafael,74,Baixa,1,Homologação,API,Sim
321,2025-11-08,2025-11-10,Média,Fechado,Login,Sprint 8,Fernanda,55,Baixa,1,Homologação,Frontend,Não
322,2025-06-06,2025-06-10,Média,Aberto,Mobile App,Sprint 10,Juliana,111,Baixa,1,Homologação,API,Não
323,2026-03-23,2026-03-23,Média,Aberto,Pagamento,Sprint 1,Marcos,22,Alta,3,Homologação,API,Não
324,2026-04-09,2026-04-12,Média,Fechado,Mobile App,Sprint 5,Fernanda,77,Alta,3,Homologação,API,Sim
325,2025-03-14,2025-03-14,Baixa,Fechado,Mobile App,Sprint 3,Juliana,18,Média,2,Produção,Frontend,Sim
326,2024-08-12,2024-08-15,Média,Fechado,API Clientes,Sprint 3,Marcos,92,Média,2,Homologação,API,Não
327,2025-01-12,2025-01-14,Baixa,Aberto,API Clientes,Sprint 9,Juliana,49,Média,2,Homologação,API,Não
328,2025-05-04,2025-05-06,Alta,Aberto,Mobile App,Sprint 2,Juliana,59,Média,2,Homologação,API,Não
329,2024-10-21,2024-10-25,Crítica,Aberto,API Clientes,Sprint 4,João,109,Baixa,1,Homologação,Backend,Não
330,2026-03-10,2026-03-11,Média,Fechado,Dashboard,Sprint 11,Rafael,44,Alta,3,Produção,Frontend,Sim
331,2024-06-21,2024-06-24,Baixa,Aberto,Pagamento,Sprint 8,João,81,Média,2,Produção,Backend,Sim
332,2025-12-15,2025-12-18,Alta,Aberto,Dashboard,Sprint 2,Juliana,89,Baixa,1,Homologação,Backend,Sim
333,2024-06-13,2024-06-15,Média,Aberto,API Clientes,Sprint 11,Fernanda,48,Alta,3,Produção,Backend,Sim
334,2025-08-24,2025-08-27,Baixa,Aberto,API Clientes,Sprint 2,Ana,91,Baixa,1,Produção,API,Não
335,2024-06-20,2024-06-20,Alta,Aberto,API Clientes,Sprint 12,Ana,2,Baixa,1,Homologação,Frontend,Sim
336,2024-05-19,2024-05-21,Baixa,Aberto,Dashboard,Sprint 6,Fernanda,50,Baixa,1,Produção,Backend,Sim
337,2025-05-22,2025-05-25,Média,Aberto,Relatórios,Sprint 10,Carlos,83,Alta,3,Produção,Backend,Não
338,2024-08-21,2024-08-24,Média,Fechado,Relatórios,Sprint 11,João,93,Baixa,1,Produção,Frontend,Sim
339,2024-07-06,2024-07-06,Crítica,Fechado,API Clientes,Sprint 6,Rafael,18,Baixa,1,Produção,Frontend,Não
340,2026-03-04,2026-03-07,Média,Fechado,Mobile App,Sprint 1,Rafael,83,Baixa,1,Homologação,Frontend,Sim
341,2025-05-23,2025-05-27,Alta,Aberto,Pagamento,Sprint 8,João,96,Média,2,Produção,Frontend,Não
342,2025-01-29,2025-02-01,Baixa,Aberto,Dashboard,Sprint 6,Ana,82,Alta,3,Homologação,API,Não
343,2026-02-02,2026-02-03,Média,Fechado,Login,Sprint 1,Marcos,47,Alta,3,Produção,Frontend,Não
344,2024-07-14,2024-07-15,Baixa,Fechado,Relatórios,Sprint 5,Juliana,28,Baixa,1,Homologação,Backend,Não
345,2025-08-27,2025-08-27,Média,Fechado,Login,Sprint 5,Carlos,11,Alta,3,Produção,Frontend,Não
346,2024-06-22,2024-06-24,Baixa,Fechado,Mobile App,Sprint 7,Juliana,51,Alta,3,Produção,Frontend,Sim
347,2025-10-16,2025-10-16,Baixa,Fechado,Relatórios,Sprint 10,Carlos,12,Média,2,Homologação,API,Sim
348,2025-11-15,2025-11-15,Média,Aberto,Pagamento,Sprint 8,Fernanda,16,Baixa,1,Homologação,Frontend,Não
349,2026-04-20,2026-04-20,Alta,Aberto,Login,Sprint 6,Rafael,17,Alta,3,Homologação,Backend,Sim
350,2025-04-10,2025-04-11,Baixa,Fechado,API Clientes,Sprint 9,Fernanda,34,Alta,3,Produção,Backend,Sim
351,2026-03-11,2026-03-13,Alta,Aberto,Relatórios,Sprint 11,Juliana,48,Baixa,1,Produção,Frontend,Sim
352,2024-12-20,2024-12-20,Média,Aberto,API Clientes,Sprint 6,João,6,Baixa,1,Produção,Frontend,Sim
353,2024-06-01,2024-06-03,Crítica,Aberto,Dashboard,Sprint 4,João,71,Alta,3,Homologação,Backend,Sim
354,2025-04-25,2025-04-28,Baixa,Aberto,Pagamento,Sprint 4,Rafael,74,Média,2,Produção,Backend,Sim
355,2025-06-14,2025-06-18,Alta,Fechado,Dashboard,Sprint 2,Marcos,113,Média,2,Homologação,Frontend,Não
356,2024-08-19,2024-08-20,Alta,Aberto,API Clientes,Sprint 6,Marcos,26,Média,2,Homologação,Frontend,Sim
357,2025-11-14,2025-11-14,Crítica,Aberto,Pagamento,Sprint 9,Fernanda,20,Baixa,1,Produção,Backend,Sim
358,2025-05-12,2025-05-16,Crítica,Fechado,Login,Sprint 4,Marcos,98,Alta,3,Produção,Backend,Não
359,2026-04-30,2026-04-30,Alta,Aberto,Login,Sprint 4,Rafael,8,Baixa,1,Homologação,API,Não
360,2024-08-15,2024-08-17,Baixa,Aberto,Relatórios,Sprint 3,Juliana,59,Alta,3,Homologação,Frontend,Sim
361,2024-11-20,2024-11-22,Média,Aberto,Dashboard,Sprint 5,Rafael,56,Alta,3,Homologação,Backend,Não
362,2025-02-01,2025-02-02,Alta,Aberto,Login,Sprint 4,Ana,41,Média,2,Produção,Frontend,Sim
363,2024-09-02,2024-09-02,Crítica,Fechado,API Clientes,Sprint 2,Marcos,22,Média,2,Homologação,Frontend,Não
364,2024-10-29,2024-10-30,Alta,Aberto,Login,Sprint 3,Rafael,40,Média,2,Homologação,API,Sim
365,2024-11-19,2024-11-20,Média,Aberto,Mobile App,Sprint 4,Fernanda,28,Média,2,Homologação,API,Sim
366,2025-06-15,2025-06-18,Alta,Aberto,Login,Sprint 7,Rafael,87,Média,2,Homologação,API,Sim
367,2025-10-28,2025-10-28,Baixa,Aberto,Login,Sprint 1,Carlos,13,Média,2,Produção,Frontend,Sim
368,2024-10-22,2024-10-26,Alta,Aberto,Relatórios,Sprint 10,Fernanda,106,Média,2,Produção,Frontend,Sim
369,2025-04-10,2025-04-11,Crítica,Aberto,Login,Sprint 6,Carlos,26,Alta,3,Produção,Backend,Sim
370,2024-08-20,2024-08-20,Crítica,Fechado,API Clientes,Sprint 1,João,22,Alta,3,Homologação,Frontend,Não
371,2026-03-03,2026-03-04,Alta,Fechado,API Clientes,Sprint 3,Carlos,28,Baixa,1,Produção,API,Não
372,2025-05-21,2025-05-23,Crítica,Aberto,Login,Sprint 5,João,64,Média,2,Produção,Backend,Sim
373,2026-01-08,2026-01-11,Média,Aberto,API Clientes,Sprint 12,Fernanda,83,Alta,3,Homologação,API,Não
374,2025-08-30,2025-08-31,Alta,Fechado,Dashboard,Sprint 3,Carlos,45,Alta,3,Homologação,API,Sim
375,2025-03-03,2025-03-03,Baixa,Fechado,Relatórios,Sprint 6,Rafael,4,Média,2,Produção,Frontend,Sim
376,2024-05-16,2024-05-17,Média,Fechado,Relatórios,Sprint 12,Carlos,32,Alta,3,Produção,API,Não
377,2025-10-11,2025-10-12,Média,Aberto,Relatórios,Sprint 6,Rafael,46,Baixa,1,Homologação,API,Sim
378,2025-09-20,2025-09-23,Alta,Aberto,Relatórios,Sprint 4,Rafael,91,Alta,3,Homologação,API,Não
379,2024-08-01,2024-08-01,Baixa,Aberto,Login,Sprint 4,Marcos,23,Média,2,Produção,Frontend,Não
380,2025-06-06,2025-06-06,Média,Aberto,Dashboard,Sprint 12,Ana,1,Média,2,Homologação,Frontend,Sim
381,2025-12-21,2025-12-21,Média,Aberto,Relatórios,Sprint 6,Carlos,19,Alta,3,Homologação,API,Não
382,2026-03-18,2026-03-21,Alta,Fechado,Dashboard,Sprint 3,Ana,76,Baixa,1,Homologação,API,Não
383,2025-08-28,2025-08-31,Média,Fechado,Pagamento,Sprint 11,Marcos,84,Média,2,Produção,Backend,Não
384,2024-08-13,2024-08-16,Alta,Aberto,Pagamento,Sprint 12,Carlos,94,Alta,3,Homologação,API,Sim
385,2026-03-28,2026-03-29,Alta,Aberto,Mobile App,Sprint 10,Carlos,24,Alta,3,Homologação,Frontend,Não
386,2025-01-31,2025-02-04,Média,Fechado,Dashboard,Sprint 3,Juliana,96,Baixa,1,Produção,API,Não
387,2024-06-02,2024-06-04,Alta,Aberto,Pagamento,Sprint 12,Carlos,58,Baixa,1,Homologação,Backend,Sim
388,2025-05-13,2025-05-16,Baixa,Fechado,API Clientes,Sprint 12,João,93,Baixa,1,Produção,Backend,Não
389,2025-05-06,2025-05-10,Alta,Fechado,Login,Sprint 8,Rafael,113,Média,2,Produção,Frontend,Não
390,2025-01-13,2025-01-13,Alta,Aberto,Dashboard,Sprint 5,Carlos,10,Baixa,1,Produção,Backend,Sim
391,2025-09-25,2025-09-29,Média,Aberto,Relatórios,Sprint 2,Fernanda,114,Média,2,Homologação,API,Sim
392,2026-03-17,2026-03-19,Média,Fechado,Pagamento,Sprint 1,Carlos,56,Alta,3,Homologação,Frontend,Sim
393,2024-07-21,2024-07-23,Alta,Fechado,Dashboard,Sprint 4,Carlos,53,Alta,3,Produção,Backend,Não
394,2026-04-19,2026-04-19,Alta,Aberto,API Clientes,Sprint 2,Fernanda,20,Baixa,1,Homologação,Frontend,Sim
395,2024-08-05,2024-08-05,Média,Fechado,Login,Sprint 8,Rafael,4,Baixa,1,Produção,Backend,Não
396,2024-05-30,2024-06-01,Alta,Aberto,Mobile App,Sprint 9,João,61,Média,2,Produção,Backend,Não
397,2024-06-16,2024-06-18,Crítica,Aberto,Dashboard,Sprint 8,João,48,Baixa,1,Homologação,Frontend,Não
398,2025-07-05,2025-07-08,Média,Aberto,Login,Sprint 11,Fernanda,73,Baixa,1,Homologação,API,Sim
399,2025-06-07,2025-06-09,Crítica,Fechado,Relatórios,Sprint 11,Rafael,71,Baixa,1,Homologação,API,Sim
400,2025-11-21,2025-11-23,Baixa,Fechado,Mobile App,Sprint 1,Marcos,61,Média,2,Produção,Frontend,Não
401,2024-07-01,2024-07-01,Média,Aberto,Pagamento,Sprint 1,João,23,Baixa,1,Produção,API,Não
402,2024-07-17,2024-07-18,Média,Fechado,Dashboard,Sprint 12,Rafael,26,Alta,3,Produção,Frontend,Não
403,2024-12-07,2024-12-10,Alta,Fechado,Relatórios,Sprint 8,Rafael,72,Média,2,Produção,API,Não
404,2024-08-03,2024-08-03,Média,Aberto,Relatórios,Sprint 10,Marcos,15,Média,2,Produção,Frontend,Sim
405,2024-07-25,2024-07-29,Alta,Fechado,Dashboard,Sprint 7,Juliana,101,Média,2,Homologação,API,Não
406,2024-06-10,2024-06-10,Alta,Fechado,Pagamento,Sprint 10,Marcos,5,Baixa,1,Homologação,Frontend,Não
407,2024-10-07,2024-10-11,Média,Aberto,Mobile App,Sprint 8,Fernanda,114,Média,2,Homologação,Frontend,Não
408,2025-08-21,2025-08-25,Alta,Fechado,API Clientes,Sprint 12,Juliana,105,Média,2,Produção,Frontend,Sim
409,2026-04-03,2026-04-04,Crítica,Fechado,Dashboard,Sprint 12,João,39,Alta,3,Produção,Frontend,Não
410,2025-11-22,2025-11-23,Crítica,Fechado,Login,Sprint 9,Rafael,28,Média,2,Produção,Frontend,Não
411,2024-06-10,2024-06-13,Crítica,Aberto,Relatórios,Sprint 10,Carlos,91,Alta,3,Produção,Frontend,Sim
412,2024-11-22,2024-11-26,Média,Aberto,API Clientes,Sprint 1,Fernanda,108,Baixa,1,Produção,Backend,Não
413,2026-01-03,2026-01-07,Crítica,Aberto,Mobile App,Sprint 1,Ana,106,Média,2,Homologação,Backend,Não
414,2025-09-24,2025-09-24,Alta,Fechado,Pagamento,Sprint 5,Juliana,23,Média,2,Produção,Backend,Sim
415,2025-11-22,2025-11-24,Média,Aberto,Pagamento,Sprint 11,Ana,50,Baixa,1,Produção,Backend,Não
416,2025-12-03,2025-12-05,Baixa,Fechado,Pagamento,Sprint 11,Ana,66,Baixa,1,Produção,Frontend,Não
417,2025-07-25,2025-07-28,Alta,Fechado,API Clientes,Sprint 6,João,78,Média,2,Homologação,Frontend,Não
418,2025-12-18,2025-12-19,Crítica,Aberto,Login,Sprint 9,Juliana,39,Alta,3,Homologação,API,Não
419,2024-10-13,2024-10-14,Baixa,Fechado,Login,Sprint 6,Fernanda,39,Alta,3,Homologação,Backend,Não
420,2025-12-28,2025-12-31,Alta,Aberto,Pagamento,Sprint 9,Rafael,84,Alta,3,Produção,Frontend,Não
421,2025-01-18,2025-01-21,Média,Aberto,Mobile App,Sprint 8,Fernanda,85,Média,2,Homologação,Backend,Não
422,2024-05-11,2024-05-13,Baixa,Aberto,Dashboard,Sprint 12,Juliana,50,Alta,3,Produção,API,Não
423,2026-02-19,2026-02-23,Alta,Fechado,Pagamento,Sprint 11,Marcos,117,Alta,3,Produção,Backend,Sim
424,2025-03-15,2025-03-17,Alta,Aberto,Mobile App,Sprint 6,Juliana,61,Baixa,1,Produção,Frontend,Não
425,2024-06-29,2024-06-30,Alta,Fechado,Dashboard,Sprint 6,Fernanda,29,Alta,3,Homologação,Backend,Sim
426,2025-03-06,2025-03-08,Baixa,Fechado,Pagamento,Sprint 9,Carlos,61,Baixa,1,Homologação,API,Não
427,2026-02-02,2026-02-04,Média,Aberto,Pagamento,Sprint 6,João,53,Baixa,1,Homologação,Frontend,Não
428,2025-05-06,2025-05-10,Média,Aberto,API Clientes,Sprint 6,Juliana,111,Alta,3,Produção,Backend,Sim
429,2025-01-22,2025-01-22,Alta,Aberto,Pagamento,Sprint 10,Rafael,1,Média,2,Produção,Backend,Sim
430,2025-07-28,2025-07-28,Crítica,Fechado,API Clientes,Sprint 7,João,17,Alta,3,Homologação,Frontend,Sim
431,2024-09-19,2024-09-21,Alta,Aberto,Dashboard,Sprint 9,Ana,69,Baixa,1,Produção,API,Sim
432,2025-04-20,2025-04-23,Média,Aberto,Mobile App,Sprint 6,Fernanda,81,Alta,3,Produção,Frontend,Não
433,2025-03-08,2025-03-10,Alta,Aberto,Login,Sprint 1,Fernanda,65,Alta,3,Homologação,Backend,Não
434,2025-07-23,2025-07-25,Média,Fechado,API Clientes,Sprint 6,Rafael,56,Alta,3,Produção,Frontend,Não
435,2024-07-28,2024-07-28,Média,Aberto,Pagamento,Sprint 12,Carlos,3,Baixa,1,Produção,Frontend,Não
436,2026-02-27,2026-03-02,Baixa,Fechado,Mobile App,Sprint 5,Rafael,92,Alta,3,Produção,API,Sim
437,2025-08-18,2025-08-21,Baixa,Aberto,Mobile App,Sprint 2,João,85,Baixa,1,Homologação,Backend,Sim
438,2025-08-31,2025-09-02,Crítica,Aberto,Pagamento,Sprint 12,Juliana,71,Média,2,Produção,Backend,Não
439,2024-12-18,2024-12-21,Alta,Aberto,API Clientes,Sprint 2,Marcos,85,Baixa,1,Produção,Backend,Sim
440,2026-04-01,2026-04-05,Crítica,Aberto,Relatórios,Sprint 4,Rafael,101,Baixa,1,Homologação,API,Sim
441,2026-01-14,2026-01-15,Crítica,Fechado,Pagamento,Sprint 1,Marcos,46,Alta,3,Homologação,Frontend,Não
442,2024-08-19,2024-08-20,Baixa,Aberto,Mobile App,Sprint 2,Carlos,43,Baixa,1,Homologação,Frontend,Sim
443,2024-06-03,2024-06-07,Baixa,Aberto,Dashboard,Sprint 11,Ana,100,Alta,3,Homologação,Backend,Não
444,2025-08-01,2025-08-03,Baixa,Aberto,Login,Sprint 5,Fernanda,60,Baixa,1,Homologação,Backend,Sim
445,2025-12-30,2025-12-30,Baixa,Aberto,Mobile App,Sprint 11,Ana,13,Baixa,1,Homologação,Backend,Não
446,2025-03-03,2025-03-06,Baixa,Fechado,Dashboard,Sprint 3,Carlos,80,Média,2,Homologação,Backend,Não
447,2026-04-27,2026-04-28,Crítica,Fechado,Mobile App,Sprint 3,Carlos,35,Média,2,Produção,API,Sim
448,2024-08-03,2024-08-07,Baixa,Fechado,Relatórios,Sprint 8,Rafael,109,Baixa,1,Homologação,Frontend,Não
449,2025-08-25,2025-08-29,Baixa,Aberto,API Clientes,Sprint 8,Carlos,100,Média,2,Homologação,Backend,Sim
450,2024-05-24,2024-05-24,Alta,Aberto,Mobile App,Sprint 11,Marcos,9,Média,2,Produção,API,Não
451,2025-09-12,2025-09-14,Baixa,Fechado,Mobile App,Sprint 12,Ana,67,Alta,3,Homologação,Backend,Não
452,2025-01-02,2025-01-02,Baixa,Aberto,Mobile App,Sprint 3,Marcos,20,Alta,3,Homologação,Backend,Sim
453,2025-07-06,2025-07-06,Alta,Aberto,Dashboard,Sprint 5,Carlos,10,Média,2,Produção,API,Não
454,2025-03-10,2025-03-12,Baixa,Fechado,API Clientes,Sprint 10,João,52,Baixa,1,Produção,Backend,Não
455,2025-01-31,2025-02-01,Crítica,Aberto,Login,Sprint 7,João,41,Baixa,1,Produção,API,Sim
456,2025-08-29,2025-09-02,Alta,Aberto,Mobile App,Sprint 11,João,106,Baixa,1,Homologação,Backend,Sim
457,2024-06-03,2024-06-07,Crítica,Fechado,Relatórios,Sprint 10,Marcos,105,Baixa,1,Homologação,API,Não
458,2025-12-27,2025-12-30,Baixa,Aberto,Mobile App,Sprint 4,Carlos,92,Média,2,Homologação,Backend,Não
459,2025-05-06,2025-05-08,Alta,Aberto,Login,Sprint 3,João,71,Alta,3,Produção,API,Não
460,2024-05-13,2024-05-13,Média,Aberto,Login,Sprint 7,Ana,14,Média,2,Homologação,Frontend,Não
461,2024-07-27,2024-07-27,Baixa,Aberto,API Clientes,Sprint 8,Juliana,14,Média,2,Produção,Backend,Sim
462,2025-12-04,2025-12-06,Baixa,Fechado,Relatórios,Sprint 8,Marcos,68,Alta,3,Produção,API,Sim
463,2026-01-05,2026-01-08,Baixa,Fechado,Mobile App,Sprint 10,Marcos,94,Baixa,1,Homologação,API,Não
464,2025-03-14,2025-03-16,Média,Fechado,API Clientes,Sprint 6,Fernanda,54,Alta,3,Homologação,Frontend,Sim
465,2026-01-07,2026-01-09,Alta,Fechado,Mobile App,Sprint 12,Marcos,53,Alta,3,Produção,Frontend,Sim
466,2025-07-16,2025-07-19,Alta,Fechado,Mobile App,Sprint 3,Juliana,80,Alta,3,Produção,API,Não
467,2026-02-05,2026-02-08,Alta,Fechado,Relatórios,Sprint 10,Juliana,91,Baixa,1,Homologação,API,Não
468,2025-06-14,2025-06-18,Baixa,Aberto,Login,Sprint 7,Ana,113,Média,2,Produção,API,Sim
469,2026-04-22,2026-04-23,Média,Fechado,Mobile App,Sprint 5,Ana,26,Média,2,Produção,API,Não
470,2025-01-27,2025-01-28,Baixa,Fechado,API Clientes,Sprint 2,Marcos,27,Alta,3,Produção,API,Não
471,2025-01-04,2025-01-05,Alta,Aberto,API Clientes,Sprint 7,João,31,Alta,3,Homologação,API,Sim
472,2024-07-16,2024-07-16,Alta,Aberto,Relatórios,Sprint 8,Rafael,2,Alta,3,Produção,API,Não
473,2024-12-28,2025-01-01,Média,Aberto,Dashboard,Sprint 8,Ana,97,Alta,3,Produção,Frontend,Sim
474,2026-04-01,2026-04-04,Baixa,Fechado,Login,Sprint 7,Fernanda,95,Alta,3,Homologação,Frontend,Sim
475,2025-10-29,2025-11-01,Baixa,Fechado,API Clientes,Sprint 12,Ana,75,Média,2,Produção,Frontend,Não
476,2024-10-15,2024-10-18,Alta,Fechado,Relatórios,Sprint 9,Fernanda,77,Baixa,1,Produção,API,Não
477,2024-10-31,2024-11-02,Média,Aberto,Relatórios,Sprint 3,João,68,Baixa,1,Homologação,Frontend,Não
478,2025-07-08,2025-07-09,Alta,Fechado,Dashboard,Sprint 5,Ana,29,Baixa,1,Homologação,API,Sim
479,2024-08-10,2024-08-10,Alta,Fechado,Pagamento,Sprint 11,Marcos,15,Alta,3,Produção,Frontend,Não
480,2026-03-02,2026-03-04,Crítica,Fechado,Relatórios,Sprint 12,Fernanda,49,Baixa,1,Produção,API,Não
481,2026-04-17,2026-04-19,Crítica,Fechado,Login,Sprint 5,Juliana,66,Alta,3,Produção,Backend,Sim
482,2025-12-03,2025-12-03,Baixa,Aberto,Pagamento,Sprint 11,Juliana,13,Baixa,1,Produção,API,Não
483,2024-07-31,2024-08-04,Média,Fechado,Mobile App,Sprint 2,Juliana,107,Baixa,1,Produção,Frontend,Não
484,2025-03-24,2025-03-27,Baixa,Aberto,Login,Sprint 1,Ana,92,Média,2,Homologação,API,Sim
485,2025-03-08,2025-03-11,Alta,Fechado,API Clientes,Sprint 8,Juliana,74,Baixa,1,Homologação,Backend,Não
486,2026-05-07,2026-05-07,Baixa,Aberto,Mobile App,Sprint 12,Marcos,3,Média,2,Produção,API,Sim
487,2024-10-02,2024-10-05,Alta,Aberto,Dashboard,Sprint 11,Fernanda,90,Baixa,1,Produção,Backend,Não
488,2025-11-04,2025-11-06,Baixa,Fechado,Pagamento,Sprint 9,Ana,49,Média,2,Produção,API,Não
489,2024-11-14,2024-11-18,Alta,Aberto,Dashboard,Sprint 11,Rafael,102,Alta,3,Homologação,Frontend,Sim
490,2024-05-30,2024-05-30,Baixa,Fechado,Relatórios,Sprint 9,Carlos,16,Baixa,1,Homologação,Frontend,Não
491,2024-10-04,2024-10-05,Média,Aberto,Pagamento,Sprint 4,Marcos,28,Média,2,Homologação,Frontend,Sim
492,2024-11-22,2024-11-23,Baixa,Fechado,Mobile App,Sprint 9,Carlos,24,Alta,3,Homologação,API,Sim
493,2025-11-06,2025-11-07,Média,Fechado,Dashboard,Sprint 6,Ana,33,Baixa,1,Produção,Frontend,Não
494,2024-11-07,2024-11-10,Média,Fechado,API Clientes,Sprint 8,Fernanda,80,Baixa,1,Homologação,API,Sim
495,2025-05-03,2025-05-06,Alta,Fechado,API Clientes,Sprint 3,Carlos,73,Alta,3,Homologação,Frontend,Sim
496,2025-05-06,2025-05-09,Crítica,Fechado,Dashboard,Sprint 3,Juliana,92,Alta,3,Homologação,Backend,Não
497,2026-03-08,2026-03-10,Alta,Fechado,Relatórios,Sprint 2,Ana,58,Média,2,Produção,Backend,Sim
498,2026-02-17,2026-02-21,Média,Fechado,Mobile App,Sprint 11,Carlos,115,Alta,3,Produção,Frontend,Sim
499,2024-12-23,2024-12-27,Crítica,Aberto,Login,Sprint 9,Fernanda,105,Alta,3,Homologação,API,Sim
500,2025-10-19,2025-10-20,Média,Fechado,Pagamento,Sprint 8,Marcos,47,Média,2,Produção,Backend,Não
501,2025-10-03,2025-10-05,Média,Aberto,Relatórios,Sprint 3,João,65,Baixa,1,Produção,Frontend,Sim
502,2026-01-16,2026-01-19,Crítica,Fechado,Login,Sprint 4,Rafael,95,Alta,3,Homologação,Frontend,Sim
503,2025-08-24,2025-08-25,Média,Aberto,Mobile App,Sprint 4,Marcos,34,Média,2,Homologação,Backend,Não
504,2025-03-21,2025-03-25,Baixa,Aberto,Mobile App,Sprint 6,Carlos,118,Média,2,Homologação,API,Não
505,2024-12-10,2024-12-13,Média,Fechado,Mobile App,Sprint 7,Fernanda,75,Alta,3,Produção,API,Não
506,2024-06-28,2024-06-30,Crítica,Fechado,Dashboard,Sprint 8,Rafael,49,Baixa,1,Homologação,API,Sim
507,2025-11-20,2025-11-22,Crítica,Aberto,Pagamento,Sprint 2,Marcos,65,Baixa,1,Homologação,Frontend,Sim
508,2024-10-02,2024-10-03,Alta,Aberto,Mobile App,Sprint 4,João,24,Baixa,1,Homologação,API,Sim
509,2025-09-16,2025-09-18,Crítica,Fechado,Pagamento,Sprint 10,Ana,62,Alta,3,Homologação,Frontend,Sim
510,2026-03-21,2026-03-21,Média,Aberto,Mobile App,Sprint 9,Carlos,6,Baixa,1,Produção,Frontend,Sim
511,2025-12-22,2025-12-23,Crítica,Aberto,Mobile App,Sprint 12,Juliana,34,Baixa,1,Homologação,Frontend,Sim
512,2024-09-01,2024-09-03,Crítica,Fechado,Pagamento,Sprint 4,Rafael,58,Alta,3,Homologação,API,Sim
513,2025-09-05,2025-09-09,Média,Fechado,Pagamento,Sprint 12,Juliana,102,Alta,3,Homologação,Backend,Sim
514,2025-05-30,2025-05-31,Crítica,Aberto,Login,Sprint 1,Ana,30,Média,2,Homologação,Frontend,Sim
515,2024-09-26,2024-09-26,Baixa,Aberto,Login,Sprint 8,Juliana,23,Média,2,Produção,API,Sim
516,2024-06-04,2024-06-08,Crítica,Fechado,Dashboard,Sprint 1,Juliana,115,Alta,3,Homologação,Frontend,Não
517,2025-02-02,2025-02-06,Alta,Aberto,API Clientes,Sprint 3,Fernanda,102,Média,2,Homologação,Frontend,Sim
518,2026-04-11,2026-04-12,Crítica,Fechado,Pagamento,Sprint 1,Juliana,37,Alta,3,Produção,API,Sim
519,2025-07-19,2025-07-21,Crítica,Aberto,Mobile App,Sprint 6,João,67,Baixa,1,Homologação,Frontend,Sim
520,2024-12-30,2025-01-01,Alta,Fechado,Relatórios,Sprint 7,Marcos,55,Alta,3,Homologação,API,Não
521,2024-06-01,2024-06-04,Média,Fechado,Relatórios,Sprint 9,João,88,Média,2,Produção,Backend,Não
522,2024-09-27,2024-09-28,Alta,Fechado,Mobile App,Sprint 3,Rafael,33,Média,2,Produção,API,Sim
523,2026-01-17,2026-01-19,Média,Aberto,Pagamento,Sprint 9,João,58,Alta,3,Homologação,API,Sim
524,2025-07-30,2025-07-30,Baixa,Aberto,Pagamento,Sprint 8,Marcos,21,Média,2,Homologação,Frontend,Sim
525,2024-12-12,2024-12-13,Alta,Aberto,Relatórios,Sprint 1,Juliana,34,Baixa,1,Homologação,Backend,Não
526,2025-07-11,2025-07-14,Baixa,Aberto,Mobile App,Sprint 8,João,92,Alta,3,Produção,Frontend,Não
527,2025-08-02,2025-08-03,Média,Aberto,Mobile App,Sprint 1,Fernanda,25,Baixa,1,Produção,API,Sim
528,2024-12-09,2024-12-09,Alta,Fechado,Dashboard,Sprint 11,João,21,Baixa,1,Homologação,API,Sim
529,2026-02-11,2026-02-13,Baixa,Aberto,Relatórios,Sprint 5,Juliana,67,Baixa,1,Homologação,Backend,Não
530,2024-12-04,2024-12-05,Média,Fechado,API Clientes,Sprint 10,Carlos,29,Alta,3,Homologação,Frontend,Não
531,2025-02-06,2025-02-08,Baixa,Fechado,Dashboard,Sprint 2,Rafael,65,Baixa,1,Homologação,API,Não
532,2026-04-06,2026-04-09,Crítica,Fechado,Pagamento,Sprint 6,Rafael,89,Média,2,Homologação,API,Não
533,2025-02-22,2025-02-26,Baixa,Fechado,Login,Sprint 5,Carlos,115,Alta,3,Homologação,API,Sim
534,2025-07-21,2025-07-24,Média,Fechado,API Clientes,Sprint 6,Marcos,87,Alta,3,Produção,API,Não
535,2025-03-15,2025-03-16,Baixa,Fechado,Mobile App,Sprint 12,Rafael,32,Média,2,Homologação,Frontend,Sim
536,2025-07-26,2025-07-28,Alta,Aberto,Relatórios,Sprint 5,Ana,61,Média,2,Produção,Backend,Sim
537,2025-08-14,2025-08-15,Média,Fechado,Pagamento,Sprint 4,Ana,31,Alta,3,Produção,API,Não
538,2026-05-01,2026-05-01,Baixa,Aberto,Mobile App,Sprint 11,João,20,Baixa,1,Produção,API,Sim
539,2024-06-03,2024-06-07,Alta,Fechado,API Clientes,Sprint 10,Rafael,109,Média,2,Homologação,Backend,Sim
540,2025-04-01,2025-04-05,Alta,Fechado,Pagamento,Sprint 10,Ana,98,Alta,3,Produção,API,Não
541,2024-07-14,2024-07-16,Baixa,Fechado,API Clientes,Sprint 11,Rafael,62,Alta,3,Produção,Backend,Sim
542,2024-10-09,2024-10-12,Crítica,Fechado,Mobile App,Sprint 1,Carlos,90,Alta,3,Produção,Backend,Sim
543,2025-12-02,2025-12-03,Alta,Aberto,Relatórios,Sprint 5,Ana,42,Média,2,Homologação,Backend,Não
544,2024-06-14,2024-06-15,Crítica,Fechado,Pagamento,Sprint 7,Juliana,47,Baixa,1,Homologação,Backend,Não
545,2026-02-14,2026-02-15,Média,Aberto,Relatórios,Sprint 11,Ana,36,Média,2,Produção,API,Não
546,2025-09-07,2025-09-11,Crítica,Fechado,Pagamento,Sprint 3,Rafael,103,Baixa,1,Produção,Backend,Sim
547,2025-01-20,2025-01-20,Crítica,Aberto,Mobile App,Sprint 9,Marcos,23,Média,2,Homologação,Backend,Não
548,2026-05-01,2026-05-02,Baixa,Fechado,Login,Sprint 12,Ana,33,Alta,3,Produção,Frontend,Não
549,2025-08-04,2025-08-06,Baixa,Fechado,Mobile App,Sprint 6,Fernanda,61,Alta,3,Homologação,Backend,Não
550,2024-12-10,2024-12-11,Crítica,Aberto,Dashboard,Sprint 11,Marcos,45,Baixa,1,Produção,API,Sim
551,2024-11-16,2024-11-20,Alta,Fechado,Mobile App,Sprint 9,João,100,Média,2,Homologação,Frontend,Não
552,2024-09-18,2024-09-21,Crítica,Aberto,Pagamento,Sprint 11,Rafael,79,Média,2,Homologação,Backend,Não
553,2024-08-08,2024-08-12,Baixa,Aberto,Dashboard,Sprint 4,Fernanda,109,Baixa,1,Homologação,API,Não
554,2024-08-22,2024-08-25,Crítica,Fechado,API Clientes,Sprint 6,Juliana,91,Média,2,Homologação,Backend,Sim
555,2025-02-07,2025-02-08,Média,Aberto,Mobile App,Sprint 5,Juliana,24,Baixa,1,Produção,Frontend,Sim
556,2024-09-08,2024-09-10,Baixa,Aberto,API Clientes,Sprint 9,Carlos,51,Baixa,1,Produção,Backend,Sim
557,2024-12-09,2024-12-09,Média,Aberto,Mobile App,Sprint 7,Fernanda,14,Média,2,Produção,Frontend,Não
558,2025-06-11,2025-06-13,Média,Aberto,Relatórios,Sprint 3,Carlos,57,Alta,3,Produção,API,Não
559,2026-04-06,2026-04-10,Crítica,Fechado,Relatórios,Sprint 5,Marcos,111,Média,2,Homologação,Frontend,Sim
560,2025-03-19,2025-03-22,Crítica,Fechado,Relatórios,Sprint 11,Juliana,76,Alta,3,Homologação,Backend,Não
561,2026-02-06,2026-02-08,Baixa,Fechado,Dashboard,Sprint 6,João,70,Baixa,1,Homologação,Frontend,Não
562,2024-05-21,2024-05-21,Média,Fechado,Dashboard,Sprint 8,Marcos,2,Baixa,1,Produção,API,Não
563,2025-07-02,2025-07-06,Alta,Aberto,API Clientes,Sprint 5,Marcos,97,Média,2,Produção,Frontend,Não
564,2025-07-25,2025-07-26,Crítica,Fechado,Pagamento,Sprint 3,Juliana,25,Média,2,Homologação,Backend,Sim
565,2025-01-02,2025-01-03,Crítica,Aberto,Relatórios,Sprint 10,Rafael,34,Baixa,1,Homologação,Backend,Não
566,2025-07-02,2025-07-04,Baixa,Aberto,Pagamento,Sprint 5,Carlos,53,Baixa,1,Homologação,API,Não
567,2025-08-31,2025-09-01,Crítica,Aberto,Dashboard,Sprint 1,Ana,35,Alta,3,Produção,API,Sim
568,2025-10-30,2025-10-31,Alta,Fechado,Pagamento,Sprint 12,João,24,Baixa,1,Produção,Frontend,Sim
569,2026-04-13,2026-04-13,Crítica,Aberto,Dashboard,Sprint 7,Fernanda,20,Baixa,1,Homologação,Backend,Não
570,2024-11-05,2024-11-08,Alta,Aberto,Pagamento,Sprint 1,Fernanda,90,Baixa,1,Homologação,Frontend,Não
571,2025-02-01,2025-02-02,Alta,Fechado,Login,Sprint 2,Rafael,24,Baixa,1,Produção,Backend,Não
572,2025-09-14,2025-09-15,Baixa,Aberto,API Clientes,Sprint 12,Rafael,32,Alta,3,Produção,API,Sim
573,2026-01-23,2026-01-25,Alta,Fechado,Pagamento,Sprint 11,Juliana,61,Média,2,Produção,API,Sim
574,2024-09-16,2024-09-17,Alta,Aberto,Dashboard,Sprint 1,Rafael,33,Média,2,Produção,Frontend,Sim
575,2024-05-12,2024-05-15,Alta,Aberto,Pagamento,Sprint 5,Marcos,82,Média,2,Produção,Backend,Sim
576,2024-10-18,2024-10-18,Crítica,Aberto,Dashboard,Sprint 2,Ana,2,Baixa,1,Produção,Backend,Sim
577,2025-09-01,2025-09-04,Alta,Aberto,Login,Sprint 6,Juliana,88,Alta,3,Produção,API,Sim
578,2024-06-13,2024-06-13,Média,Fechado,Relatórios,Sprint 11,Rafael,17,Média,2,Homologação,Backend,Sim
579,2025-11-30,2025-11-30,Crítica,Fechado,Mobile App,Sprint 3,Fernanda,3,Alta,3,Produção,Backend,Não
580,2025-01-06,2025-01-09,Crítica,Aberto,Relatórios,Sprint 3,Marcos,72,Média,2,Homologação,Backend,Não
581,2026-01-06,2026-01-07,Média,Aberto,Relatórios,Sprint 3,João,36,Alta,3,Homologação,Backend,Não
582,2024-07-09,2024-07-11,Crítica,Aberto,Login,Sprint 10,Rafael,59,Baixa,1,Homologação,API,Sim
583,2024-11-02,2024-11-03,Baixa,Fechado,Pagamento,Sprint 9,Juliana,42,Alta,3,Homologação,API,Sim
584,2025-11-23,2025-11-26,Alta,Fechado,Mobile App,Sprint 6,Carlos,79,Média,2,Produção,API,Sim
585,2025-06-13,2025-06-13,Média,Aberto,Pagamento,Sprint 2,João,6,Baixa,1,Produção,Frontend,Sim
586,2025-08-13,2025-08-16,Crítica,Fechado,Relatórios,Sprint 10,Juliana,74,Alta,3,Homologação,Frontend,Não
587,2025-01-20,2025-01-21,Baixa,Aberto,Pagamento,Sprint 11,João,29,Alta,3,Produção,Backend,Sim
588,2026-03-29,2026-03-30,Crítica,Fechado,Mobile App,Sprint 1,Rafael,47,Alta,3,Homologação,API,Sim
589,2025-08-09,2025-08-12,Alta,Aberto,Pagamento,Sprint 9,Carlos,94,Baixa,1,Produção,API,Sim
590,2025-02-12,2025-02-14,Média,Aberto,Relatórios,Sprint 11,Ana,69,Média,2,Produção,API,Não
591,2025-08-24,2025-08-28,Alta,Fechado,Mobile App,Sprint 11,João,96,Baixa,1,Produção,Frontend,Sim
592,2026-03-19,2026-03-21,Alta,Aberto,Relatórios,Sprint 10,João,71,Média,2,Homologação,Backend,Não
593,2024-07-18,2024-07-22,Crítica,Fechado,Mobile App,Sprint 6,Marcos,109,Média,2,Produção,API,Sim
594,2025-08-17,2025-08-19,Alta,Fechado,API Clientes,Sprint 8,João,49,Alta,3,Produção,API,Sim
595,2024-11-27,2024-11-28,Baixa,Aberto,Dashboard,Sprint 1,Fernanda,37,Alta,3,Produção,Frontend,Não
596,2025-08-17,2025-08-17,Alta,Aberto,Login,Sprint 1,João,3,Alta,3,Homologação,Frontend,Sim
597,2025-02-27,2025-02-28,Média,Aberto,Dashboard,Sprint 5,Carlos,34,Média,2,Homologação,API,Sim
598,2025-02-12,2025-02-15,Alta,Fechado,Pagamento,Sprint 8,Rafael,94,Baixa,1,Produção,API,Não
599,2025-12-10,2025-12-10,Crítica,Aberto,Login,Sprint 6,Fernanda,5,Alta,3,Homologação,Backend,Sim
600,2025-09-08,2025-09-12,Baixa,Fechado,Login,Sprint 5,Marcos,112,Baixa,1,Produção,Backend,Sim
601,2026-04-06,2026-04-07,Média,Aberto,Login,Sprint 11,Juliana,42,Alta,3,Homologação,Backend,Sim
602,2026-02-17,2026-02-18,Alta,Fechado,Pagamento,Sprint 3,Fernanda,29,Média,2,Produção,Backend,Sim
603,2025-04-28,2025-04-30,Alta,Aberto,API Clientes,Sprint 9,João,71,Média,2,Produção,Frontend,Não
604,2024-07-20,2024-07-23,Crítica,Fechado,Mobile App,Sprint 10,Ana,72,Baixa,1,Produção,Frontend,Sim
605,2024-12-25,2024-12-26,Alta,Aberto,Login,Sprint 11,João,35,Média,2,Homologação,Backend,Não
606,2026-01-10,2026-01-11,Alta,Aberto,Dashboard,Sprint 3,Fernanda,25,Média,2,Homologação,API,Sim
607,2024-08-05,2024-08-07,Média,Aberto,Mobile App,Sprint 6,Ana,57,Baixa,1,Produção,Frontend,Sim
608,2026-04-30,2026-05-01,Média,Fechado,Login,Sprint 6,Juliana,32,Alta,3,Produção,Backend,Não
609,2025-05-12,2025-05-14,Alta,Aberto,Mobile App,Sprint 9,Ana,61,Baixa,1,Produção,API,Não
610,2024-09-18,2024-09-20,Média,Aberto,API Clientes,Sprint 10,Juliana,71,Média,2,Produção,Backend,Sim
611,2024-05-29,2024-05-29,Média,Fechado,Login,Sprint 8,Juliana,8,Média,2,Produção,Frontend,Não
612,2024-05-09,2024-05-12,Alta,Aberto,Login,Sprint 5,Rafael,85,Média,2,Homologação,Frontend,Não
613,2026-04-18,2026-04-20,Baixa,Fechado,API Clientes,Sprint 10,Marcos,66,Alta,3,Produção,Frontend,Sim
614,2026-02-22,2026-02-24,Baixa,Aberto,Pagamento,Sprint 9,Fernanda,65,Média,2,Homologação,Backend,Não
615,2025-02-27,2025-03-03,Baixa,Fechado,Mobile App,Sprint 6,Fernanda,96,Baixa,1,Homologação,Frontend,Não
616,2025-01-17,2025-01-21,Alta,Fechado,Login,Sprint 9,Fernanda,104,Baixa,1,Produção,Frontend,Não
617,2024-08-10,2024-08-14,Média,Aberto,Mobile App,Sprint 7,Marcos,115,Média,2,Produção,Backend,Sim
618,2025-01-20,2025-01-23,Crítica,Fechado,Relatórios,Sprint 6,João,74,Baixa,1,Produção,Frontend,Sim
619,2025-07-19,2025-07-22,Média,Aberto,Dashboard,Sprint 12,Juliana,75,Alta,3,Produção,Backend,Sim
620,2025-10-08,2025-10-11,Média,Fechado,Login,Sprint 9,Marcos,84,Alta,3,Produção,Frontend,Não
621,2024-06-27,2024-07-01,Baixa,Fechado,API Clientes,Sprint 7,Fernanda,108,Baixa,1,Homologação,API,Não
622,2025-03-18,2025-03-18,Baixa,Aberto,Pagamento,Sprint 1,Rafael,20,Baixa,1,Homologação,API,Sim
623,2025-02-28,2025-03-03,Média,Aberto,Dashboard,Sprint 2,Juliana,77,Baixa,1,Homologação,Frontend,Não
624,2025-10-15,2025-10-18,Alta,Aberto,API Clientes,Sprint 8,João,92,Alta,3,Produção,Frontend,Sim
625,2025-05-04,2025-05-05,Crítica,Aberto,Dashboard,Sprint 7,Ana,29,Baixa,1,Produção,Frontend,Sim
626,2025-07-03,2025-07-03,Crítica,Fechado,API Clientes,Sprint 4,João,23,Média,2,Homologação,Frontend,Não
627,2025-06-06,2025-06-09,Crítica,Aberto,Relatórios,Sprint 2,João,93,Média,2,Homologação,Frontend,Sim
628,2026-04-21,2026-04-23,Crítica,Aberto,Relatórios,Sprint 7,Marcos,67,Alta,3,Produção,Frontend,Não
629,2024-08-16,2024-08-18,Alta,Fechado,API Clientes,Sprint 3,João,57,Média,2,Homologação,API,Sim
630,2025-12-26,2025-12-29,Média,Fechado,Mobile App,Sprint 8,Carlos,89,Alta,3,Produção,Frontend,Sim
631,2025-11-17,2025-11-19,Alta,Fechado,Login,Sprint 3,João,51,Média,2,Produção,Backend,Sim
632,2025-03-02,2025-03-03,Média,Aberto,Login,Sprint 2,Juliana,33,Média,2,Homologação,API,Não
633,2025-01-18,2025-01-18,Crítica,Aberto,API Clientes,Sprint 9,João,11,Alta,3,Produção,Frontend,Não
634,2024-07-07,2024-07-10,Média,Aberto,Pagamento,Sprint 3,Rafael,73,Alta,3,Produção,Backend,Não
635,2025-07-08,2025-07-09,Crítica,Fechado,Mobile App,Sprint 3,Carlos,40,Alta,3,Produção,Frontend,Sim
636,2024-10-13,2024-10-16,Baixa,Fechado,API Clientes,Sprint 8,Marcos,80,Média,2,Produção,API,Não
637,2024-11-05,2024-11-06,Crítica,Fechado,API Clientes,Sprint 8,Carlos,31,Baixa,1,Produção,Frontend,Não
638,2024-10-08,2024-10-11,Média,Aberto,Pagamento,Sprint 3,Carlos,80,Alta,3,Homologação,Frontend,Sim
639,2025-07-26,2025-07-30,Alta,Fechado,Login,Sprint 1,Carlos,110,Baixa,1,Homologação,Frontend,Sim
640,2025-04-05,2025-04-08,Média,Fechado,Mobile App,Sprint 10,Fernanda,87,Média,2,Produção,Frontend,Não
641,2024-12-23,2024-12-24,Crítica,Aberto,API Clientes,Sprint 9,Carlos,42,Média,2,Homologação,Backend,Sim
642,2025-03-07,2025-03-07,Alta,Fechado,Relatórios,Sprint 7,Marcos,16,Alta,3,Produção,API,Sim
643,2024-11-14,2024-11-17,Baixa,Aberto,API Clientes,Sprint 12,Juliana,79,Baixa,1,Homologação,Backend,Não
644,2024-05-22,2024-05-23,Alta,Aberto,Relatórios,Sprint 10,João,34,Alta,3,Homologação,Backend,Sim
645,2026-01-12,2026-01-16,Média,Fechado,Pagamento,Sprint 1,Carlos,114,Alta,3,Produção,Backend,Sim
646,2025-11-04,2025-11-07,Crítica,Fechado,Login,Sprint 6,Fernanda,95,Baixa,1,Produção,Frontend,Sim
647,2024-12-03,2024-12-06,Alta,Aberto,Dashboard,Sprint 5,Marcos,89,Média,2,Homologação,Frontend,Sim
648,2025-07-12,2025-07-15,Alta,Fechado,Mobile App,Sprint 10,Marcos,88,Média,2,Produção,Frontend,Sim
649,2025-08-13,2025-08-14,Crítica,Fechado,Login,Sprint 11,Ana,43,Média,2,Homologação,Frontend,Não
650,2025-12-07,2025-12-11,Alta,Fechado,API Clientes,Sprint 12,Carlos,115,Alta,3,Homologação,API,Não
651,2025-09-14,2025-09-17,Baixa,Aberto,Relatórios,Sprint 11,Fernanda,72,Alta,3,Homologação,Frontend,Sim
652,2026-05-01,2026-05-02,Alta,Fechado,Mobile App,Sprint 9,Rafael,36,Baixa,1,Produção,API,Não
653,2025-12-23,2025-12-24,Baixa,Fechado,Mobile App,Sprint 6,Juliana,24,Alta,3,Produção,Backend,Não
654,2025-10-15,2025-10-15,Média,Fechado,API Clientes,Sprint 5,Ana,12,Média,2,Homologação,Frontend,Sim
655,2025-11-16,2025-11-18,Média,Aberto,API Clientes,Sprint 9,Carlos,48,Baixa,1,Homologação,API,Sim
656,2025-02-14,2025-02-15,Crítica,Fechado,Dashboard,Sprint 3,Rafael,25,Média,2,Produção,API,Sim
657,2026-02-08,2026-02-09,Baixa,Fechado,API Clientes,Sprint 12,Rafael,27,Alta,3,Produção,Frontend,Não
658,2025-11-21,2025-11-26,Baixa,Fechado,API Clientes,Sprint 1,Carlos,120,Baixa,1,Homologação,Frontend,Não
659,2026-01-05,2026-01-08,Alta,Aberto,Pagamento,Sprint 5,Fernanda,82,Baixa,1,Homologação,Backend,Sim
660,2025-01-08,2025-01-09,Média,Fechado,Login,Sprint 1,Marcos,35,Baixa,1,Produção,Frontend,Não
661,2024-12-18,2024-12-20,Alta,Aberto,Mobile App,Sprint 5,Marcos,71,Média,2,Produção,Frontend,Sim
662,2026-03-27,2026-03-28,Alta,Fechado,Login,Sprint 3,Carlos,40,Alta,3,Homologação,API,Sim
663,2025-03-05,2025-03-05,Baixa,Aberto,API Clientes,Sprint 7,Ana,14,Média,2,Homologação,API,Não
664,2025-11-12,2025-11-13,Média,Aberto,API Clientes,Sprint 10,Ana,40,Média,2,Produção,API,Não
665,2025-12-03,2025-12-03,Alta,Fechado,API Clientes,Sprint 4,Ana,13,Média,2,Produção,API,Não
666,2025-05-23,2025-05-27,Crítica,Aberto,Mobile App,Sprint 11,Fernanda,117,Média,2,Homologação,Backend,Não
667,2024-06-06,2024-06-06,Crítica,Aberto,Dashboard,Sprint 8,João,4,Baixa,1,Produção,Backend,Não
668,2025-06-29,2025-07-02,Média,Aberto,API Clientes,Sprint 12,Rafael,78,Alta,3,Produção,Backend,Sim
669,2024-05-22,2024-05-26,Crítica,Fechado,Relatórios,Sprint 7,Ana,102,Média,2,Produção,API,Sim
670,2024-10-22,2024-10-24,Baixa,Fechado,Pagamento,Sprint 12,Marcos,62,Média,2,Homologação,Backend,Não
671,2025-03-28,2025-03-30,Média,Aberto,Mobile App,Sprint 11,Carlos,70,Alta,3,Homologação,Frontend,Não
672,2025-07-30,2025-07-31,Baixa,Fechado,Pagamento,Sprint 5,João,42,Alta,3,Produção,API,Sim
673,2025-06-23,2025-06-26,Crítica,Fechado,API Clientes,Sprint 11,Juliana,88,Alta,3,Produção,Frontend,Sim
674,2024-05-20,2024-05-24,Baixa,Aberto,Mobile App,Sprint 3,João,105,Baixa,1,Homologação,Backend,Não
675,2024-07-21,2024-07-22,Alta,Fechado,Relatórios,Sprint 11,Fernanda,26,Baixa,1,Homologação,API,Não
676,2025-06-27,2025-06-27,Baixa,Fechado,Pagamento,Sprint 5,Carlos,12,Alta,3,Homologação,API,Sim
677,2024-07-29,2024-07-29,Alta,Aberto,Dashboard,Sprint 1,Ana,1,Alta,3,Homologação,API,Não
678,2025-03-25,2025-03-28,Crítica,Fechado,API Clientes,Sprint 7,Marcos,81,Média,2,Produção,API,Sim
679,2024-07-15,2024-07-17,Média,Fechado,Dashboard,Sprint 7,Ana,61,Baixa,1,Homologação,API,Sim
680,2025-06-09,2025-06-09,Baixa,Aberto,Pagamento,Sprint 12,João,18,Baixa,1,Homologação,Frontend,Sim
681,2024-06-18,2024-06-18,Crítica,Fechado,Mobile App,Sprint 10,João,18,Alta,3,Produção,Backend,Não
682,2024-06-06,2024-06-08,Crítica,Fechado,Pagamento,Sprint 3,João,71,Média,2,Produção,API,Não
683,2025-11-30,2025-12-04,Média,Fechado,API Clientes,Sprint 9,Marcos,109,Alta,3,Homologação,Frontend,Sim
684,2025-06-30,2025-07-03,Alta,Aberto,Relatórios,Sprint 8,Juliana,73,Média,2,Produção,Frontend,Não
685,2026-02-20,2026-02-22,Baixa,Aberto,Pagamento,Sprint 8,Juliana,60,Alta,3,Produção,API,Não
686,2024-09-14,2024-09-17,Alta,Aberto,API Clientes,Sprint 8,Marcos,79,Baixa,1,Homologação,API,Não
687,2025-05-24,2025-05-26,Alta,Fechado,Pagamento,Sprint 1,Juliana,54,Média,2,Homologação,API,Não
688,2024-06-08,2024-06-08,Crítica,Aberto,Relatórios,Sprint 1,Juliana,8,Alta,3,Homologação,API,Sim
689,2024-10-14,2024-10-15,Baixa,Aberto,Relatórios,Sprint 2,Rafael,37,Média,2,Homologação,Backend,Sim
690,2024-06-07,2024-06-10,Alta,Fechado,Login,Sprint 12,Carlos,79,Média,2,Produção,API,Sim
691,2026-02-05,2026-02-08,Alta,Aberto,Dashboard,Sprint 12,Ana,85,Média,2,Homologação,Frontend,Sim
692,2025-09-17,2025-09-18,Média,Aberto,API Clientes,Sprint 7,Rafael,44,Baixa,1,Homologação,Frontend,Não
693,2024-12-19,2024-12-22,Média,Aberto,Relatórios,Sprint 12,Rafael,93,Alta,3,Homologação,Frontend,Não
694,2024-11-19,2024-11-23,Baixa,Aberto,API Clientes,Sprint 7,João,97,Baixa,1,Homologação,Backend,Sim
695,2026-04-24,2026-04-26,Crítica,Fechado,Dashboard,Sprint 3,Marcos,49,Alta,3,Homologação,Frontend,Não
696,2024-09-02,2024-09-06,Crítica,Fechado,Relatórios,Sprint 11,Carlos,119,Média,2,Produção,API,Não
697,2026-03-15,2026-03-19,Alta,Fechado,Dashboard,Sprint 5,Rafael,109,Média,2,Produção,Backend,Não
698,2024-10-14,2024-10-16,Média,Aberto,Relatórios,Sprint 6,Juliana,60,Alta,3,Produção,Backend,Sim
699,2025-10-23,2025-10-26,Baixa,Aberto,API Clientes,Sprint 2,Marcos,87,Baixa,1,Produção,API,Não
700,2024-12-02,2024-12-03,Alta,Fechado,Pagamento,Sprint 1,Carlos,45,Baixa,1,Produção,Frontend,Sim
701,2025-04-21,2025-04-24,Baixa,Aberto,Login,Sprint 10,Ana,77,Alta,3,Homologação,API,Sim
702,2025-06-27,2025-07-01,Média,Fechado,Dashboard,Sprint 8,Juliana,115,Baixa,1,Produção,API,Não
703,2024-08-24,2024-08-28,Crítica,Fechado,Dashboard,Sprint 3,Rafael,119,Média,2,Produção,Backend,Sim
704,2025-11-07,2025-11-09,Alta,Aberto,Dashboard,Sprint 5,Ana,49,Média,2,Homologação,Frontend,Não
705,2025-03-03,2025-03-07,Crítica,Aberto,Mobile App,Sprint 8,Carlos,119,Baixa,1,Produção,API,Não
706,2026-01-16,2026-01-17,Baixa,Fechado,Mobile App,Sprint 5,Carlos,28,Alta,3,Produção,Frontend,Sim
707,2025-11-29,2025-12-02,Alta,Fechado,Login,Sprint 8,Ana,74,Alta,3,Produção,Frontend,Não
708,2024-11-14,2024-11-15,Alta,Fechado,Relatórios,Sprint 1,Marcos,35,Baixa,1,Homologação,Backend,Não
709,2024-06-07,2024-06-09,Baixa,Aberto,Login,Sprint 7,Juliana,52,Alta,3,Homologação,Frontend,Não
710,2025-02-23,2025-02-24,Alta,Fechado,Login,Sprint 11,Juliana,43,Alta,3,Produção,Backend,Não
711,2026-04-26,2026-04-26,Alta,Aberto,Pagamento,Sprint 9,Carlos,11,Média,2,Homologação,API,Sim
712,2025-07-26,2025-07-27,Crítica,Aberto,Mobile App,Sprint 12,Fernanda,39,Alta,3,Homologação,Frontend,Não
713,2025-03-03,2025-03-06,Média,Aberto,Pagamento,Sprint 1,Juliana,95,Baixa,1,Produção,Backend,Não
714,2025-02-05,2025-02-05,Alta,Fechado,Relatórios,Sprint 8,Carlos,9,Alta,3,Produção,Backend,Sim
715,2024-11-28,2024-11-29,Baixa,Fechado,Login,Sprint 4,Rafael,44,Alta,3,Homologação,API,Sim
716,2026-04-25,2026-04-28,Média,Aberto,Login,Sprint 12,Ana,95,Alta,3,Homologação,API,Sim
717,2025-09-18,2025-09-20,Baixa,Aberto,Mobile App,Sprint 11,Ana,61,Alta,3,Produção,Frontend,Sim
718,2026-01-07,2026-01-11,Baixa,Fechado,Relatórios,Sprint 3,Rafael,116,Média,2,Produção,Frontend,Sim
719,2025-11-30,2025-12-02,Média,Aberto,Pagamento,Sprint 7,Fernanda,64,Alta,3,Homologação,Backend,Sim
720,2025-09-18,2025-09-21,Média,Fechado,Pagamento,Sprint 1,Marcos,88,Alta,3,Produção,Backend,Sim
721,2024-08-04,2024-08-04,Média,Fechado,Pagamento,Sprint 12,Fernanda,16,Média,2,Produção,Backend,Sim
722,2025-12-31,2026-01-04,Baixa,Aberto,Login,Sprint 11,Marcos,119,Alta,3,Homologação,Frontend,Sim
723,2025-03-23,2025-03-27,Baixa,Aberto,Login,Sprint 3,Carlos,113,Média,2,Homologação,Backend,Não
724,2025-08-21,2025-08-24,Média,Aberto,Mobile App,Sprint 5,Marcos,89,Baixa,1,Homologação,Backend,Sim
725,2025-01-03,2025-01-03,Baixa,Aberto,Mobile App,Sprint 8,Marcos,23,Alta,3,Produção,API,Não
726,2025-10-18,2025-10-19,Baixa,Aberto,Pagamento,Sprint 2,Marcos,45,Média,2,Produção,API,Não
727,2025-05-13,2025-05-17,Média,Fechado,Mobile App,Sprint 11,Ana,111,Alta,3,Homologação,Frontend,Sim
728,2025-11-13,2025-11-13,Crítica,Fechado,Pagamento,Sprint 3,Juliana,15,Baixa,1,Produção,Frontend,Não
729,2025-04-26,2025-04-27,Crítica,Fechado,Dashboard,Sprint 10,Rafael,37,Baixa,1,Homologação,Frontend,Sim
730,2024-05-21,2024-05-24,Média,Aberto,Login,Sprint 8,Marcos,95,Baixa,1,Produção,Frontend,Sim
731,2025-02-25,2025-02-28,Alta,Fechado,Pagamento,Sprint 12,Juliana,93,Média,2,Homologação,Frontend,Sim
732,2025-03-05,2025-03-06,Baixa,Aberto,Mobile App,Sprint 7,Rafael,42,Baixa,1,Produção,Backend,Sim
733,2025-08-18,2025-08-18,Crítica,Aberto,API Clientes,Sprint 3,Ana,10,Média,2,Homologação,Frontend,Não
734,2025-01-30,2025-02-01,Crítica,Aberto,Mobile App,Sprint 6,Fernanda,48,Baixa,1,Produção,Backend,Sim
735,2024-07-08,2024-07-08,Baixa,Fechado,Pagamento,Sprint 2,Rafael,5,Alta,3,Homologação,Backend,Não
736,2025-02-01,2025-02-01,Média,Fechado,Relatórios,Sprint 3,Rafael,22,Média,2,Produção,API,Sim
737,2026-01-12,2026-01-12,Crítica,Aberto,Relatórios,Sprint 8,Rafael,12,Média,2,Homologação,Backend,Sim
738,2025-02-24,2025-02-27,Média,Aberto,Dashboard,Sprint 7,Marcos,94,Média,2,Produção,API,Sim
739,2025-02-25,2025-03-01,Baixa,Fechado,Login,Sprint 1,João,117,Alta,3,Produção,Backend,Não
740,2025-12-08,2025-12-10,Baixa,Fechado,API Clientes,Sprint 4,Carlos,62,Alta,3,Produção,API,Não
741,2025-01-16,2025-01-17,Alta,Fechado,Pagamento,Sprint 11,Carlos,28,Baixa,1,Produção,Backend,Não
742,2024-11-17,2024-11-17,Crítica,Aberto,API Clientes,Sprint 8,Rafael,21,Alta,3,Produção,API,Não
743,2024-07-21,2024-07-22,Crítica,Aberto,Mobile App,Sprint 2,João,24,Média,2,Homologação,API,Sim
744,2026-02-23,2026-02-24,Alta,Aberto,Mobile App,Sprint 2,Marcos,38,Média,2,Homologação,API,Sim
745,2024-05-15,2024-05-17,Alta,Aberto,Login,Sprint 7,Fernanda,66,Alta,3,Homologação,API,Sim
746,2024-12-30,2024-12-31,Média,Aberto,Relatórios,Sprint 12,Rafael,47,Média,2,Produção,Frontend,Não
747,2026-04-02,2026-04-03,Baixa,Fechado,Mobile App,Sprint 10,Rafael,31,Alta,3,Produção,API,Sim
748,2025-06-27,2025-06-28,Alta,Fechado,Dashboard,Sprint 1,Carlos,42,Média,2,Homologação,Backend,Não
749,2026-02-25,2026-02-27,Baixa,Fechado,Mobile App,Sprint 9,Juliana,63,Alta,3,Homologação,Backend,Não
750,2026-04-11,2026-04-15,Baixa,Aberto,API Clientes,Sprint 2,Carlos,103,Alta,3,Homologação,Frontend,Não
751,2025-01-03,2025-01-03,Média,Fechado,Login,Sprint 12,Ana,10,Baixa,1,Homologação,Frontend,Sim
752,2024-07-13,2024-07-15,Baixa,Fechado,API Clientes,Sprint 11,Marcos,67,Alta,3,Produção,Backend,Não
753,2025-07-10,2025-07-12,Baixa,Fechado,Pagamento,Sprint 2,Carlos,54,Média,2,Produção,API,Não
754,2025-06-12,2025-06-14,Alta,Fechado,API Clientes,Sprint 10,Juliana,53,Alta,3,Homologação,Backend,Não
755,2025-03-10,2025-03-13,Alta,Aberto,Dashboard,Sprint 4,João,73,Baixa,1,Homologação,Backend,Sim
756,2024-11-03,2024-11-03,Alta,Fechado,Pagamento,Sprint 10,Ana,19,Média,2,Homologação,Frontend,Sim
757,2025-02-20,2025-02-24,Média,Aberto,Pagamento,Sprint 2,Carlos,108,Alta,3,Homologação,API,Sim
758,2025-07-09,2025-07-11,Alta,Aberto,Pagamento,Sprint 9,Juliana,57,Média,2,Produção,API,Não
759,2025-09-10,2025-09-11,Alta,Fechado,Relatórios,Sprint 3,Marcos,45,Baixa,1,Homologação,Frontend,Sim
760,2025-04-09,2025-04-11,Média,Fechado,Dashboard,Sprint 3,Carlos,52,Média,2,Homologação,API,Não
761,2025-11-20,2025-11-22,Média,Fechado,Dashboard,Sprint 12,Carlos,61,Média,2,Homologação,Frontend,Sim
762,2025-02-16,2025-02-19,Baixa,Fechado,Login,Sprint 7,Marcos,87,Alta,3,Produção,Backend,Não
763,2025-12-24,2025-12-24,Baixa,Aberto,Relatórios,Sprint 9,Ana,12,Média,2,Homologação,Frontend,Sim
764,2025-05-21,2025-05-21,Crítica,Aberto,Relatórios,Sprint 7,Ana,11,Alta,3,Homologação,Backend,Sim
765,2024-11-29,2024-12-03,Alta,Fechado,Pagamento,Sprint 12,Rafael,117,Alta,3,Homologação,Backend,Não
766,2025-10-12,2025-10-14,Alta,Fechado,Dashboard,Sprint 5,João,48,Baixa,1,Produção,Frontend,Não
767,2025-05-25,2025-05-28,Crítica,Fechado,Pagamento,Sprint 12,João,95,Média,2,Homologação,Frontend,Sim
768,2025-06-06,2025-06-06,Alta,Fechado,Relatórios,Sprint 6,Carlos,19,Baixa,1,Homologação,Frontend,Sim
769,2024-11-19,2024-11-21,Alta,Fechado,Pagamento,Sprint 9,João,53,Alta,3,Produção,Frontend,Sim
770,2025-12-17,2025-12-21,Alta,Fechado,Login,Sprint 5,Rafael,107,Média,2,Homologação,Backend,Não
771,2025-11-29,2025-11-30,Baixa,Aberto,Dashboard,Sprint 5,Juliana,29,Baixa,1,Homologação,Frontend,Não
772,2024-07-18,2024-07-20,Crítica,Aberto,Login,Sprint 2,Rafael,54,Baixa,1,Homologação,Backend,Sim
773,2025-06-11,2025-06-14,Alta,Fechado,Relatórios,Sprint 7,Rafael,77,Alta,3,Homologação,API,Não
774,2024-12-29,2025-01-01,Alta,Aberto,Dashboard,Sprint 3,Marcos,89,Baixa,1,Produção,Frontend,Não
775,2025-03-18,2025-03-20,Média,Fechado,Pagamento,Sprint 1,Fernanda,60,Alta,3,Homologação,Backend,Não
776,2026-02-23,2026-02-23,Alta,Aberto,Relatórios,Sprint 4,Rafael,7,Média,2,Produção,Frontend,Sim
777,2024-09-28,2024-09-30,Alta,Fechado,Dashboard,Sprint 11,Juliana,70,Média,2,Homologação,Frontend,Não
778,2024-06-15,2024-06-19,Baixa,Aberto,Relatórios,Sprint 5,Fernanda,106,Baixa,1,Homologação,Backend,Não
779,2024-11-04,2024-11-08,Baixa,Aberto,Pagamento,Sprint 9,Ana,118,Baixa,1,Produção,API,Sim
780,2025-09-03,2025-09-05,Baixa,Aberto,Pagamento,Sprint 1,João,54,Média,2,Homologação,Backend,Não
781,2025-08-22,2025-08-22,Alta,Aberto,Mobile App,Sprint 5,Carlos,18,Média,2,Produção,Frontend,Sim
782,2025-07-03,2025-07-07,Média,Aberto,Dashboard,Sprint 3,Ana,110,Alta,3,Produção,Frontend,Não
783,2026-02-22,2026-02-25,Baixa,Aberto,API Clientes,Sprint 7,Carlos,89,Baixa,1,Produção,Frontend,Sim
784,2024-08-08,2024-08-12,Baixa,Fechado,Login,Sprint 5,Carlos,102,Alta,3,Produção,Backend,Sim
785,2024-08-18,2024-08-22,Baixa,Aberto,Relatórios,Sprint 4,Ana,97,Baixa,1,Homologação,Frontend,Sim
786,2024-05-23,2024-05-23,Alta,Fechado,Dashboard,Sprint 3,Rafael,19,Alta,3,Produção,API,Sim
787,2026-02-03,2026-02-03,Baixa,Aberto,Mobile App,Sprint 4,Fernanda,13,Alta,3,Produção,API,Sim
788,2025-03-20,2025-03-23,Média,Fechado,Dashboard,Sprint 12,Marcos,93,Baixa,1,Produção,Backend,Sim
789,2024-10-19,2024-10-20,Crítica,Fechado,Pagamento,Sprint 9,Ana,24,Média,2,Homologação,Frontend,Não
790,2025-10-09,2025-10-09,Baixa,Aberto,API Clientes,Sprint 6,Juliana,16,Média,2,Homologação,API,Sim
791,2026-02-13,2026-02-13,Crítica,Aberto,API Clientes,Sprint 5,João,11,Média,2,Homologação,API,Não
792,2024-11-11,2024-11-12,Crítica,Fechado,API Clientes,Sprint 4,Rafael,29,Alta,3,Produção,Backend,Não
793,2025-08-13,2025-08-13,Crítica,Aberto,API Clientes,Sprint 8,Marcos,23,Baixa,1,Produção,Frontend,Sim
794,2024-11-11,2024-11-13,Baixa,Aberto,Login,Sprint 6,Ana,51,Média,2,Homologação,Frontend,Não
795,2025-05-13,2025-05-13,Crítica,Fechado,Dashboard,Sprint 12,Rafael,16,Baixa,1,Homologação,API,Não
796,2025-03-30,2025-03-31,Crítica,Fechado,Relatórios,Sprint 5,Ana,46,Média,2,Homologação,Frontend,Sim
797,2025-08-30,2025-08-31,Crítica,Aberto,Mobile App,Sprint 3,Carlos,33,Média,2,Produção,API,Sim
798,2024-07-26,2024-07-30,Crítica,Aberto,Pagamento,Sprint 7,Marcos,107,Baixa,1,Homologação,Frontend,Não
799,2025-04-03,2025-04-06,Baixa,Aberto,Mobile App,Sprint 9,Rafael,80,Alta,3,Homologação,Backend,Sim
800,2024-10-05,2024-10-06,Crítica,Fechado,Relatórios,Sprint 5,Marcos,38,Alta,3,Homologação,API,Sim
801,2026-03-17,2026-03-21,Crítica,Aberto,API Clientes,Sprint 8,Fernanda,98,Baixa,1,Homologação,Backend,Não
802,2026-02-08,2026-02-08,Média,Fechado,Mobile App,Sprint 3,João,5,Baixa,1,Homologação,Frontend,Não
803,2025-03-14,2025-03-17,Crítica,Aberto,Relatórios,Sprint 11,João,92,Média,2,Homologação,Backend,Sim
804,2025-07-21,2025-07-23,Crítica,Fechado,API Clientes,Sprint 10,João,65,Baixa,1,Homologação,Backend,Não
805,2025-06-16,2025-06-16,Baixa,Aberto,Dashboard,Sprint 6,Rafael,8,Baixa,1,Produção,API,Não
806,2026-02-04,2026-02-06,Crítica,Fechado,Dashboard,Sprint 7,Fernanda,49,Baixa,1,Produção,API,Sim
807,2024-06-25,2024-06-26,Alta,Aberto,Mobile App,Sprint 2,Rafael,32,Baixa,1,Homologação,Frontend,Não
808,2024-06-03,2024-06-03,Alta,Aberto,API Clientes,Sprint 11,Rafael,22,Baixa,1,Homologação,API,Não
809,2025-03-27,2025-03-28,Crítica,Aberto,Dashboard,Sprint 7,Marcos,35,Baixa,1,Homologação,Backend,Sim
810,2025-08-22,2025-08-26,Baixa,Aberto,Dashboard,Sprint 8,Marcos,104,Média,2,Homologação,Frontend,Não
811,2024-06-01,2024-06-02,Média,Fechado,Mobile App,Sprint 2,Rafael,47,Média,2,Produção,Backend,Não
812,2025-05-03,2025-05-03,Crítica,Aberto,Relatórios,Sprint 12,Carlos,7,Média,2,Produção,API,Não
813,2024-09-12,2024-09-13,Crítica,Fechado,Pagamento,Sprint 6,Rafael,35,Baixa,1,Produção,API,Não
814,2024-10-16,2024-10-18,Crítica,Fechado,Pagamento,Sprint 7,João,65,Média,2,Homologação,API,Não
815,2025-12-30,2026-01-02,Média,Aberto,Mobile App,Sprint 12,Marcos,86,Alta,3,Produção,API,Não
816,2025-03-29,2025-03-30,Crítica,Fechado,Mobile App,Sprint 9,Rafael,28,Alta,3,Homologação,API,Sim
817,2025-05-06,2025-05-08,Alta,Fechado,Pagamento,Sprint 4,Ana,67,Baixa,1,Homologação,Backend,Não
818,2025-02-01,2025-02-02,Média,Fechado,Dashboard,Sprint 5,Juliana,41,Baixa,1,Produção,Backend,Sim
819,2025-12-06,2025-12-08,Baixa,Aberto,Pagamento,Sprint 1,Ana,52,Baixa,1,Homologação,Backend,Não
820,2025-12-19,2025-12-22,Crítica,Aberto,Pagamento,Sprint 3,Fernanda,72,Média,2,Produção,Frontend,Não
821,2024-11-28,2024-12-02,Média,Aberto,Mobile App,Sprint 8,Rafael,102,Média,2,Produção,Frontend,Sim
822,2024-12-15,2024-12-16,Alta,Aberto,API Clientes,Sprint 6,Juliana,41,Alta,3,Produção,Backend,Sim
823,2025-03-08,2025-03-09,Baixa,Fechado,API Clientes,Sprint 2,Ana,31,Baixa,1,Produção,Backend,Não
824,2026-01-05,2026-01-09,Crítica,Aberto,API Clientes,Sprint 4,Ana,107,Alta,3,Produção,Frontend,Sim
825,2025-03-18,2025-03-19,Crítica,Fechado,Relatórios,Sprint 1,João,36,Média,2,Homologação,API,Sim
826,2024-08-08,2024-08-09,Crítica,Fechado,Mobile App,Sprint 4,Fernanda,41,Alta,3,Produção,Backend,Não
827,2026-01-04,2026-01-07,Alta,Aberto,Mobile App,Sprint 10,Carlos,92,Média,2,Produção,API,Sim
828,2024-11-21,2024-11-22,Crítica,Fechado,Mobile App,Sprint 12,Fernanda,33,Alta,3,Produção,API,Sim
829,2025-09-10,2025-09-14,Crítica,Aberto,API Clientes,Sprint 5,Fernanda,110,Média,2,Produção,Frontend,Não
830,2025-07-09,2025-07-10,Crítica,Fechado,Mobile App,Sprint 7,Rafael,27,Baixa,1,Produção,Backend,Sim
831,2024-11-11,2024-11-15,Crítica,Fechado,Dashboard,Sprint 12,João,106,Média,2,Produção,Frontend,Não
832,2024-12-18,2024-12-20,Alta,Fechado,Relatórios,Sprint 12,Rafael,65,Baixa,1,Homologação,Backend,Sim
833,2024-07-11,2024-07-15,Média,Fechado,Mobile App,Sprint 3,Carlos,98,Baixa,1,Homologação,Frontend,Não
834,2025-04-13,2025-04-14,Baixa,Aberto,Pagamento,Sprint 4,Marcos,41,Alta,3,Produção,API,Não
835,2025-12-02,2025-12-06,Crítica,Fechado,Mobile App,Sprint 3,Fernanda,102,Média,2,Produção,API,Não
836,2024-08-15,2024-08-19,Média,Aberto,API Clientes,Sprint 6,Ana,103,Média,2,Homologação,Backend,Sim
837,2024-09-24,2024-09-24,Média,Aberto,API Clientes,Sprint 4,Fernanda,3,Baixa,1,Produção,Frontend,Não
838,2025-05-12,2025-05-15,Alta,Aberto,Login,Sprint 6,Ana,80,Média,2,Produção,Frontend,Não
839,2026-01-08,2026-01-12,Crítica,Aberto,Pagamento,Sprint 12,Ana,99,Média,2,Produção,Backend,Não
840,2025-11-14,2025-11-18,Crítica,Aberto,API Clientes,Sprint 4,Marcos,96,Média,2,Produção,Backend,Sim
841,2026-05-07,2026-05-09,Crítica,Aberto,Login,Sprint 5,Fernanda,54,Baixa,1,Produção,API,Não
842,2026-01-11,2026-01-15,Alta,Fechado,Login,Sprint 1,João,117,Baixa,1,Produção,Backend,Não
843,2024-10-17,2024-10-20,Crítica,Fechado,Mobile App,Sprint 10,Fernanda,88,Baixa,1,Produção,Frontend,Sim
844,2024-11-17,2024-11-17,Média,Fechado,Dashboard,Sprint 10,Juliana,7,Média,2,Produção,Frontend,Não
845,2024-08-24,2024-08-26,Crítica,Fechado,API Clientes,Sprint 11,Fernanda,65,Alta,3,Produção,API,Sim
846,2025-02-18,2025-02-21,Alta,Aberto,Relatórios,Sprint 8,Fernanda,75,Baixa,1,Homologação,Frontend,Sim
847,2024-08-31,2024-09-01,Crítica,Aberto,Dashboard,Sprint 2,Fernanda,41,Alta,3,Produção,Frontend,Não
848,2024-08-06,2024-08-10,Alta,Fechado,Dashboard,Sprint 5,Marcos,112,Média,2,Homologação,API,Não
849,2025-06-29,2025-07-01,Alta,Fechado,Pagamento,Sprint 9,Rafael,56,Baixa,1,Homologação,Frontend,Sim
850,2025-09-08,2025-09-08,Média,Aberto,Login,Sprint 8,Fernanda,20,Baixa,1,Produção,API,Não
851,2025-12-20,2025-12-22,Crítica,Aberto,API Clientes,Sprint 6,Juliana,56,Baixa,1,Homologação,Backend,Não
852,2025-07-04,2025-07-04,Média,Aberto,Dashboard,Sprint 2,Ana,15,Alta,3,Homologação,Frontend,Sim
853,2025-06-11,2025-06-15,Alta,Aberto,Relatórios,Sprint 1,Marcos,96,Alta,3,Produção,Backend,Sim
854,2024-06-13,2024-06-14,Baixa,Fechado,Login,Sprint 5,Juliana,32,Média,2,Produção,Backend,Não
855,2025-01-19,2025-01-22,Alta,Aberto,Login,Sprint 2,João,76,Baixa,1,Homologação,Backend,Não
856,2026-01-16,2026-01-19,Baixa,Fechado,Login,Sprint 11,Marcos,77,Alta,3,Homologação,Backend,Sim
857,2025-11-08,2025-11-09,Alta,Fechado,Login,Sprint 12,Carlos,28,Baixa,1,Homologação,Frontend,Não
858,2024-10-11,2024-10-12,Média,Fechado,Login,Sprint 1,Rafael,33,Baixa,1,Produção,Frontend,Não
859,2025-10-10,2025-10-14,Alta,Aberto,Login,Sprint 5,João,100,Média,2,Homologação,API,Não
860,2025-06-23,2025-06-27,Média,Fechado,Mobile App,Sprint 2,Rafael,116,Alta,3,Homologação,API,Sim
861,2026-02-10,2026-02-12,Crítica,Fechado,Dashboard,Sprint 10,Marcos,63,Média,2,Homologação,Frontend,Não
862,2025-05-20,2025-05-24,Média,Fechado,Mobile App,Sprint 7,Carlos,104,Média,2,Produção,API,Não
863,2026-01-23,2026-01-25,Média,Aberto,API Clientes,Sprint 9,Juliana,60,Alta,3,Produção,Backend,Não
864,2025-08-19,2025-08-21,Crítica,Fechado,Pagamento,Sprint 3,Juliana,56,Baixa,1,Homologação,Frontend,Não
865,2025-09-01,2025-09-02,Baixa,Aberto,Login,Sprint 9,Carlos,38,Alta,3,Homologação,Backend,Sim
866,2025-06-16,2025-06-18,Alta,Fechado,Dashboard,Sprint 10,Carlos,60,Alta,3,Produção,Frontend,Não
867,2024-08-29,2024-08-29,Crítica,Aberto,Login,Sprint 7,Juliana,23,Baixa,1,Homologação,Backend,Não
868,2025-05-17,2025-05-21,Crítica,Fechado,Dashboard,Sprint 3,Ana,97,Alta,3,Produção,Frontend,Não
869,2025-11-09,2025-11-13,Baixa,Fechado,Relatórios,Sprint 1,Carlos,112,Alta,3,Homologação,Frontend,Sim
870,2025-03-06,2025-03-06,Crítica,Fechado,Mobile App,Sprint 7,Rafael,22,Alta,3,Homologação,Backend,Não
871,2025-12-10,2025-12-13,Crítica,Fechado,Login,Sprint 3,Ana,89,Alta,3,Produção,Frontend,Sim
872,2026-02-24,2026-02-28,Média,Aberto,Pagamento,Sprint 8,Juliana,105,Baixa,1,Produção,API,Sim
873,2024-11-05,2024-11-07,Média,Aberto,Dashboard,Sprint 8,Ana,56,Alta,3,Homologação,Backend,Sim
874,2024-06-18,2024-06-18,Média,Fechado,API Clientes,Sprint 8,Carlos,15,Baixa,1,Homologação,API,Sim
875,2025-06-03,2025-06-04,Crítica,Aberto,Dashboard,Sprint 1,Carlos,26,Média,2,Homologação,Backend,Não
876,2025-08-29,2025-09-01,Alta,Aberto,API Clientes,Sprint 7,João,95,Alta,3,Homologação,Frontend,Sim
877,2024-11-10,2024-11-12,Crítica,Fechado,Relatórios,Sprint 2,Fernanda,68,Baixa,1,Homologação,Backend,Sim
878,2025-03-18,2025-03-20,Alta,Fechado,Mobile App,Sprint 7,Carlos,64,Alta,3,Produção,Backend,Sim
879,2025-07-23,2025-07-25,Crítica,Aberto,Relatórios,Sprint 4,Marcos,61,Média,2,Homologação,API,Não
880,2024-10-08,2024-10-08,Crítica,Fechado,Mobile App,Sprint 11,Juliana,17,Média,2,Homologação,Backend,Sim
881,2026-02-19,2026-02-22,Alta,Aberto,Mobile App,Sprint 8,Ana,80,Baixa,1,Produção,Frontend,Sim
882,2025-07-07,2025-07-10,Baixa,Fechado,API Clientes,Sprint 5,Ana,78,Média,2,Produção,API,Sim
883,2025-07-19,2025-07-19,Alta,Fechado,Mobile App,Sprint 3,Ana,3,Média,2,Produção,Frontend,Não
884,2024-11-08,2024-11-10,Média,Aberto,Relatórios,Sprint 4,João,56,Baixa,1,Homologação,Backend,Não
885,2024-07-25,2024-07-29,Alta,Aberto,Mobile App,Sprint 9,Marcos,99,Baixa,1,Produção,API,Sim
886,2025-09-28,2025-10-02,Crítica,Aberto,Login,Sprint 10,Marcos,119,Média,2,Produção,API,Sim
887,2024-08-15,2024-08-17,Média,Aberto,Pagamento,Sprint 6,Ana,65,Baixa,1,Homologação,API,Não
888,2026-05-05,2026-05-09,Crítica,Aberto,Pagamento,Sprint 11,Fernanda,98,Alta,3,Homologação,Frontend,Sim
889,2026-03-06,2026-03-10,Crítica,Fechado,Login,Sprint 4,Rafael,109,Baixa,1,Homologação,Backend,Não
890,2024-12-24,2024-12-26,Baixa,Fechado,Dashboard,Sprint 12,Rafael,65,Baixa,1,Homologação,Backend,Sim
891,2025-09-20,2025-09-20,Crítica,Aberto,Pagamento,Sprint 7,João,20,Alta,3,Homologação,Backend,Não
892,2024-09-30,2024-09-30,Média,Aberto,Mobile App,Sprint 9,Carlos,4,Média,2,Produção,Backend,Não
893,2025-07-04,2025-07-06,Crítica,Aberto,API Clientes,Sprint 1,Juliana,52,Baixa,1,Produção,API,Sim
894,2025-02-14,2025-02-17,Alta,Fechado,API Clientes,Sprint 11,Juliana,81,Alta,3,Homologação,API,Não
895,2026-02-20,2026-02-24,Baixa,Fechado,Relatórios,Sprint 10,Ana,117,Média,2,Homologação,Backend,Sim
896,2025-01-24,2025-01-28,Crítica,Fechado,Mobile App,Sprint 7,Rafael,114,Alta,3,Produção,Backend,Sim
897,2025-04-22,2025-04-22,Alta,Fechado,Mobile App,Sprint 12,Juliana,5,Alta,3,Produção,API,Não
898,2024-06-20,2024-06-21,Alta,Fechado,Mobile App,Sprint 3,Carlos,28,Baixa,1,Produção,API,Não
899,2025-09-28,2025-09-29,Crítica,Aberto,Mobile App,Sprint 1,Rafael,31,Média,2,Homologação,Backend,Não
900,2025-12-21,2025-12-21,Baixa,Fechado,Dashboard,Sprint 10,Juliana,16,Baixa,1,Produção,Backend,Não
901,2024-07-08,2024-07-09,Média,Fechado,Dashboard,Sprint 5,Juliana,31,Alta,3,Produção,API,Não
902,2026-02-12,2026-02-14,Média,Aberto,Dashboard,Sprint 9,Marcos,67,Alta,3,Produção,Backend,Não
903,2025-09-11,2025-09-11,Crítica,Fechado,Login,Sprint 2,Carlos,13,Baixa,1,Homologação,Frontend,Não
904,2025-09-04,2025-09-05,Baixa,Fechado,Mobile App,Sprint 9,João,28,Média,2,Homologação,Backend,Não
905,2025-07-07,2025-07-10,Crítica,Fechado,Mobile App,Sprint 7,Rafael,82,Média,2,Produção,Frontend,Sim
906,2024-10-13,2024-10-15,Crítica,Aberto,Mobile App,Sprint 9,Rafael,63,Alta,3,Produção,API,Sim
907,2024-10-20,2024-10-22,Baixa,Aberto,Relatórios,Sprint 6,Carlos,59,Média,2,Homologação,Frontend,Sim
908,2024-08-04,2024-08-06,Alta,Aberto,Relatórios,Sprint 3,Carlos,48,Alta,3,Homologação,Backend,Não
909,2025-10-22,2025-10-23,Crítica,Aberto,Pagamento,Sprint 3,Rafael,39,Média,2,Homologação,Frontend,Não
910,2025-05-20,2025-05-24,Média,Aberto,Mobile App,Sprint 8,Carlos,114,Média,2,Produção,API,Não
911,2025-05-25,2025-05-25,Crítica,Fechado,Relatórios,Sprint 5,Marcos,9,Baixa,1,Homologação,Backend,Não
912,2026-04-30,2026-05-02,Média,Aberto,Relatórios,Sprint 11,João,61,Alta,3,Homologação,API,Não
913,2026-04-08,2026-04-08,Alta,Aberto,Relatórios,Sprint 11,Marcos,20,Alta,3,Homologação,Backend,Sim
914,2025-01-05,2025-01-09,Alta,Aberto,Mobile App,Sprint 8,Juliana,116,Média,2,Homologação,API,Sim
915,2025-06-20,2025-06-24,Baixa,Fechado,Relatórios,Sprint 11,Carlos,111,Baixa,1,Produção,Frontend,Sim
916,2025-01-09,2025-01-12,Média,Fechado,Relatórios,Sprint 1,Carlos,73,Alta,3,Produção,Frontend,Não
917,2025-06-02,2025-06-06,Média,Fechado,Login,Sprint 9,Marcos,101,Baixa,1,Homologação,Backend,Sim
918,2026-02-11,2026-02-13,Alta,Fechado,Pagamento,Sprint 7,Carlos,63,Baixa,1,Homologação,Backend,Não
919,2025-08-19,2025-08-19,Baixa,Aberto,Dashboard,Sprint 3,Ana,12,Baixa,1,Homologação,Frontend,Sim
920,2025-09-06,2025-09-07,Média,Aberto,Relatórios,Sprint 6,Ana,40,Média,2,Produção,API,Sim
921,2025-11-22,2025-11-23,Baixa,Fechado,Pagamento,Sprint 7,Fernanda,39,Média,2,Homologação,Backend,Sim
922,2025-12-11,2025-12-11,Média,Aberto,API Clientes,Sprint 9,Rafael,7,Baixa,1,Homologação,Frontend,Não
923,2024-09-03,2024-09-03,Crítica,Fechado,Login,Sprint 8,Carlos,8,Média,2,Homologação,API,Sim
924,2024-05-20,2024-05-24,Alta,Aberto,Pagamento,Sprint 9,Juliana,117,Baixa,1,Produção,Backend,Não
925,2024-08-04,2024-08-06,Média,Aberto,Dashboard,Sprint 9,Ana,58,Baixa,1,Produção,API,Não
926,2025-01-14,2025-01-18,Crítica,Aberto,Login,Sprint 8,Rafael,117,Alta,3,Homologação,API,Sim
927,2025-07-13,2025-07-13,Crítica,Fechado,Relatórios,Sprint 5,Rafael,1,Baixa,1,Homologação,Backend,Sim
928,2025-08-14,2025-08-17,Alta,Aberto,Pagamento,Sprint 12,Marcos,75,Alta,3,Produção,Backend,Sim
929,2025-08-06,2025-08-08,Baixa,Aberto,Mobile App,Sprint 9,Fernanda,51,Alta,3,Homologação,Frontend,Não
930,2025-04-10,2025-04-14,Alta,Fechado,Mobile App,Sprint 8,Fernanda,114,Alta,3,Produção,API,Não
931,2025-11-10,2025-11-11,Crítica,Fechado,Login,Sprint 12,Ana,44,Baixa,1,Produção,API,Não
932,2025-10-11,2025-10-11,Média,Fechado,Relatórios,Sprint 12,Juliana,1,Baixa,1,Homologação,Backend,Sim
933,2026-04-12,2026-04-16,Baixa,Aberto,Mobile App,Sprint 8,Juliana,101,Alta,3,Produção,Backend,Não
934,2025-02-15,2025-02-19,Alta,Fechado,Pagamento,Sprint 12,Carlos,106,Alta,3,Produção,Backend,Não
935,2025-09-12,2025-09-17,Crítica,Aberto,Pagamento,Sprint 12,Carlos,120,Baixa,1,Homologação,API,Não
936,2025-08-19,2025-08-20,Alta,Aberto,Pagamento,Sprint 8,Fernanda,25,Baixa,1,Produção,Backend,Não
937,2025-02-07,2025-02-11,Média,Aberto,Pagamento,Sprint 11,João,116,Alta,3,Produção,Backend,Não
938,2025-05-23,2025-05-23,Média,Aberto,Login,Sprint 10,Ana,22,Alta,3,Produção,Frontend,Não
939,2025-05-16,2025-05-21,Média,Fechado,Pagamento,Sprint 11,Carlos,120,Alta,3,Homologação,API,Não
940,2025-03-09,2025-03-09,Baixa,Fechado,API Clientes,Sprint 7,Fernanda,1,Média,2,Produção,API,Não
941,2024-09-28,2024-09-30,Baixa,Aberto,Login,Sprint 5,João,64,Média,2,Homologação,Backend,Sim
942,2025-06-28,2025-06-30,Alta,Aberto,Relatórios,Sprint 1,Juliana,51,Baixa,1,Produção,API,Não
943,2026-02-01,2026-02-01,Média,Aberto,Dashboard,Sprint 5,Carlos,10,Baixa,1,Produção,Frontend,Não
944,2026-04-07,2026-04-09,Alta,Fechado,Pagamento,Sprint 2,João,56,Baixa,1,Produção,Backend,Sim
945,2024-09-12,2024-09-16,Média,Aberto,Relatórios,Sprint 10,João,106,Média,2,Produção,API,Não
946,2024-08-29,2024-09-01,Baixa,Aberto,Login,Sprint 7,Fernanda,75,Baixa,1,Produção,Frontend,Sim
947,2025-04-24,2025-04-28,Baixa,Fechado,Relatórios,Sprint 11,João,118,Média,2,Produção,Frontend,Sim
948,2024-12-28,2024-12-31,Alta,Fechado,API Clientes,Sprint 2,Marcos,72,Baixa,1,Homologação,Frontend,Sim
949,2025-11-26,2025-11-28,Crítica,Fechado,Relatórios,Sprint 10,Carlos,59,Média,2,Homologação,API,Sim
950,2024-07-13,2024-07-15,Alta,Aberto,Login,Sprint 2,Carlos,59,Alta,3,Produção,API,Sim
951,2026-01-05,2026-01-09,Média,Fechado,Dashboard,Sprint 7,João,116,Alta,3,Homologação,Frontend,Sim
952,2025-05-10,2025-05-10,Baixa,Aberto,Dashboard,Sprint 10,João,18,Baixa,1,Homologação,Backend,Sim
953,2025-11-29,2025-11-29,Alta,Fechado,Dashboard,Sprint 6,Carlos,19,Média,2,Produção,Frontend,Sim
954,2025-11-25,2025-11-27,Baixa,Fechado,Dashboard,Sprint 4,Ana,65,Alta,3,Produção,Frontend,Não
955,2024-12-05,2024-12-06,Crítica,Fechado,Relatórios,Sprint 12,Fernanda,25,Alta,3,Homologação,API,Não
956,2025-07-29,2025-07-31,Média,Aberto,API Clientes,Sprint 1,João,54,Média,2,Produção,Frontend,Sim
957,2024-08-28,2024-08-31,Crítica,Aberto,Pagamento,Sprint 8,Juliana,89,Baixa,1,Homologação,API,Não
958,2025-04-09,2025-04-10,Média,Aberto,Dashboard,Sprint 1,Carlos,27,Média,2,Homologação,Frontend,Sim
959,2025-05-27,2025-05-27,Crítica,Aberto,Mobile App,Sprint 10,Rafael,19,Média,2,Homologação,Frontend,Sim
960,2025-07-22,2025-07-23,Alta,Aberto,Pagamento,Sprint 5,Juliana,26,Baixa,1,Produção,Backend,Sim
961,2024-06-15,2024-06-15,Baixa,Aberto,Dashboard,Sprint 2,Carlos,23,Baixa,1,Produção,Backend,Sim
962,2024-12-15,2024-12-16,Alta,Fechado,Pagamento,Sprint 6,Rafael,44,Baixa,1,Homologação,API,Sim
963,2025-08-08,2025-08-10,Crítica,Aberto,Login,Sprint 3,Ana,68,Alta,3,Produção,Frontend,Não
964,2024-11-19,2024-11-22,Alta,Fechado,Mobile App,Sprint 4,Carlos,89,Média,2,Produção,API,Não
965,2024-07-06,2024-07-10,Alta,Aberto,Login,Sprint 11,Rafael,102,Baixa,1,Homologação,Frontend,Não
966,2025-12-14,2025-12-15,Baixa,Fechado,Mobile App,Sprint 10,Carlos,27,Alta,3,Produção,API,Não
967,2025-07-21,2025-07-25,Alta,Fechado,Relatórios,Sprint 8,Ana,97,Alta,3,Homologação,API,Não
968,2025-07-12,2025-07-14,Crítica,Fechado,API Clientes,Sprint 5,Marcos,68,Alta,3,Homologação,API,Sim
969,2025-12-16,2025-12-17,Média,Fechado,Pagamento,Sprint 7,Ana,27,Baixa,1,Homologação,Backend,Não
970,2024-05-10,2024-05-13,Alta,Fechado,Relatórios,Sprint 2,Ana,74,Baixa,1,Produção,Backend,Não
971,2024-08-25,2024-08-27,Média,Aberto,API Clientes,Sprint 9,Marcos,67,Média,2,Homologação,Backend,Não
972,2025-08-14,2025-08-16,Crítica,Fechado,API Clientes,Sprint 6,Fernanda,60,Média,2,Homologação,Frontend,Sim
973,2024-12-17,2024-12-19,Alta,Aberto,Dashboard,Sprint 2,Fernanda,57,Baixa,1,Produção,Backend,Sim
974,2026-01-02,2026-01-02,Baixa,Fechado,Login,Sprint 9,Ana,13,Baixa,1,Homologação,Frontend,Não
975,2024-05-30,2024-05-31,Alta,Aberto,Mobile App,Sprint 10,Ana,33,Média,2,Homologação,Frontend,Não
976,2026-01-26,2026-01-27,Crítica,Fechado,Relatórios,Sprint 11,Carlos,37,Média,2,Homologação,API,Sim
977,2025-08-12,2025-08-16,Média,Aberto,Mobile App,Sprint 12,Ana,111,Média,2,Homologação,Frontend,Não
978,2025-02-10,2025-02-13,Alta,Aberto,Dashboard,Sprint 4,João,93,Média,2,Homologação,Frontend,Não
979,2024-05-08,2024-05-10,Baixa,Fechado,Pagamento,Sprint 10,Rafael,58,Alta,3,Produção,Backend,Sim
980,2025-03-14,2025-03-16,Alta,Fechado,Pagamento,Sprint 7,João,64,Alta,3,Homologação,API,Não
981,2025-05-31,2025-06-01,Baixa,Aberto,Pagamento,Sprint 3,Fernanda,42,Alta,3,Homologação,Backend,Sim
982,2026-04-11,2026-04-13,Crítica,Aberto,API Clientes,Sprint 2,Fernanda,51,Baixa,1,Homologação,API,Não
983,2025-10-16,2025-10-16,Baixa,Aberto,Login,Sprint 12,Marcos,12,Baixa,1,Homologação,Frontend,Sim
984,2026-02-15,2026-02-16,Crítica,Fechado,Pagamento,Sprint 4,Fernanda,26,Baixa,1,Produção,Backend,Sim
985,2024-07-02,2024-07-04,Baixa,Aberto,Dashboard,Sprint 7,João,48,Alta,3,Produção,Frontend,Sim
986,2026-03-28,2026-03-30,Crítica,Aberto,API Clientes,Sprint 4,Ana,69,Média,2,Produção,Backend,Não
987,2025-01-12,2025-01-16,Crítica,Aberto,Relatórios,Sprint 10,Fernanda,105,Alta,3,Produção,API,Não
988,2025-09-23,2025-09-24,Baixa,Aberto,API Clientes,Sprint 2,Rafael,36,Baixa,1,Homologação,API,Sim
989,2024-11-13,2024-11-15,Crítica,Fechado,API Clientes,Sprint 10,Carlos,68,Média,2,Produção,Backend,Não
990,2024-05-31,2024-06-01,Alta,Fechado,Relatórios,Sprint 3,João,45,Alta,3,Produção,Frontend,Não
991,2024-10-26,2024-10-28,Média,Aberto,API Clientes,Sprint 12,Carlos,59,Média,2,Produção,Frontend,Não
992,2025-07-10,2025-07-14,Alta,Aberto,Mobile App,Sprint 12,Juliana,113,Alta,3,Produção,Backend,Não
993,2025-02-28,2025-03-04,Baixa,Fechado,Login,Sprint 2,Marcos,98,Alta,3,Homologação,Backend,Não
994,2025-11-30,2025-11-30,Média,Aberto,API Clientes,Sprint 1,Carlos,22,Média,2,Homologação,Backend,Não
995,2026-02-14,2026-02-18,Média,Fechado,Login,Sprint 1,Fernanda,96,Média,2,Produção,API,Sim
996,2025-10-22,2025-10-23,Crítica,Fechado,API Clientes,Sprint 2,Carlos,42,Alta,3,Produção,API,Não
997,2024-11-12,2024-11-12,Alta,Aberto,Pagamento,Sprint 1,Marcos,18,Média,2,Produção,Frontend,Não
998,2024-09-30,2024-09-30,Crítica,Aberto,Login,Sprint 11,Rafael,16,Alta,3,Produção,API,Não
999,2025-03-04,2025-03-04,Alta,Aberto,Pagamento,Sprint 12,Carlos,20,Média,2,Produção,Backend,Sim
1000,2026-01-22,2026-01-26,Baixa,Fechado,Mobile App,Sprint 5,João,108,Alta,3,Produção,API,Sim
1001,2024-07-24,2024-07-24,Média,Aberto,Dashboard,Sprint 4,Ana,7,Média,2,Produção,Frontend,Não
1002,2025-03-06,2025-03-06,Alta,Aberto,Mobile App,Sprint 11,Carlos,4,Baixa,1,Produção,Frontend,Sim
1003,2024-05-20,2024-05-23,Baixa,Fechado,Relatórios,Sprint 2,Rafael,93,Baixa,1,Homologação,Backend,Sim
1004,2025-10-20,2025-10-23,Crítica,Fechado,Login,Sprint 4,Ana,80,Baixa,1,Produção,Backend,Não
1005,2025-07-05,2025-07-05,Crítica,Fechado,Login,Sprint 7,Ana,23,Baixa,1,Homologação,Frontend,Sim
1006,2026-03-14,2026-03-17,Alta,Aberto,Login,Sprint 4,João,85,Média,2,Homologação,API,Não
1007,2024-07-17,2024-07-17,Média,Fechado,Login,Sprint 10,Fernanda,14,Alta,3,Homologação,API,Sim
1008,2025-11-18,2025-11-19,Alta,Fechado,Login,Sprint 6,Carlos,43,Baixa,1,Homologação,Backend,Sim
1009,2024-09-24,2024-09-26,Baixa,Aberto,Login,Sprint 10,Rafael,65,Alta,3,Produção,Backend,Sim
1010,2025-04-25,2025-04-28,Média,Aberto,Login,Sprint 3,Fernanda,95,Média,2,Homologação,Backend,Sim
1011,2024-08-30,2024-08-30,Média,Aberto,Pagamento,Sprint 12,Marcos,20,Média,2,Homologação,API,Não
1012,2026-01-17,2026-01-17,Alta,Aberto,Relatórios,Sprint 7,Juliana,18,Média,2,Homologação,Frontend,Sim
1013,2026-03-30,2026-04-03,Alta,Fechado,Pagamento,Sprint 4,Marcos,109,Alta,3,Produção,API,Sim
1014,2024-06-14,2024-06-18,Média,Fechado,Relatórios,Sprint 6,Ana,103,Alta,3,Homologação,API,Sim
1015,2024-09-28,2024-09-28,Baixa,Aberto,Login,Sprint 11,Ana,9,Média,2,Produção,Frontend,Sim
1016,2024-11-01,2024-11-01,Média,Aberto,Relatórios,Sprint 2,João,23,Alta,3,Homologação,Backend,Sim
1017,2025-03-18,2025-03-21,Média,Fechado,Pagamento,Sprint 10,Ana,93,Baixa,1,Homologação,Backend,Não
1018,2024-07-01,2024-07-04,Alta,Fechado,Login,Sprint 6,João,82,Baixa,1,Homologação,Frontend,Não
1019,2026-03-12,2026-03-14,Crítica,Aberto,API Clientes,Sprint 1,Rafael,57,Média,2,Homologação,Backend,Sim
1020,2025-02-15,2025-02-19,Média,Aberto,Dashboard,Sprint 7,João,98,Média,2,Homologação,Backend,Não
1021,2025-12-09,2025-12-11,Crítica,Aberto,Dashboard,Sprint 3,Juliana,49,Alta,3,Homologação,Frontend,Sim
1022,2026-04-19,2026-04-23,Baixa,Aberto,Relatórios,Sprint 12,Juliana,118,Baixa,1,Homologação,Backend,Não
1023,2026-03-21,2026-03-25,Crítica,Fechado,API Clientes,Sprint 8,Fernanda,119,Média,2,Produção,Backend,Sim
1024,2026-02-20,2026-02-24,Crítica,Aberto,Pagamento,Sprint 7,Fernanda,118,Baixa,1,Homologação,API,Não
1025,2025-04-09,2025-04-12,Alta,Aberto,Mobile App,Sprint 7,João,82,Alta,3,Produção,Frontend,Não
1026,2025-12-16,2025-12-16,Baixa,Aberto,Dashboard,Sprint 10,João,5,Média,2,Produção,Backend,Sim
1027,2024-06-26,2024-06-29,Média,Aberto,Login,Sprint 2,Juliana,78,Alta,3,Homologação,Backend,Sim
1028,2024-07-18,2024-07-20,Crítica,Aberto,API Clientes,Sprint 5,Juliana,67,Baixa,1,Homologação,API,Não
1029,2026-04-05,2026-04-08,Crítica,Aberto,Login,Sprint 11,Marcos,76,Média,2,Homologação,Frontend,Não
1030,2024-12-07,2024-12-11,Crítica,Fechado,Login,Sprint 3,Rafael,96,Baixa,1,Homologação,Frontend,Sim
1031,2025-04-29,2025-04-29,Crítica,Fechado,Mobile App,Sprint 5,Juliana,9,Alta,3,Homologação,Frontend,Sim
1032,2024-05-28,2024-05-30,Média,Aberto,API Clientes,Sprint 3,Marcos,48,Baixa,1,Produção,Backend,Sim
1033,2024-08-16,2024-08-17,Baixa,Aberto,Pagamento,Sprint 5,Rafael,24,Baixa,1,Homologação,Backend,Sim
1034,2026-03-31,2026-04-04,Média,Aberto,Dashboard,Sprint 2,João,112,Alta,3,Produção,Backend,Sim
1035,2025-03-24,2025-03-25,Média,Fechado,API Clientes,Sprint 11,Rafael,44,Baixa,1,Produção,Frontend,Sim
1036,2025-12-11,2025-12-12,Baixa,Aberto,Pagamento,Sprint 9,Rafael,35,Baixa,1,Produção,Backend,Não
1037,2024-06-04,2024-06-09,Crítica,Fechado,Relatórios,Sprint 7,Fernanda,120,Média,2,Homologação,API,Não
1038,2025-06-16,2025-06-17,Alta,Fechado,API Clientes,Sprint 10,Carlos,41,Baixa,1,Homologação,Backend,Sim
1039,2026-03-10,2026-03-10,Crítica,Aberto,Login,Sprint 10,Carlos,1,Média,2,Homologação,API,Sim
1040,2024-05-30,2024-06-01,Crítica,Fechado,Mobile App,Sprint 4,Carlos,48,Média,2,Homologação,Frontend,Não
1041,2025-01-09,2025-01-13,Alta,Fechado,Pagamento,Sprint 10,João,112,Baixa,1,Homologação,API,Sim
1042,2026-02-04,2026-02-05,Crítica,Aberto,Mobile App,Sprint 7,Fernanda,45,Média,2,Produção,API,Sim
1043,2025-11-29,2025-12-03,Baixa,Aberto,API Clientes,Sprint 2,Fernanda,112,Alta,3,Homologação,Frontend,Não
1044,2025-01-21,2025-01-21,Média,Aberto,Pagamento,Sprint 3,Rafael,15,Média,2,Produção,Frontend,Não
1045,2025-02-04,2025-02-07,Média,Fechado,API Clientes,Sprint 5,Ana,92,Baixa,1,Homologação,API,Não
1046,2025-05-17,2025-05-21,Baixa,Aberto,Relatórios,Sprint 11,Juliana,115,Alta,3,Homologação,Frontend,Não
1047,2025-01-22,2025-01-26,Baixa,Fechado,API Clientes,Sprint 12,Juliana,112,Baixa,1,Homologação,API,Não
1048,2025-06-01,2025-06-05,Média,Fechado,Login,Sprint 5,Carlos,104,Baixa,1,Produção,Frontend,Não
1049,2024-11-18,2024-11-21,Média,Aberto,Relatórios,Sprint 6,Ana,95,Alta,3,Homologação,Backend,Sim
1050,2024-10-15,2024-10-16,Média,Fechado,API Clientes,Sprint 6,Rafael,40,Baixa,1,Homologação,API,Sim
1051,2025-05-25,2025-05-27,Média,Aberto,API Clientes,Sprint 1,Marcos,67,Alta,3,Homologação,Backend,Sim
1052,2024-08-07,2024-08-11,Média,Fechado,Mobile App,Sprint 8,Ana,105,Média,2,Homologação,Frontend,Sim
1053,2024-07-05,2024-07-08,Alta,Aberto,Dashboard,Sprint 12,Marcos,77,Média,2,Homologação,API,Sim
1054,2026-01-03,2026-01-05,Crítica,Aberto,Dashboard,Sprint 3,Rafael,64,Média,2,Produção,API,Sim
1055,2024-06-17,2024-06-20,Baixa,Aberto,API Clientes,Sprint 12,João,90,Alta,3,Homologação,API,Sim
1056,2024-08-17,2024-08-17,Crítica,Fechado,API Clientes,Sprint 11,João,3,Alta,3,Homologação,Backend,Não
1057,2025-06-18,2025-06-18,Alta,Fechado,Mobile App,Sprint 4,Juliana,10,Alta,3,Homologação,Frontend,Sim
1058,2025-04-18,2025-04-19,Baixa,Fechado,API Clientes,Sprint 11,Ana,42,Alta,3,Produção,Backend,Não
1059,2024-06-15,2024-06-16,Média,Aberto,Mobile App,Sprint 4,Juliana,38,Baixa,1,Produção,Backend,Sim
1060,2024-05-28,2024-05-31,Crítica,Fechado,Mobile App,Sprint 3,Carlos,87,Baixa,1,Produção,Backend,Não
1061,2025-01-16,2025-01-16,Baixa,Fechado,Relatórios,Sprint 7,Ana,23,Baixa,1,Homologação,Frontend,Sim
1062,2024-10-07,2024-10-07,Crítica,Fechado,Dashboard,Sprint 12,Marcos,16,Baixa,1,Produção,API,Não
1063,2024-09-21,2024-09-25,Baixa,Fechado,Mobile App,Sprint 7,Fernanda,100,Alta,3,Homologação,Backend,Sim
1064,2025-07-21,2025-07-21,Baixa,Aberto,API Clientes,Sprint 11,Juliana,16,Baixa,1,Produção,Frontend,Não
1065,2026-01-28,2026-01-29,Baixa,Aberto,API Clientes,Sprint 8,Juliana,36,Alta,3,Homologação,Backend,Sim
1066,2024-11-28,2024-11-28,Baixa,Aberto,API Clientes,Sprint 12,Carlos,13,Média,2,Homologação,API,Não
1067,2025-12-25,2025-12-25,Baixa,Aberto,Mobile App,Sprint 2,Ana,9,Alta,3,Produção,Frontend,Não
1068,2025-03-18,2025-03-22,Baixa,Aberto,Pagamento,Sprint 10,Ana,103,Média,2,Produção,Frontend,Não
1069,2025-08-19,2025-08-23,Baixa,Aberto,Relatórios,Sprint 5,Fernanda,109,Baixa,1,Produção,Backend,Sim
1070,2025-10-04,2025-10-05,Baixa,Fechado,Mobile App,Sprint 9,João,32,Média,2,Produção,API,Não
1071,2025-04-20,2025-04-23,Alta,Aberto,Mobile App,Sprint 2,Juliana,89,Média,2,Produção,Frontend,Sim
1072,2024-10-04,2024-10-05,Alta,Aberto,Pagamento,Sprint 10,Marcos,25,Baixa,1,Produção,API,Não
1073,2024-06-16,2024-06-17,Crítica,Aberto,Relatórios,Sprint 5,Fernanda,36,Baixa,1,Homologação,API,Sim
1074,2025-03-29,2025-03-31,Baixa,Fechado,Mobile App,Sprint 7,Juliana,52,Média,2,Produção,API,Sim
1075,2024-12-08,2024-12-08,Alta,Aberto,Mobile App,Sprint 6,Marcos,10,Alta,3,Produção,Backend,Sim
1076,2025-09-10,2025-09-11,Crítica,Aberto,Relatórios,Sprint 4,Carlos,41,Média,2,Homologação,Frontend,Sim
1077,2024-05-28,2024-05-31,Crítica,Aberto,Dashboard,Sprint 11,Carlos,88,Alta,3,Homologação,Backend,Não
1078,2026-05-06,2026-05-06,Alta,Aberto,Login,Sprint 7,Ana,19,Baixa,1,Homologação,Frontend,Sim
1079,2025-04-02,2025-04-02,Alta,Fechado,Login,Sprint 9,Fernanda,23,Alta,3,Homologação,API,Não
1080,2026-02-05,2026-02-08,Baixa,Aberto,Dashboard,Sprint 7,Ana,78,Baixa,1,Homologação,API,Não
1081,2025-10-01,2025-10-03,Média,Fechado,Login,Sprint 11,Marcos,62,Alta,3,Produção,API,Sim
1082,2026-04-13,2026-04-13,Alta,Aberto,Mobile App,Sprint 11,Fernanda,19,Média,2,Produção,API,Não
1083,2024-08-13,2024-08-16,Média,Fechado,Dashboard,Sprint 8,Marcos,91,Média,2,Homologação,Backend,Não
1084,2024-06-09,2024-06-11,Média,Fechado,Mobile App,Sprint 2,Fernanda,67,Alta,3,Homologação,Backend,Sim
1085,2024-12-03,2024-12-06,Baixa,Aberto,Login,Sprint 3,Marcos,82,Baixa,1,Produção,Frontend,Não
1086,2025-12-08,2025-12-10,Baixa,Fechado,Mobile App,Sprint 9,Juliana,71,Média,2,Produção,Backend,Não
1087,2025-01-28,2025-01-30,Baixa,Fechado,Login,Sprint 10,Ana,66,Alta,3,Produção,API,Não
1088,2025-03-15,2025-03-18,Alta,Aberto,Mobile App,Sprint 11,Rafael,90,Alta,3,Produção,API,Não
1089,2024-06-17,2024-06-17,Média,Aberto,Login,Sprint 6,Rafael,22,Alta,3,Produção,API,Não
1090,2025-11-24,2025-11-24,Crítica,Fechado,Pagamento,Sprint 6,Carlos,7,Média,2,Homologação,API,Sim
1091,2026-04-26,2026-04-30,Baixa,Fechado,Dashboard,Sprint 8,Fernanda,107,Alta,3,Homologação,Frontend,Sim
1092,2024-11-15,2024-11-18,Crítica,Aberto,Dashboard,Sprint 11,Marcos,95,Alta,3,Produção,Backend,Não
1093,2025-04-26,2025-04-26,Baixa,Fechado,Dashboard,Sprint 5,Fernanda,8,Média,2,Produção,Frontend,Não
1094,2024-07-27,2024-07-31,Média,Fechado,Dashboard,Sprint 1,Carlos,114,Alta,3,Homologação,Backend,Sim
1095,2024-08-27,2024-08-27,Média,Fechado,Login,Sprint 8,Carlos,11,Alta,3,Produção,API,Não
1096,2024-10-11,2024-10-12,Crítica,Fechado,Dashboard,Sprint 6,João,29,Média,2,Produção,API,Não
1097,2024-12-28,2024-12-28,Crítica,Aberto,Pagamento,Sprint 6,Juliana,14,Média,2,Homologação,Frontend,Não
1098,2025-12-28,2026-01-01,Média,Aberto,Pagamento,Sprint 5,Carlos,114,Alta,3,Produção,Backend,Não
1099,2025-04-15,2025-04-19,Baixa,Aberto,Mobile App,Sprint 4,João,96,Média,2,Homologação,Frontend,Não
1100,2026-04-30,2026-05-02,Crítica,Aberto,Dashboard,Sprint 7,Marcos,63,Alta,3,Homologação,Frontend,Sim
1101,2024-06-18,2024-06-18,Média,Aberto,Dashboard,Sprint 9,Carlos,14,Baixa,1,Produção,Frontend,Não
1102,2025-07-16,2025-07-18,Baixa,Fechado,API Clientes,Sprint 5,Fernanda,55,Alta,3,Homologação,Frontend,Não
1103,2026-02-19,2026-02-20,Média,Aberto,Pagamento,Sprint 5,Rafael,32,Alta,3,Produção,Backend,Sim
1104,2025-02-27,2025-03-02,Média,Fechado,Mobile App,Sprint 2,Juliana,86,Média,2,Produção,Frontend,Sim
1105,2024-07-13,2024-07-14,Média,Fechado,Login,Sprint 5,Ana,30,Baixa,1,Produção,Backend,Sim
1106,2025-01-15,2025-01-18,Baixa,Aberto,API Clientes,Sprint 7,Marcos,79,Baixa,1,Homologação,API,Sim
1107,2026-04-15,2026-04-16,Crítica,Fechado,Login,Sprint 9,João,29,Média,2,Produção,Backend,Sim
1108,2025-09-13,2025-09-14,Alta,Fechado,Mobile App,Sprint 7,Ana,35,Média,2,Homologação,Frontend,Sim
1109,2025-10-31,2025-10-31,Baixa,Fechado,Pagamento,Sprint 5,João,6,Baixa,1,Homologação,API,Sim
1110,2024-05-16,2024-05-18,Alta,Fechado,Dashboard,Sprint 6,Fernanda,56,Baixa,1,Produção,Frontend,Sim
1111,2025-12-14,2025-12-17,Média,Fechado,Dashboard,Sprint 12,Rafael,88,Alta,3,Homologação,API,Não
1112,2025-10-25,2025-10-26,Alta,Aberto,Relatórios,Sprint 7,Carlos,31,Alta,3,Produção,Frontend,Sim
1113,2025-01-29,2025-01-29,Média,Aberto,Mobile App,Sprint 8,Carlos,6,Alta,3,Produção,API,Não
1114,2024-05-22,2024-05-23,Crítica,Aberto,Relatórios,Sprint 12,Ana,39,Alta,3,Produção,Frontend,Sim
1115,2025-02-24,2025-02-26,Alta,Fechado,Dashboard,Sprint 8,Juliana,54,Alta,3,Produção,Backend,Sim
1116,2024-07-16,2024-07-18,Baixa,Aberto,Relatórios,Sprint 5,Juliana,62,Média,2,Produção,Backend,Sim
1117,2025-11-29,2025-12-02,Média,Fechado,API Clientes,Sprint 11,Marcos,73,Baixa,1,Produção,Frontend,Não
1118,2024-08-10,2024-08-14,Crítica,Fechado,API Clientes,Sprint 10,Fernanda,97,Alta,3,Produção,Frontend,Sim
1119,2024-09-29,2024-09-29,Média,Aberto,Relatórios,Sprint 8,Marcos,21,Alta,3,Homologação,Backend,Sim
1120,2024-12-24,2024-12-25,Alta,Aberto,Pagamento,Sprint 4,Carlos,38,Alta,3,Produção,Backend,Sim
1121,2024-12-16,2024-12-19,Alta,Aberto,Dashboard,Sprint 1,Juliana,82,Baixa,1,Produção,Frontend,Sim
1122,2024-05-12,2024-05-12,Alta,Fechado,Dashboard,Sprint 2,Juliana,1,Alta,3,Homologação,API,Sim
1123,2026-01-11,2026-01-13,Alta,Fechado,Login,Sprint 11,Rafael,53,Alta,3,Produção,Backend,Sim
1124,2026-03-27,2026-03-30,Média,Fechado,Login,Sprint 9,Juliana,94,Média,2,Produção,API,Não
1125,2025-06-18,2025-06-21,Média,Fechado,Pagamento,Sprint 6,Fernanda,84,Média,2,Produção,API,Não
1126,2025-04-07,2025-04-07,Média,Fechado,Dashboard,Sprint 3,João,20,Média,2,Produção,Backend,Sim
1127,2025-05-09,2025-05-11,Média,Aberto,Relatórios,Sprint 8,Juliana,59,Baixa,1,Produção,API,Não
1128,2024-11-22,2024-11-22,Média,Aberto,API Clientes,Sprint 11,Marcos,3,Média,2,Produção,Frontend,Sim
1129,2025-04-29,2025-04-29,Média,Fechado,Mobile App,Sprint 7,Carlos,10,Média,2,Produção,API,Sim
1130,2024-10-07,2024-10-10,Crítica,Fechado,Login,Sprint 2,Rafael,78,Baixa,1,Produção,API,Sim
1131,2025-08-10,2025-08-10,Baixa,Fechado,Pagamento,Sprint 11,Marcos,17,Baixa,1,Produção,Frontend,Sim
1132,2025-08-08,2025-08-10,Alta,Aberto,Pagamento,Sprint 3,João,70,Alta,3,Homologação,Frontend,Não
1133,2026-01-13,2026-01-14,Média,Aberto,Login,Sprint 9,Juliana,43,Média,2,Homologação,API,Sim
1134,2024-12-25,2024-12-25,Baixa,Fechado,Login,Sprint 9,Rafael,3,Baixa,1,Homologação,Frontend,Sim
1135,2025-06-10,2025-06-14,Baixa,Aberto,API Clientes,Sprint 7,Ana,117,Baixa,1,Homologação,API,Não
1136,2024-08-10,2024-08-11,Crítica,Aberto,API Clientes,Sprint 3,Carlos,29,Alta,3,Produção,Frontend,Não
1137,2024-12-23,2024-12-24,Alta,Aberto,Dashboard,Sprint 2,Carlos,46,Baixa,1,Produção,Frontend,Não
1138,2025-03-20,2025-03-22,Média,Fechado,Pagamento,Sprint 11,Juliana,68,Média,2,Homologação,API,Não
1139,2024-11-20,2024-11-21,Alta,Fechado,Mobile App,Sprint 6,Fernanda,45,Baixa,1,Produção,Frontend,Sim
1140,2026-01-24,2026-01-28,Média,Fechado,Pagamento,Sprint 7,João,100,Alta,3,Homologação,Frontend,Sim
1141,2024-12-21,2024-12-24,Alta,Aberto,Login,Sprint 6,Ana,74,Média,2,Produção,Backend,Não
1142,2025-12-23,2025-12-24,Crítica,Fechado,Mobile App,Sprint 7,Marcos,41,Média,2,Homologação,Frontend,Sim
1143,2025-11-27,2025-11-29,Crítica,Fechado,Relatórios,Sprint 9,Rafael,50,Média,2,Produção,Backend,Sim
1144,2024-06-18,2024-06-21,Crítica,Aberto,Mobile App,Sprint 2,Ana,75,Alta,3,Homologação,Frontend,Sim
1145,2025-04-09,2025-04-13,Alta,Fechado,Pagamento,Sprint 2,Carlos,109,Baixa,1,Homologação,Backend,Sim
1146,2024-06-21,2024-06-22,Média,Fechado,Pagamento,Sprint 4,Rafael,38,Média,2,Produção,Frontend,Sim
1147,2024-08-09,2024-08-09,Média,Fechado,Mobile App,Sprint 1,Juliana,16,Alta,3,Homologação,Backend,Sim
1148,2025-08-21,2025-08-24,Baixa,Fechado,Relatórios,Sprint 3,Carlos,90,Baixa,1,Produção,Backend,Sim
1149,2024-07-05,2024-07-05,Baixa,Aberto,Relatórios,Sprint 7,Ana,11,Baixa,1,Produção,Backend,Sim
1150,2026-04-02,2026-04-06,Alta,Fechado,API Clientes,Sprint 12,Fernanda,96,Alta,3,Homologação,API,Sim
1151,2025-01-16,2025-01-17,Média,Aberto,Mobile App,Sprint 1,Marcos,37,Baixa,1,Produção,API,Sim
1152,2024-07-29,2024-07-29,Crítica,Fechado,Relatórios,Sprint 12,Rafael,2,Média,2,Homologação,API,Não
1153,2025-02-14,2025-02-17,Crítica,Aberto,Dashboard,Sprint 2,Marcos,91,Baixa,1,Homologação,Frontend,Sim
1154,2026-02-09,2026-02-11,Baixa,Aberto,API Clientes,Sprint 3,Rafael,52,Alta,3,Produção,API,Não
1155,2025-02-05,2025-02-07,Crítica,Fechado,Pagamento,Sprint 1,Rafael,62,Média,2,Homologação,API,Não
1156,2024-12-05,2024-12-06,Baixa,Aberto,Login,Sprint 6,Marcos,25,Média,2,Homologação,Frontend,Sim
1157,2026-04-08,2026-04-09,Baixa,Aberto,Pagamento,Sprint 10,Carlos,37,Baixa,1,Homologação,Frontend,Sim
1158,2025-07-09,2025-07-12,Média,Fechado,Login,Sprint 10,Marcos,82,Baixa,1,Produção,API,Não
1159,2025-08-12,2025-08-12,Alta,Aberto,Dashboard,Sprint 1,Fernanda,6,Baixa,1,Homologação,Backend,Sim
1160,2025-04-30,2025-05-01,Alta,Aberto,Mobile App,Sprint 11,Carlos,41,Média,2,Homologação,Backend,Sim
1161,2024-08-25,2024-08-27,Baixa,Fechado,API Clientes,Sprint 10,Rafael,65,Baixa,1,Produção,Backend,Sim
1162,2025-04-11,2025-04-11,Crítica,Aberto,Mobile App,Sprint 2,Juliana,20,Alta,3,Produção,Frontend,Sim
1163,2024-12-23,2024-12-27,Média,Fechado,API Clientes,Sprint 3,Fernanda,99,Alta,3,Homologação,Backend,Não
1164,2025-06-21,2025-06-21,Crítica,Aberto,Pagamento,Sprint 10,Marcos,6,Alta,3,Produção,Frontend,Não
1165,2025-12-13,2025-12-13,Média,Fechado,Relatórios,Sprint 2,João,13,Baixa,1,Produção,Backend,Não
1166,2024-12-10,2024-12-10,Média,Aberto,Dashboard,Sprint 10,Fernanda,22,Média,2,Homologação,Frontend,Sim
1167,2024-10-27,2024-10-27,Crítica,Fechado,API Clientes,Sprint 5,Rafael,23,Alta,3,Homologação,API,Sim
1168,2024-09-16,2024-09-16,Crítica,Aberto,Dashboard,Sprint 5,João,16,Alta,3,Homologação,API,Sim
1169,2025-01-28,2025-01-30,Alta,Fechado,Login,Sprint 11,João,57,Média,2,Homologação,Backend,Sim
1170,2024-12-22,2024-12-25,Baixa,Aberto,Mobile App,Sprint 9,Carlos,80,Alta,3,Produção,Frontend,Não
1171,2025-03-24,2025-03-26,Crítica,Aberto,Pagamento,Sprint 7,Rafael,49,Baixa,1,Homologação,API,Sim
1172,2024-10-07,2024-10-08,Crítica,Fechado,Login,Sprint 2,Ana,45,Média,2,Produção,Backend,Não
1173,2024-12-12,2024-12-13,Alta,Aberto,Dashboard,Sprint 6,Marcos,26,Média,2,Homologação,Frontend,Não
1174,2025-01-26,2025-01-26,Crítica,Aberto,Relatórios,Sprint 3,João,15,Média,2,Produção,API,Sim
1175,2025-04-29,2025-04-30,Baixa,Fechado,Login,Sprint 6,Rafael,41,Alta,3,Homologação,Backend,Sim
1176,2024-06-17,2024-06-17,Baixa,Fechado,Dashboard,Sprint 5,Juliana,7,Baixa,1,Produção,Frontend,Sim
1177,2025-04-05,2025-04-05,Crítica,Aberto,Dashboard,Sprint 12,João,9,Média,2,Homologação,API,Sim
1178,2026-02-05,2026-02-08,Média,Aberto,Login,Sprint 7,Fernanda,86,Média,2,Homologação,Frontend,Sim
1179,2024-12-12,2024-12-13,Crítica,Fechado,Relatórios,Sprint 12,Rafael,45,Média,2,Produção,API,Não
1180,2024-07-31,2024-08-01,Crítica,Aberto,Relatórios,Sprint 10,Ana,46,Alta,3,Produção,API,Sim
1181,2024-07-28,2024-07-29,Alta,Aberto,Pagamento,Sprint 8,Ana,42,Alta,3,Homologação,Backend,Sim
1182,2025-02-25,2025-03-01,Crítica,Fechado,Relatórios,Sprint 12,Carlos,102,Alta,3,Homologação,Frontend,Não
1183,2025-11-01,2025-11-04,Baixa,Aberto,Pagamento,Sprint 12,Ana,82,Alta,3,Homologação,API,Sim
1184,2026-03-08,2026-03-11,Média,Fechado,Pagamento,Sprint 4,Juliana,77,Média,2,Produção,Backend,Não
1185,2024-05-09,2024-05-09,Alta,Aberto,Mobile App,Sprint 8,Juliana,3,Média,2,Homologação,Backend,Não
1186,2026-01-26,2026-01-27,Crítica,Fechado,Login,Sprint 3,João,46,Média,2,Homologação,Backend,Sim
1187,2024-10-18,2024-10-20,Média,Fechado,API Clientes,Sprint 5,Rafael,71,Alta,3,Homologação,API,Não
1188,2026-04-25,2026-04-28,Baixa,Aberto,Login,Sprint 2,Juliana,90,Alta,3,Produção,API,Não
1189,2025-11-04,2025-11-04,Baixa,Fechado,Relatórios,Sprint 10,Rafael,14,Média,2,Produção,API,Não
1190,2024-11-07,2024-11-11,Média,Aberto,API Clientes,Sprint 9,João,110,Média,2,Produção,Frontend,Não
1191,2025-06-07,2025-06-07,Crítica,Fechado,Mobile App,Sprint 12,Rafael,16,Média,2,Homologação,Frontend,Não
1192,2025-11-09,2025-11-13,Alta,Fechado,Mobile App,Sprint 5,Fernanda,101,Baixa,1,Homologação,API,Sim
1193,2026-05-05,2026-05-05,Baixa,Aberto,Login,Sprint 3,Rafael,1,Média,2,Homologação,API,Não
1194,2024-10-11,2024-10-12,Crítica,Aberto,Relatórios,Sprint 7,Ana,43,Baixa,1,Homologação,Frontend,Não
1195,2024-08-05,2024-08-05,Crítica,Aberto,API Clientes,Sprint 6,Marcos,17,Alta,3,Produção,Backend,Sim
1196,2024-05-29,2024-05-29,Média,Aberto,Mobile App,Sprint 10,Rafael,13,Alta,3,Homologação,API,Não
1197,2026-01-17,2026-01-21,Média,Fechado,Pagamento,Sprint 2,Carlos,108,Alta,3,Produção,Backend,Sim
1198,2026-04-30,2026-05-03,Média,Aberto,Relatórios,Sprint 12,Marcos,81,Alta,3,Produção,API,Não
1199,2025-01-19,2025-01-19,Média,Fechado,Mobile App,Sprint 11,Rafael,4,Alta,3,Homologação,Frontend,Sim
1200,2024-07-26,2024-07-29,Alta,Aberto,Relatórios,Sprint 4,Juliana,84,Baixa,1,Homologação,Backend,Sim
1201,2025-05-12,2025-05-13,Média,Aberto,Mobile App,Sprint 10,Rafael,36,Baixa,1,Produção,Frontend,Não
1202,2025-06-05,2025-06-09,Baixa,Aberto,Pagamento,Sprint 5,Fernanda,119,Alta,3,Produção,Frontend,Sim
1203,2024-07-29,2024-07-31,Média,Fechado,Login,Sprint 8,Rafael,64,Média,2,Produção,Backend,Sim
1204,2025-05-27,2025-05-29,Baixa,Aberto,Mobile App,Sprint 7,João,63,Alta,3,Homologação,API,Não
1205,2025-07-06,2025-07-10,Média,Fechado,Login,Sprint 3,Juliana,104,Baixa,1,Produção,Frontend,Não
1206,2025-07-18,2025-07-19,Baixa,Aberto,Relatórios,Sprint 12,Fernanda,45,Média,2,Produção,Frontend,Sim
1207,2024-09-06,2024-09-08,Média,Aberto,Dashboard,Sprint 2,Ana,69,Baixa,1,Produção,Backend,Sim
1208,2025-02-24,2025-02-25,Média,Fechado,Dashboard,Sprint 8,Ana,29,Baixa,1,Produção,Backend,Não
1209,2025-03-01,2025-03-03,Crítica,Fechado,Relatórios,Sprint 7,Ana,60,Alta,3,Homologação,Frontend,Sim
1210,2025-02-27,2025-03-02,Alta,Fechado,Login,Sprint 10,Rafael,88,Alta,3,Homologação,Frontend,Sim
1211,2025-10-03,2025-10-06,Crítica,Fechado,API Clientes,Sprint 10,Juliana,93,Média,2,Homologação,Backend,Sim
1212,2025-10-14,2025-10-17,Crítica,Aberto,Relatórios,Sprint 6,Fernanda,78,Média,2,Produção,Backend,Sim
1213,2025-03-04,2025-03-08,Alta,Fechado,Dashboard,Sprint 10,Rafael,114,Baixa,1,Homologação,Backend,Sim
1214,2025-07-25,2025-07-25,Alta,Fechado,Pagamento,Sprint 6,Ana,15,Baixa,1,Produção,Frontend,Não
1215,2024-12-25,2024-12-27,Alta,Aberto,Login,Sprint 6,Juliana,48,Baixa,1,Produção,API,Não
1216,2024-05-16,2024-05-17,Alta,Aberto,Relatórios,Sprint 2,João,28,Média,2,Homologação,API,Sim
1217,2024-09-26,2024-09-28,Baixa,Fechado,Mobile App,Sprint 10,Rafael,68,Baixa,1,Produção,API,Não
1218,2024-06-08,2024-06-11,Alta,Fechado,Pagamento,Sprint 4,Carlos,88,Média,2,Homologação,Backend,Sim
1219,2025-06-12,2025-06-13,Baixa,Aberto,API Clientes,Sprint 3,Marcos,36,Média,2,Homologação,API,Não
1220,2025-02-07,2025-02-08,Baixa,Fechado,Login,Sprint 11,Rafael,31,Alta,3,Produção,Backend,Não
1221,2025-09-22,2025-09-22,Baixa,Aberto,Dashboard,Sprint 11,Carlos,17,Média,2,Produção,Backend,Sim
1222,2025-08-01,2025-08-05,Alta,Fechado,Dashboard,Sprint 6,João,107,Média,2,Produção,API,Não
1223,2025-03-07,2025-03-09,Baixa,Fechado,Dashboard,Sprint 12,João,64,Alta,3,Homologação,API,Sim
1224,2025-11-01,2025-11-05,Baixa,Aberto,Pagamento,Sprint 1,Rafael,108,Média,2,Produção,Frontend,Sim
1225,2024-06-12,2024-06-13,Crítica,Aberto,Pagamento,Sprint 2,Ana,42,Alta,3,Homologação,API,Sim
1226,2026-02-14,2026-02-19,Baixa,Fechado,Login,Sprint 2,Carlos,120,Alta,3,Homologação,Frontend,Não
1227,2025-06-27,2025-06-28,Crítica,Fechado,Mobile App,Sprint 3,Ana,43,Alta,3,Homologação,Frontend,Sim
1228,2024-10-08,2024-10-09,Crítica,Fechado,Mobile App,Sprint 2,Marcos,41,Baixa,1,Produção,API,Não
1229,2024-07-19,2024-07-22,Alta,Fechado,Mobile App,Sprint 8,Ana,85,Média,2,Produção,Backend,Não
1230,2026-01-02,2026-01-05,Alta,Aberto,Mobile App,Sprint 11,Juliana,92,Baixa,1,Produção,API,Sim
1231,2024-12-03,2024-12-03,Baixa,Aberto,Login,Sprint 11,Ana,10,Média,2,Homologação,Backend,Sim
1232,2025-09-12,2025-09-14,Alta,Aberto,Relatórios,Sprint 9,Marcos,63,Baixa,1,Homologação,Backend,Não
1233,2025-06-02,2025-06-05,Baixa,Aberto,Pagamento,Sprint 6,João,84,Baixa,1,Homologação,API,Sim
1234,2025-05-18,2025-05-22,Média,Aberto,Dashboard,Sprint 7,Ana,100,Média,2,Homologação,API,Sim
1235,2024-08-07,2024-08-07,Baixa,Aberto,Pagamento,Sprint 1,João,19,Média,2,Produção,Backend,Sim
1236,2025-01-12,2025-01-14,Crítica,Fechado,Dashboard,Sprint 2,Marcos,61,Alta,3,Produção,Backend,Não
1237,2024-05-25,2024-05-26,Crítica,Fechado,Relatórios,Sprint 6,Carlos,28,Baixa,1,Homologação,Backend,Não
1238,2026-03-18,2026-03-18,Crítica,Fechado,Pagamento,Sprint 5,Ana,13,Baixa,1,Homologação,Frontend,Não
1239,2025-06-05,2025-06-07,Crítica,Fechado,Login,Sprint 11,Carlos,68,Alta,3,Produção,Frontend,Sim
1240,2025-04-20,2025-04-20,Baixa,Fechado,Pagamento,Sprint 2,Marcos,15,Baixa,1,Produção,Backend,Sim
1241,2026-03-13,2026-03-17,Crítica,Fechado,API Clientes,Sprint 2,Ana,113,Alta,3,Homologação,Backend,Sim
1242,2026-04-28,2026-04-28,Alta,Fechado,Mobile App,Sprint 10,Fernanda,22,Baixa,1,Produção,Frontend,Sim
1243,2024-06-09,2024-06-11,Crítica,Fechado,Mobile App,Sprint 4,Ana,65,Alta,3,Homologação,API,Sim
1244,2026-01-01,2026-01-01,Alta,Fechado,Pagamento,Sprint 1,Juliana,22,Baixa,1,Homologação,Backend,Não
1245,2024-12-21,2024-12-21,Alta,Aberto,Pagamento,Sprint 11,Rafael,3,Baixa,1,Produção,API,Não
1246,2026-04-09,2026-04-11,Baixa,Fechado,Pagamento,Sprint 8,Carlos,61,Alta,3,Produção,Frontend,Não
1247,2025-07-26,2025-07-30,Média,Aberto,Login,Sprint 2,Fernanda,107,Baixa,1,Homologação,Backend,Não
1248,2024-11-20,2024-11-23,Alta,Fechado,Dashboard,Sprint 6,João,95,Média,2,Produção,Backend,Não
1249,2025-04-26,2025-04-29,Crítica,Aberto,Dashboard,Sprint 11,Marcos,91,Média,2,Produção,Frontend,Não
1250,2026-01-04,2026-01-08,Média,Fechado,API Clientes,Sprint 1,Ana,110,Baixa,1,Homologação,Backend,Sim
1251,2025-09-09,2025-09-13,Média,Fechado,Mobile App,Sprint 2,Fernanda,96,Baixa,1,Homologação,API,Sim
1252,2024-07-24,2024-07-25,Alta,Fechado,API Clientes,Sprint 10,João,34,Alta,3,Homologação,Backend,Sim
1253,2025-04-21,2025-04-21,Alta,Aberto,API Clientes,Sprint 8,Marcos,6,Alta,3,Homologação,Backend,Sim
1254,2024-07-31,2024-07-31,Média,Fechado,Mobile App,Sprint 3,Marcos,2,Média,2,Homologação,API,Sim
1255,2024-12-03,2024-12-04,Alta,Aberto,Dashboard,Sprint 1,João,39,Média,2,Produção,Frontend,Não
1256,2025-04-12,2025-04-16,Baixa,Aberto,API Clientes,Sprint 5,Carlos,106,Alta,3,Homologação,Backend,Sim
1257,2026-03-27,2026-03-27,Média,Fechado,Dashboard,Sprint 9,Juliana,7,Média,2,Produção,Frontend,Não
1258,2026-01-24,2026-01-24,Média,Fechado,Relatórios,Sprint 2,Fernanda,19,Alta,3,Produção,Frontend,Não
1259,2026-03-28,2026-04-02,Média,Fechado,API Clientes,Sprint 7,Carlos,120,Média,2,Homologação,Backend,Não
1260,2026-02-21,2026-02-21,Crítica,Fechado,Relatórios,Sprint 3,Juliana,23,Alta,3,Produção,Backend,Sim
1261,2025-07-19,2025-07-21,Média,Fechado,Dashboard,Sprint 2,Fernanda,54,Alta,3,Homologação,API,Sim
1262,2025-04-15,2025-04-17,Baixa,Aberto,Relatórios,Sprint 8,Juliana,49,Média,2,Homologação,API,Não
1263,2026-04-23,2026-04-25,Crítica,Fechado,API Clientes,Sprint 7,João,60,Média,2,Produção,API,Sim
1264,2024-08-26,2024-08-30,Baixa,Aberto,Relatórios,Sprint 5,Rafael,99,Média,2,Produção,API,Não
1265,2025-02-14,2025-02-14,Alta,Aberto,API Clientes,Sprint 3,João,17,Alta,3,Produção,Backend,Não
1266,2025-01-20,2025-01-24,Baixa,Aberto,Dashboard,Sprint 11,Carlos,108,Baixa,1,Homologação,API,Sim
1267,2026-01-14,2026-01-18,Crítica,Fechado,Login,Sprint 2,Juliana,106,Média,2,Produção,API,Sim
1268,2026-01-05,2026-01-07,Crítica,Aberto,Pagamento,Sprint 11,Juliana,67,Baixa,1,Produção,Backend,Não
1269,2024-09-12,2024-09-15,Crítica,Aberto,Login,Sprint 2,Carlos,93,Baixa,1,Produção,API,Sim
1270,2026-03-14,2026-03-16,Média,Aberto,Login,Sprint 8,Carlos,67,Baixa,1,Homologação,Backend,Sim
1271,2025-08-30,2025-09-03,Alta,Fechado,API Clientes,Sprint 3,Rafael,119,Baixa,1,Produção,API,Não
1272,2026-04-04,2026-04-08,Crítica,Aberto,API Clientes,Sprint 3,Juliana,106,Alta,3,Produção,Frontend,Sim
1273,2025-03-18,2025-03-22,Média,Aberto,Relatórios,Sprint 12,Juliana,105,Alta,3,Produção,Backend,Não
1274,2024-09-27,2024-09-28,Baixa,Fechado,Dashboard,Sprint 11,Fernanda,38,Média,2,Homologação,Backend,Sim
1275,2024-10-14,2024-10-16,Crítica,Aberto,Login,Sprint 5,João,60,Média,2,Produção,API,Não
1276,2024-07-01,2024-07-01,Alta,Aberto,Mobile App,Sprint 11,Juliana,2,Alta,3,Homologação,Frontend,Não
1277,2026-03-10,2026-03-10,Crítica,Fechado,Login,Sprint 3,Fernanda,18,Média,2,Produção,Backend,Não
1278,2026-01-20,2026-01-22,Média,Aberto,Dashboard,Sprint 11,Juliana,66,Baixa,1,Homologação,Backend,Sim
1279,2025-07-24,2025-07-25,Alta,Fechado,Login,Sprint 11,João,36,Alta,3,Homologação,Backend,Sim
1280,2026-04-13,2026-04-16,Alta,Aberto,Mobile App,Sprint 6,Marcos,74,Alta,3,Homologação,API,Não
1281,2025-06-19,2025-06-19,Baixa,Aberto,Pagamento,Sprint 2,Juliana,9,Baixa,1,Produção,Backend,Não
1282,2024-06-06,2024-06-07,Média,Aberto,Pagamento,Sprint 12,João,42,Baixa,1,Homologação,Frontend,Sim
1283,2025-08-10,2025-08-13,Baixa,Aberto,Mobile App,Sprint 2,João,79,Média,2,Homologação,API,Sim
1284,2024-06-09,2024-06-13,Alta,Aberto,Mobile App,Sprint 8,João,119,Baixa,1,Produção,API,Sim
1285,2024-08-31,2024-09-01,Crítica,Fechado,Mobile App,Sprint 5,Ana,26,Média,2,Produção,API,Sim
1286,2024-10-12,2024-10-14,Média,Aberto,Relatórios,Sprint 1,Juliana,56,Alta,3,Produção,Frontend,Sim
1287,2024-06-05,2024-06-09,Baixa,Fechado,API Clientes,Sprint 10,Marcos,104,Baixa,1,Produção,Backend,Sim
1288,2024-12-15,2024-12-18,Crítica,Aberto,Pagamento,Sprint 10,Rafael,88,Alta,3,Homologação,API,Não
1289,2025-04-23,2025-04-24,Média,Aberto,API Clientes,Sprint 7,Juliana,46,Alta,3,Homologação,Frontend,Sim
1290,2025-01-25,2025-01-25,Alta,Aberto,Login,Sprint 8,Ana,17,Alta,3,Produção,API,Não
1291,2025-01-08,2025-01-08,Alta,Fechado,API Clientes,Sprint 12,Fernanda,3,Baixa,1,Produção,Frontend,Não
1292,2025-05-07,2025-05-07,Média,Fechado,API Clientes,Sprint 10,Carlos,10,Alta,3,Produção,API,Não
1293,2024-07-27,2024-08-01,Baixa,Aberto,Dashboard,Sprint 7,Fernanda,120,Média,2,Produção,Backend,Sim
1294,2024-08-18,2024-08-18,Alta,Aberto,Pagamento,Sprint 8,Carlos,18,Baixa,1,Produção,Backend,Sim
1295,2025-09-19,2025-09-21,Baixa,Fechado,Pagamento,Sprint 5,Juliana,54,Alta,3,Produção,Frontend,Sim
1296,2025-06-10,2025-06-12,Média,Fechado,API Clientes,Sprint 8,Fernanda,64,Alta,3,Produção,Frontend,Sim
1297,2025-11-02,2025-11-02,Crítica,Aberto,Relatórios,Sprint 8,Carlos,4,Baixa,1,Homologação,Backend,Sim
1298,2025-10-13,2025-10-15,Crítica,Aberto,Login,Sprint 8,Carlos,56,Alta,3,Homologação,Backend,Sim
1299,2026-03-03,2026-03-04,Baixa,Aberto,Pagamento,Sprint 2,Marcos,44,Média,2,Produção,Frontend,Não
1300,2024-07-01,2024-07-05,Baixa,Aberto,Mobile App,Sprint 4,Rafael,96,Alta,3,Produção,Frontend,Sim
1301,2024-05-22,2024-05-22,Média,Fechado,Login,Sprint 6,Fernanda,17,Média,2,Produção,Backend,Sim
1302,2024-09-03,2024-09-06,Crítica,Aberto,Mobile App,Sprint 2,Carlos,78,Média,2,Homologação,API,Sim
1303,2024-08-09,2024-08-11,Alta,Aberto,API Clientes,Sprint 12,Fernanda,64,Alta,3,Homologação,API,Não
1304,2025-11-13,2025-11-17,Média,Fechado,Dashboard,Sprint 12,Marcos,112,Alta,3,Produção,Frontend,Não
1305,2025-12-11,2025-12-15,Crítica,Fechado,Login,Sprint 4,Ana,116,Média,2,Produção,Backend,Sim
1306,2026-02-18,2026-02-18,Média,Aberto,Pagamento,Sprint 12,João,16,Média,2,Homologação,Frontend,Sim
1307,2026-04-07,2026-04-09,Alta,Fechado,Relatórios,Sprint 7,Fernanda,64,Baixa,1,Produção,Frontend,Não
1308,2026-03-04,2026-03-08,Crítica,Fechado,Login,Sprint 7,João,110,Alta,3,Homologação,Frontend,Sim
1309,2025-11-05,2025-11-06,Média,Fechado,Relatórios,Sprint 1,Juliana,27,Média,2,Homologação,Frontend,Não
1310,2025-10-09,2025-10-14,Alta,Fechado,Relatórios,Sprint 4,Rafael,120,Baixa,1,Produção,Backend,Não
1311,2026-03-17,2026-03-21,Baixa,Aberto,Relatórios,Sprint 7,Juliana,111,Média,2,Homologação,API,Não
1312,2025-04-20,2025-04-22,Alta,Aberto,API Clientes,Sprint 8,Juliana,55,Alta,3,Produção,Frontend,Sim
1313,2026-02-11,2026-02-12,Alta,Aberto,Pagamento,Sprint 9,Fernanda,36,Alta,3,Homologação,API,Não
1314,2024-11-30,2024-11-30,Alta,Fechado,Dashboard,Sprint 11,Fernanda,5,Alta,3,Produção,Frontend,Não
1315,2026-03-04,2026-03-07,Alta,Fechado,Pagamento,Sprint 8,João,73,Alta,3,Produção,Backend,Sim
1316,2024-11-14,2024-11-16,Alta,Fechado,Mobile App,Sprint 9,Ana,60,Baixa,1,Homologação,Frontend,Sim
1317,2025-03-25,2025-03-26,Alta,Aberto,API Clientes,Sprint 3,Fernanda,36,Alta,3,Homologação,Backend,Não
1318,2025-06-20,2025-06-20,Média,Aberto,Relatórios,Sprint 11,Carlos,17,Baixa,1,Produção,Frontend,Sim
1319,2024-05-29,2024-05-30,Crítica,Fechado,Login,Sprint 9,Juliana,24,Alta,3,Produção,Frontend,Não
1320,2024-10-11,2024-10-12,Alta,Aberto,Relatórios,Sprint 4,Fernanda,33,Baixa,1,Produção,Frontend,Não
1321,2026-04-22,2026-04-22,Baixa,Aberto,Pagamento,Sprint 6,Marcos,15,Alta,3,Homologação,API,Não
1322,2025-09-23,2025-09-23,Crítica,Fechado,Pagamento,Sprint 1,Fernanda,10,Alta,3,Homologação,Backend,Não
1323,2024-08-19,2024-08-23,Alta,Fechado,Dashboard,Sprint 10,Carlos,115,Alta,3,Produção,Backend,Sim
1324,2024-06-22,2024-06-23,Baixa,Aberto,Relatórios,Sprint 4,Rafael,38,Baixa,1,Homologação,API,Não
1325,2024-11-27,2024-11-28,Baixa,Aberto,API Clientes,Sprint 11,Carlos,28,Média,2,Produção,Frontend,Não
1326,2024-11-13,2024-11-15,Baixa,Aberto,Relatórios,Sprint 8,Juliana,69,Alta,3,Homologação,Backend,Não
1327,2024-10-21,2024-10-22,Alta,Aberto,Dashboard,Sprint 4,Rafael,25,Alta,3,Homologação,Frontend,Não
1328,2024-08-11,2024-08-12,Baixa,Aberto,API Clientes,Sprint 12,João,41,Alta,3,Homologação,Frontend,Não
1329,2026-02-24,2026-02-27,Baixa,Fechado,Mobile App,Sprint 8,Marcos,72,Alta,3,Produção,Backend,Não
1330,2025-07-22,2025-07-23,Média,Aberto,API Clientes,Sprint 11,Marcos,30,Alta,3,Produção,API,Não
1331,2025-12-23,2025-12-27,Alta,Fechado,Login,Sprint 2,João,102,Média,2,Homologação,API,Sim
1332,2025-04-05,2025-04-08,Média,Aberto,API Clientes,Sprint 1,Ana,74,Média,2,Produção,Backend,Não
1333,2026-01-02,2026-01-06,Crítica,Aberto,Pagamento,Sprint 1,Rafael,98,Alta,3,Homologação,Frontend,Sim
1334,2024-12-04,2024-12-04,Crítica,Fechado,Dashboard,Sprint 3,João,10,Baixa,1,Produção,API,Não
1335,2024-07-14,2024-07-14,Alta,Aberto,Mobile App,Sprint 1,Carlos,16,Média,2,Homologação,Backend,Não
1336,2025-05-24,2025-05-27,Crítica,Fechado,API Clientes,Sprint 12,Ana,81,Média,2,Produção,API,Sim
1337,2025-09-27,2025-09-27,Alta,Fechado,API Clientes,Sprint 6,João,20,Baixa,1,Produção,API,Não
1338,2025-07-05,2025-07-09,Média,Fechado,API Clientes,Sprint 6,Carlos,99,Baixa,1,Homologação,Backend,Não
1339,2025-05-05,2025-05-07,Média,Aberto,Login,Sprint 12,Juliana,50,Média,2,Produção,Backend,Não
1340,2025-01-16,2025-01-19,Alta,Aberto,Dashboard,Sprint 5,Ana,74,Alta,3,Produção,Backend,Não
1341,2024-08-30,2024-09-01,Média,Aberto,Dashboard,Sprint 5,Marcos,63,Média,2,Produção,Frontend,Não
1342,2025-05-16,2025-05-16,Média,Aberto,Login,Sprint 10,Carlos,19,Baixa,1,Produção,Frontend,Não
1343,2025-11-16,2025-11-20,Alta,Aberto,Dashboard,Sprint 10,João,107,Baixa,1,Homologação,API,Sim
1344,2026-04-05,2026-04-09,Alta,Aberto,Mobile App,Sprint 12,Rafael,107,Média,2,Produção,Backend,Não
1345,2025-08-14,2025-08-16,Baixa,Aberto,Dashboard,Sprint 12,Juliana,64,Média,2,Produção,Backend,Sim
1346,2025-07-09,2025-07-13,Baixa,Fechado,Pagamento,Sprint 9,Fernanda,96,Baixa,1,Homologação,Backend,Sim
1347,2024-09-28,2024-10-01,Alta,Aberto,API Clientes,Sprint 2,Juliana,91,Alta,3,Homologação,Frontend,Sim
1348,2025-01-05,2025-01-08,Baixa,Aberto,Pagamento,Sprint 10,João,82,Alta,3,Produção,API,Sim
1349,2025-09-09,2025-09-10,Média,Fechado,Pagamento,Sprint 12,João,34,Média,2,Homologação,Frontend,Sim
1350,2024-09-01,2024-09-04,Média,Aberto,API Clientes,Sprint 2,João,82,Baixa,1,Produção,API,Sim
1351,2025-03-28,2025-03-28,Alta,Fechado,Mobile App,Sprint 10,Ana,5,Média,2,Homologação,Backend,Sim
1352,2024-09-16,2024-09-20,Média,Fechado,Mobile App,Sprint 8,João,113,Média,2,Homologação,API,Não
1353,2025-01-02,2025-01-04,Alta,Aberto,Pagamento,Sprint 2,Rafael,70,Média,2,Homologação,Backend,Não
1354,2025-01-30,2025-01-31,Crítica,Aberto,Pagamento,Sprint 8,Fernanda,42,Baixa,1,Produção,Backend,Não
1355,2024-08-29,2024-09-01,Crítica,Fechado,Relatórios,Sprint 7,Juliana,91,Baixa,1,Produção,Frontend,Não
1356,2026-04-22,2026-04-23,Média,Fechado,Login,Sprint 9,Rafael,35,Alta,3,Homologação,Backend,Não
1357,2025-12-05,2025-12-07,Crítica,Fechado,API Clientes,Sprint 5,Carlos,53,Média,2,Homologação,Backend,Sim
1358,2025-08-12,2025-08-13,Baixa,Fechado,API Clientes,Sprint 7,Ana,44,Alta,3,Produção,API,Sim
1359,2025-04-15,2025-04-19,Baixa,Fechado,Pagamento,Sprint 10,Marcos,100,Alta,3,Produção,API,Sim
1360,2024-12-13,2024-12-17,Baixa,Fechado,Dashboard,Sprint 9,Carlos,103,Média,2,Produção,API,Sim
1361,2025-04-18,2025-04-19,Média,Aberto,Relatórios,Sprint 7,Rafael,47,Alta,3,Produção,Backend,Sim
1362,2025-02-08,2025-02-12,Alta,Fechado,Pagamento,Sprint 9,Juliana,117,Média,2,Produção,Frontend,Sim
1363,2025-04-27,2025-05-01,Baixa,Fechado,API Clientes,Sprint 1,Ana,109,Baixa,1,Homologação,Backend,Sim
1364,2025-07-22,2025-07-23,Média,Aberto,Dashboard,Sprint 12,Carlos,30,Alta,3,Homologação,API,Não
1365,2024-06-26,2024-06-26,Alta,Aberto,Login,Sprint 2,Marcos,17,Alta,3,Homologação,Frontend,Sim
1366,2024-09-27,2024-10-01,Média,Aberto,Mobile App,Sprint 10,Rafael,96,Alta,3,Homologação,Frontend,Não
1367,2026-05-05,2026-05-09,Crítica,Aberto,Dashboard,Sprint 5,João,101,Média,2,Produção,Frontend,Não
1368,2026-05-05,2026-05-08,Crítica,Fechado,Dashboard,Sprint 7,Carlos,84,Alta,3,Produção,Backend,Não
1369,2024-08-17,2024-08-19,Média,Fechado,Login,Sprint 8,Juliana,62,Média,2,Homologação,Backend,Sim
1370,2025-07-04,2025-07-06,Baixa,Fechado,Pagamento,Sprint 8,Fernanda,58,Baixa,1,Homologação,API,Sim
1371,2025-04-05,2025-04-08,Alta,Aberto,Mobile App,Sprint 2,Carlos,83,Média,2,Produção,Frontend,Não
1372,2024-08-11,2024-08-14,Baixa,Aberto,API Clientes,Sprint 10,Rafael,76,Baixa,1,Homologação,API,Sim
1373,2025-08-01,2025-08-01,Alta,Fechado,Dashboard,Sprint 12,Fernanda,8,Média,2,Produção,Frontend,Não
1374,2024-06-06,2024-06-09,Crítica,Aberto,Dashboard,Sprint 12,Ana,89,Alta,3,Homologação,API,Não
1375,2024-09-14,2024-09-15,Média,Fechado,API Clientes,Sprint 12,João,41,Alta,3,Produção,Frontend,Não
1376,2025-10-01,2025-10-04,Crítica,Aberto,Login,Sprint 3,Marcos,90,Baixa,1,Produção,Frontend,Sim
1377,2025-12-18,2025-12-20,Baixa,Fechado,API Clientes,Sprint 3,Juliana,57,Baixa,1,Homologação,Frontend,Não
1378,2024-07-16,2024-07-18,Alta,Aberto,API Clientes,Sprint 5,Juliana,52,Baixa,1,Homologação,API,Não
1379,2026-03-10,2026-03-13,Média,Aberto,Dashboard,Sprint 9,Juliana,79,Média,2,Produção,API,Não
1380,2025-01-28,2025-01-30,Alta,Fechado,API Clientes,Sprint 4,Fernanda,67,Alta,3,Produção,Frontend,Não
1381,2024-07-27,2024-07-27,Crítica,Aberto,Pagamento,Sprint 8,Carlos,2,Média,2,Produção,Backend,Sim
1382,2024-07-30,2024-07-31,Baixa,Fechado,Dashboard,Sprint 2,Carlos,26,Alta,3,Homologação,API,Sim
1383,2025-02-04,2025-02-04,Média,Fechado,Mobile App,Sprint 1,Ana,9,Média,2,Homologação,Backend,Não
1384,2024-05-13,2024-05-16,Alta,Fechado,Relatórios,Sprint 7,Fernanda,75,Alta,3,Produção,Frontend,Sim
1385,2024-06-29,2024-06-29,Média,Fechado,Pagamento,Sprint 5,Marcos,14,Alta,3,Produção,Frontend,Não
1386,2025-08-29,2025-08-30,Alta,Fechado,Pagamento,Sprint 3,Carlos,43,Alta,3,Produção,Frontend,Sim
1387,2025-11-06,2025-11-10,Média,Aberto,Pagamento,Sprint 8,Rafael,119,Alta,3,Produção,Backend,Sim
1388,2025-04-24,2025-04-28,Média,Fechado,API Clientes,Sprint 11,João,115,Baixa,1,Homologação,Backend,Sim
1389,2024-10-17,2024-10-18,Crítica,Fechado,API Clientes,Sprint 12,João,31,Alta,3,Homologação,Backend,Não
1390,2024-08-24,2024-08-26,Média,Aberto,Mobile App,Sprint 5,Juliana,68,Baixa,1,Produção,Backend,Não
1391,2026-05-07,2026-05-09,Alta,Aberto,Relatórios,Sprint 7,Juliana,63,Alta,3,Homologação,Frontend,Sim
1392,2026-04-30,2026-05-04,Crítica,Fechado,Mobile App,Sprint 7,Ana,111,Média,2,Produção,Backend,Não
1393,2026-03-15,2026-03-15,Baixa,Aberto,API Clientes,Sprint 6,Marcos,23,Alta,3,Produção,Frontend,Não
1394,2025-09-12,2025-09-13,Alta,Fechado,Relatórios,Sprint 1,Marcos,43,Baixa,1,Homologação,Frontend,Não
1395,2024-08-02,2024-08-05,Crítica,Aberto,Mobile App,Sprint 12,Fernanda,83,Média,2,Homologação,API,Sim
1396,2024-11-18,2024-11-21,Crítica,Fechado,API Clientes,Sprint 3,João,74,Baixa,1,Produção,Frontend,Não
1397,2024-08-09,2024-08-09,Média,Aberto,Pagamento,Sprint 2,João,4,Alta,3,Produção,Frontend,Não
1398,2025-08-23,2025-08-26,Baixa,Fechado,Login,Sprint 9,Fernanda,82,Alta,3,Produção,API,Sim
1399,2024-08-20,2024-08-21,Alta,Aberto,Relatórios,Sprint 12,Fernanda,43,Alta,3,Produção,API,Não
1400,2024-10-06,2024-10-08,Baixa,Aberto,Pagamento,Sprint 9,Ana,54,Alta,3,Homologação,Frontend,Sim
1401,2026-01-10,2026-01-12,Alta,Aberto,Mobile App,Sprint 9,João,57,Baixa,1,Produção,API,Sim
1402,2024-09-12,2024-09-13,Alta,Aberto,Dashboard,Sprint 8,Marcos,40,Média,2,Produção,API,Não
1403,2025-11-16,2025-11-16,Baixa,Aberto,Mobile App,Sprint 2,Ana,12,Baixa,1,Homologação,API,Sim
1404,2025-06-18,2025-06-22,Baixa,Aberto,Mobile App,Sprint 6,João,99,Baixa,1,Produção,API,Sim
1405,2025-03-01,2025-03-02,Média,Aberto,Dashboard,Sprint 1,João,40,Alta,3,Homologação,Frontend,Não
1406,2025-04-29,2025-04-29,Alta,Fechado,Pagamento,Sprint 4,Fernanda,18,Alta,3,Produção,Frontend,Não
1407,2024-12-08,2024-12-09,Crítica,Fechado,Login,Sprint 8,Fernanda,34,Alta,3,Homologação,Backend,Não
1408,2024-07-20,2024-07-24,Média,Aberto,Relatórios,Sprint 7,Ana,107,Alta,3,Produção,API,Não
1409,2024-09-26,2024-09-27,Alta,Aberto,Dashboard,Sprint 12,Marcos,45,Alta,3,Homologação,Frontend,Sim
1410,2025-06-25,2025-06-26,Crítica,Fechado,Login,Sprint 2,Marcos,34,Baixa,1,Produção,Backend,Sim
1411,2025-02-20,2025-02-22,Alta,Fechado,Relatórios,Sprint 7,Juliana,60,Alta,3,Produção,Backend,Sim
1412,2025-04-12,2025-04-15,Baixa,Aberto,API Clientes,Sprint 8,Fernanda,81,Média,2,Homologação,API,Sim
1413,2025-10-17,2025-10-18,Alta,Aberto,API Clientes,Sprint 9,Ana,24,Média,2,Produção,Backend,Não
1414,2025-01-16,2025-01-19,Crítica,Fechado,API Clientes,Sprint 4,Fernanda,76,Alta,3,Homologação,API,Não
1415,2024-10-15,2024-10-17,Crítica,Fechado,Login,Sprint 4,Rafael,62,Alta,3,Produção,Backend,Não
1416,2025-11-01,2025-11-05,Crítica,Aberto,Pagamento,Sprint 9,Ana,100,Média,2,Homologação,API,Sim
1417,2025-10-13,2025-10-16,Média,Fechado,Login,Sprint 2,Fernanda,73,Baixa,1,Produção,Backend,Não
1418,2025-08-05,2025-08-07,Crítica,Aberto,Mobile App,Sprint 3,Ana,51,Baixa,1,Produção,Backend,Não
1419,2025-06-02,2025-06-02,Média,Aberto,API Clientes,Sprint 2,Juliana,11,Baixa,1,Produção,Frontend,Não
1420,2024-09-24,2024-09-24,Média,Fechado,Login,Sprint 8,Marcos,1,Média,2,Homologação,API,Sim
1421,2024-07-04,2024-07-08,Crítica,Fechado,Mobile App,Sprint 4,Rafael,117,Média,2,Produção,Backend,Sim
1422,2026-03-23,2026-03-24,Crítica,Fechado,Dashboard,Sprint 11,Juliana,41,Baixa,1,Homologação,API,Não
1423,2025-02-19,2025-02-21,Alta,Fechado,Mobile App,Sprint 12,Marcos,69,Baixa,1,Produção,Frontend,Sim
1424,2025-03-26,2025-03-30,Alta,Fechado,Dashboard,Sprint 9,Rafael,99,Baixa,1,Produção,API,Não
1425,2024-12-28,2025-01-01,Média,Aberto,API Clientes,Sprint 4,Carlos,118,Baixa,1,Produção,Backend,Não
1426,2024-07-05,2024-07-05,Crítica,Aberto,API Clientes,Sprint 3,Fernanda,12,Média,2,Homologação,Backend,Não
1427,2025-10-12,2025-10-12,Crítica,Aberto,Pagamento,Sprint 7,Juliana,5,Média,2,Produção,Backend,Sim
1428,2025-10-15,2025-10-16,Baixa,Fechado,Login,Sprint 3,Fernanda,45,Alta,3,Produção,API,Não
1429,2026-03-20,2026-03-23,Baixa,Fechado,Mobile App,Sprint 11,João,88,Média,2,Homologação,Frontend,Não
1430,2025-08-31,2025-09-02,Baixa,Fechado,Relatórios,Sprint 6,Rafael,55,Média,2,Homologação,API,Não
1431,2025-11-26,2025-11-30,Alta,Aberto,Pagamento,Sprint 7,Marcos,109,Alta,3,Homologação,API,Sim
1432,2025-01-10,2025-01-10,Alta,Fechado,Pagamento,Sprint 9,Rafael,20,Baixa,1,Homologação,Backend,Sim
1433,2026-04-05,2026-04-07,Baixa,Aberto,API Clientes,Sprint 8,Fernanda,60,Média,2,Produção,API,Não
1434,2026-02-07,2026-02-08,Alta,Fechado,Login,Sprint 9,Fernanda,33,Média,2,Produção,Backend,Não
1435,2025-09-02,2025-09-04,Crítica,Fechado,Dashboard,Sprint 11,Carlos,54,Baixa,1,Produção,Backend,Sim
1436,2024-06-21,2024-06-23,Crítica,Aberto,Pagamento,Sprint 2,Marcos,69,Alta,3,Produção,Frontend,Sim
1437,2025-09-15,2025-09-18,Crítica,Fechado,Dashboard,Sprint 8,Juliana,82,Média,2,Produção,API,Não
1438,2025-09-24,2025-09-24,Alta,Fechado,Login,Sprint 3,Marcos,6,Baixa,1,Produção,Backend,Sim
1439,2026-01-05,2026-01-06,Alta,Fechado,API Clientes,Sprint 1,Ana,44,Alta,3,Homologação,API,Sim
1440,2025-10-26,2025-10-30,Baixa,Aberto,Relatórios,Sprint 5,Fernanda,108,Média,2,Produção,API,Sim
1441,2026-04-18,2026-04-20,Crítica,Aberto,API Clientes,Sprint 5,Juliana,48,Alta,3,Produção,Backend,Sim
1442,2024-11-05,2024-11-08,Média,Fechado,Dashboard,Sprint 1,João,78,Média,2,Produção,Frontend,Não
1443,2025-01-19,2025-01-22,Alta,Fechado,API Clientes,Sprint 10,Rafael,85,Baixa,1,Homologação,Frontend,Sim
1444,2025-01-22,2025-01-23,Alta,Aberto,Login,Sprint 10,Fernanda,29,Baixa,1,Homologação,API,Não
1445,2024-11-29,2024-12-02,Alta,Fechado,API Clientes,Sprint 9,Carlos,82,Alta,3,Homologação,Backend,Não
1446,2024-06-16,2024-06-17,Média,Fechado,Mobile App,Sprint 8,Ana,45,Média,2,Produção,API,Não
1447,2025-06-19,2025-06-20,Baixa,Aberto,Mobile App,Sprint 8,Marcos,33,Média,2,Homologação,Frontend,Sim
1448,2024-07-18,2024-07-22,Alta,Fechado,Dashboard,Sprint 6,João,96,Alta,3,Homologação,Frontend,Sim
1449,2024-11-16,2024-11-19,Média,Fechado,Relatórios,Sprint 7,João,80,Alta,3,Produção,Backend,Não
1450,2024-05-08,2024-05-09,Média,Fechado,Relatórios,Sprint 2,Carlos,31,Média,2,Homologação,Frontend,Sim
1451,2024-10-14,2024-10-14,Alta,Aberto,Pagamento,Sprint 12,João,15,Alta,3,Homologação,Backend,Sim
1452,2025-05-20,2025-05-22,Alta,Fechado,Dashboard,Sprint 11,Carlos,54,Alta,3,Homologação,API,Não
1453,2025-04-27,2025-04-28,Crítica,Fechado,Dashboard,Sprint 8,Ana,29,Média,2,Produção,Backend,Não
1454,2026-03-01,2026-03-01,Alta,Fechado,Mobile App,Sprint 3,Juliana,1,Alta,3,Produção,Backend,Não
1455,2024-05-23,2024-05-25,Média,Aberto,Relatórios,Sprint 4,Ana,54,Média,2,Produção,API,Não
1456,2026-04-01,2026-04-01,Média,Aberto,Relatórios,Sprint 11,João,3,Média,2,Produção,Backend,Sim
1457,2025-02-14,2025-02-18,Crítica,Aberto,Pagamento,Sprint 8,Fernanda,96,Alta,3,Produção,Frontend,Não
1458,2024-11-10,2024-11-15,Média,Fechado,Pagamento,Sprint 5,Carlos,120,Alta,3,Produção,Frontend,Não
1459,2026-01-02,2026-01-04,Crítica,Aberto,Pagamento,Sprint 8,Marcos,59,Baixa,1,Produção,API,Não
1460,2025-05-23,2025-05-27,Média,Fechado,Mobile App,Sprint 2,Carlos,112,Baixa,1,Produção,API,Não
1461,2025-09-04,2025-09-08,Crítica,Fechado,Login,Sprint 7,Fernanda,111,Alta,3,Produção,API,Sim
1462,2025-10-28,2025-10-30,Baixa,Fechado,API Clientes,Sprint 12,Rafael,57,Média,2,Produção,Backend,Não
1463,2024-12-09,2024-12-12,Crítica,Fechado,Login,Sprint 2,Ana,92,Alta,3,Homologação,API,Sim
1464,2026-02-02,2026-02-05,Alta,Fechado,Mobile App,Sprint 6,Ana,93,Baixa,1,Produção,Backend,Sim
1465,2025-02-10,2025-02-11,Alta,Aberto,API Clientes,Sprint 12,João,34,Baixa,1,Produção,Backend,Não
1466,2025-03-07,2025-03-08,Crítica,Fechado,API Clientes,Sprint 12,Fernanda,38,Alta,3,Homologação,API,Sim
1467,2026-03-05,2026-03-09,Média,Fechado,Login,Sprint 4,Fernanda,98,Baixa,1,Homologação,API,Não
1468,2026-01-24,2026-01-25,Média,Fechado,API Clientes,Sprint 12,João,40,Alta,3,Homologação,Frontend,Sim
1469,2025-04-03,2025-04-03,Alta,Fechado,Dashboard,Sprint 11,Ana,19,Alta,3,Produção,Frontend,Não
1470,2025-11-01,2025-11-01,Baixa,Fechado,Dashboard,Sprint 12,Marcos,19,Alta,3,Homologação,Backend,Sim
1471,2024-07-08,2024-07-09,Média,Fechado,Relatórios,Sprint 6,João,45,Alta,3,Homologação,API,Sim
1472,2025-11-05,2025-11-09,Crítica,Aberto,API Clientes,Sprint 7,Carlos,112,Alta,3,Produção,Backend,Sim
1473,2025-08-20,2025-08-21,Média,Aberto,Dashboard,Sprint 10,Rafael,40,Baixa,1,Produção,API,Sim
1474,2025-05-16,2025-05-17,Crítica,Aberto,Mobile App,Sprint 9,Ana,46,Média,2,Produção,Backend,Sim
1475,2024-11-10,2024-11-12,Baixa,Fechado,Relatórios,Sprint 2,Fernanda,52,Alta,3,Produção,Frontend,Não
1476,2025-02-14,2025-02-17,Média,Aberto,Dashboard,Sprint 12,Ana,73,Alta,3,Produção,Frontend,Não
1477,2026-03-10,2026-03-10,Alta,Fechado,Login,Sprint 12,Ana,23,Baixa,1,Produção,Frontend,Não
1478,2026-03-16,2026-03-16,Média,Aberto,Relatórios,Sprint 10,João,8,Baixa,1,Homologação,Frontend,Sim
1479,2026-03-30,2026-03-31,Baixa,Aberto,API Clientes,Sprint 2,João,41,Alta,3,Produção,Backend,Sim
1480,2025-01-31,2025-01-31,Média,Fechado,Dashboard,Sprint 10,Carlos,13,Alta,3,Homologação,Frontend,Não
1481,2025-07-25,2025-07-29,Média,Fechado,Login,Sprint 5,Rafael,100,Alta,3,Homologação,API,Não
1482,2025-10-18,2025-10-20,Média,Fechado,Relatórios,Sprint 8,Marcos,64,Alta,3,Homologação,API,Não
1483,2026-01-15,2026-01-16,Média,Fechado,Dashboard,Sprint 11,Marcos,34,Alta,3,Homologação,API,Não
1484,2026-04-28,2026-04-28,Crítica,Aberto,Dashboard,Sprint 9,João,15,Baixa,1,Homologação,Frontend,Sim
1485,2024-08-14,2024-08-14,Alta,Aberto,API Clientes,Sprint 6,Juliana,9,Média,2,Produção,Frontend,Sim
1486,2024-08-05,2024-08-09,Média,Fechado,Relatórios,Sprint 5,Fernanda,98,Baixa,1,Homologação,Frontend,Não
1487,2025-01-16,2025-01-20,Média,Aberto,Dashboard,Sprint 3,Ana,119,Alta,3,Homologação,Frontend,Sim
1488,2025-03-07,2025-03-10,Média,Fechado,Relatórios,Sprint 8,Juliana,79,Alta,3,Homologação,API,Não
1489,2025-09-17,2025-09-18,Crítica,Fechado,Dashboard,Sprint 3,Fernanda,30,Média,2,Homologação,API,Não
1490,2025-04-14,2025-04-18,Alta,Fechado,Dashboard,Sprint 7,Marcos,107,Alta,3,Homologação,Backend,Sim
1491,2026-04-13,2026-04-17,Baixa,Fechado,Dashboard,Sprint 11,Rafael,98,Média,2,Produção,Backend,Não
1492,2025-09-04,2025-09-04,Média,Aberto,Mobile App,Sprint 12,Fernanda,3,Alta,3,Homologação,Backend,Sim
1493,2026-02-12,2026-02-13,Crítica,Fechado,Relatórios,Sprint 9,Juliana,42,Média,2,Produção,Frontend,Não
1494,2025-01-07,2025-01-11,Baixa,Aberto,Pagamento,Sprint 3,Fernanda,110,Média,2,Homologação,API,Não
1495,2026-01-08,2026-01-08,Crítica,Fechado,Pagamento,Sprint 5,Marcos,6,Alta,3,Homologação,Frontend,Sim
1496,2025-02-05,2025-02-05,Alta,Fechado,Relatórios,Sprint 6,João,8,Alta,3,Homologação,Frontend,Não
1497,2025-02-26,2025-02-26,Baixa,Fechado,Mobile App,Sprint 7,Rafael,18,Alta,3,Produção,Frontend,Não
1498,2025-05-19,2025-05-22,Baixa,Fechado,Pagamento,Sprint 6,Marcos,74,Baixa,1,Homologação,API,Não
1499,2025-04-02,2025-04-05,Média,Aberto,Mobile App,Sprint 12,Juliana,89,Baixa,1,Homologação,Backend,Não
1500,2025-02-02,2025-02-06,Média,Fechado,API Clientes,Sprint 4,João,96,Baixa,1,Homologação,Backend,Sim
1501,2025-12-02,2025-12-05,Alta,Fechado,Relatórios,Sprint 12,Carlos,87,Alta,3,Produção,Frontend,Não
1502,2025-01-17,2025-01-19,Crítica,Aberto,Relatórios,Sprint 1,Marcos,55,Média,2,Homologação,Frontend,Não
1503,2024-11-25,2024-11-25,Alta,Fechado,Dashboard,Sprint 10,Fernanda,5,Alta,3,Produção,API,Sim
1504,2026-04-12,2026-04-15,Baixa,Aberto,Relatórios,Sprint 2,Marcos,73,Baixa,1,Homologação,API,Sim
1505,2025-12-25,2025-12-29,Crítica,Fechado,API Clientes,Sprint 8,Juliana,97,Baixa,1,Produção,API,Não
1506,2025-12-09,2025-12-09,Alta,Fechado,Relatórios,Sprint 12,Juliana,10,Baixa,1,Homologação,Frontend,Não
1507,2024-11-24,2024-11-27,Baixa,Fechado,Login,Sprint 1,Ana,74,Média,2,Homologação,Backend,Sim
1508,2025-11-08,2025-11-09,Alta,Fechado,Mobile App,Sprint 11,Ana,34,Baixa,1,Homologação,API,Sim
1509,2024-10-23,2024-10-24,Média,Fechado,Pagamento,Sprint 2,Carlos,25,Baixa,1,Produção,Frontend,Não
1510,2026-04-19,2026-04-19,Alta,Aberto,Mobile App,Sprint 4,Ana,9,Média,2,Homologação,Frontend,Não
1511,2024-11-20,2024-11-21,Média,Fechado,Login,Sprint 3,João,35,Baixa,1,Produção,Backend,Sim
1512,2025-11-17,2025-11-19,Média,Fechado,Login,Sprint 8,João,57,Alta,3,Homologação,Frontend,Sim
1513,2025-07-21,2025-07-25,Baixa,Aberto,Pagamento,Sprint 9,Marcos,99,Média,2,Produção,Frontend,Sim
1514,2025-08-14,2025-08-14,Alta,Fechado,API Clientes,Sprint 4,Ana,16,Média,2,Produção,API,Não
1515,2024-12-31,2025-01-02,Baixa,Fechado,Login,Sprint 1,João,62,Média,2,Homologação,Backend,Sim
1516,2025-06-29,2025-06-30,Alta,Aberto,API Clientes,Sprint 11,Fernanda,46,Média,2,Produção,API,Sim
1517,2024-06-08,2024-06-11,Crítica,Fechado,Login,Sprint 5,Juliana,84,Alta,3,Homologação,Frontend,Sim
1518,2025-12-12,2025-12-16,Média,Aberto,Pagamento,Sprint 9,Ana,109,Baixa,1,Produção,API,Não
1519,2026-03-09,2026-03-13,Baixa,Aberto,Mobile App,Sprint 11,Fernanda,98,Baixa,1,Homologação,API,Não
1520,2024-07-11,2024-07-15,Crítica,Aberto,Pagamento,Sprint 9,Ana,106,Baixa,1,Produção,Backend,Sim
1521,2025-01-24,2025-01-28,Baixa,Fechado,Pagamento,Sprint 5,João,101,Baixa,1,Homologação,Backend,Não
1522,2026-02-15,2026-02-15,Alta,Aberto,API Clientes,Sprint 1,Juliana,4,Baixa,1,Produção,Backend,Sim
1523,2026-01-19,2026-01-21,Média,Aberto,Login,Sprint 1,Fernanda,70,Média,2,Produção,Frontend,Não
1524,2026-05-02,2026-05-02,Crítica,Fechado,API Clientes,Sprint 9,João,9,Baixa,1,Produção,API,Sim
1525,2025-09-24,2025-09-25,Crítica,Fechado,Pagamento,Sprint 6,Juliana,40,Média,2,Homologação,API,Sim
1526,2025-08-15,2025-08-17,Média,Aberto,Pagamento,Sprint 9,Ana,62,Média,2,Produção,Frontend,Sim
1527,2024-10-13,2024-10-17,Crítica,Fechado,Relatórios,Sprint 2,Ana,96,Baixa,1,Produção,Backend,Sim
1528,2025-02-04,2025-02-07,Alta,Fechado,Mobile App,Sprint 8,Juliana,94,Alta,3,Homologação,Frontend,Não
1529,2026-04-15,2026-04-17,Média,Aberto,Mobile App,Sprint 7,Juliana,55,Média,2,Produção,Frontend,Sim
1530,2024-11-28,2024-11-28,Baixa,Aberto,Pagamento,Sprint 7,Fernanda,2,Baixa,1,Produção,API,Não
1531,2025-02-26,2025-02-28,Média,Fechado,API Clientes,Sprint 4,João,62,Média,2,Homologação,API,Não
1532,2026-01-20,2026-01-20,Alta,Fechado,Dashboard,Sprint 3,Fernanda,16,Alta,3,Homologação,Backend,Não
1533,2025-08-14,2025-08-17,Alta,Fechado,Login,Sprint 6,João,85,Baixa,1,Produção,API,Sim
1534,2024-06-09,2024-06-09,Crítica,Aberto,Login,Sprint 9,Juliana,13,Baixa,1,Homologação,Frontend,Não
1535,2025-07-18,2025-07-19,Crítica,Aberto,Relatórios,Sprint 3,João,40,Média,2,Produção,Frontend,Sim
1536,2025-04-27,2025-05-01,Média,Fechado,Relatórios,Sprint 10,Rafael,100,Baixa,1,Produção,API,Sim
1537,2024-12-11,2024-12-15,Alta,Aberto,Mobile App,Sprint 9,Ana,103,Alta,3,Homologação,Frontend,Sim
1538,2025-03-05,2025-03-08,Média,Aberto,Relatórios,Sprint 10,João,88,Baixa,1,Produção,Backend,Sim
1539,2024-12-12,2024-12-14,Crítica,Fechado,API Clientes,Sprint 8,Fernanda,52,Média,2,Produção,API,Não
1540,2025-11-19,2025-11-19,Alta,Fechado,Pagamento,Sprint 12,Marcos,1,Baixa,1,Produção,Frontend,Não
1541,2025-09-28,2025-09-28,Crítica,Aberto,Pagamento,Sprint 7,Rafael,18,Baixa,1,Produção,API,Não
1542,2025-10-16,2025-10-18,Média,Aberto,Dashboard,Sprint 2,Ana,51,Alta,3,Homologação,Frontend,Não
1543,2024-07-16,2024-07-16,Média,Aberto,API Clientes,Sprint 3,Juliana,16,Alta,3,Homologação,Backend,Sim
1544,2025-09-07,2025-09-10,Alta,Aberto,Mobile App,Sprint 10,João,82,Baixa,1,Produção,API,Não
1545,2025-08-07,2025-08-08,Crítica,Aberto,Login,Sprint 12,Fernanda,39,Baixa,1,Homologação,Frontend,Não
1546,2025-04-04,2025-04-08,Baixa,Fechado,API Clientes,Sprint 10,Ana,108,Média,2,Homologação,Backend,Sim
1547,2024-11-29,2024-12-01,Baixa,Fechado,Pagamento,Sprint 11,João,67,Baixa,1,Homologação,Backend,Sim
1548,2025-02-23,2025-02-26,Alta,Fechado,Dashboard,Sprint 11,Marcos,82,Baixa,1,Homologação,Backend,Não
1549,2026-02-08,2026-02-09,Baixa,Aberto,Mobile App,Sprint 8,Ana,46,Baixa,1,Homologação,Frontend,Não
1550,2025-12-10,2025-12-13,Baixa,Fechado,Relatórios,Sprint 10,Rafael,86,Média,2,Homologação,API,Não
1551,2026-02-28,2026-02-28,Baixa,Aberto,Relatórios,Sprint 2,Carlos,6,Alta,3,Produção,Backend,Não
1552,2025-11-12,2025-11-16,Baixa,Fechado,Mobile App,Sprint 8,Rafael,105,Média,2,Homologação,API,Sim
1553,2025-10-19,2025-10-21,Crítica,Aberto,Pagamento,Sprint 10,Ana,52,Alta,3,Produção,API,Não
1554,2024-10-27,2024-10-27,Crítica,Aberto,Mobile App,Sprint 8,Rafael,13,Média,2,Homologação,Backend,Não
1555,2025-04-12,2025-04-13,Alta,Fechado,Login,Sprint 6,João,46,Baixa,1,Homologação,Frontend,Sim
1556,2024-10-14,2024-10-17,Alta,Fechado,Dashboard,Sprint 3,Rafael,72,Alta,3,Homologação,Frontend,Não
1557,2024-08-20,2024-08-21,Média,Fechado,Dashboard,Sprint 2,Juliana,46,Alta,3,Produção,API,Não
1558,2024-12-21,2024-12-22,Crítica,Aberto,API Clientes,Sprint 4,Fernanda,41,Alta,3,Homologação,Backend,Não
1559,2024-06-24,2024-06-28,Alta,Aberto,Pagamento,Sprint 6,Carlos,104,Média,2,Produção,Frontend,Não
1560,2025-11-22,2025-11-26,Alta,Aberto,API Clientes,Sprint 10,Juliana,117,Alta,3,Produção,Frontend,Sim
1561,2024-07-23,2024-07-23,Crítica,Fechado,Pagamento,Sprint 12,Fernanda,12,Alta,3,Homologação,Backend,Sim
1562,2025-11-16,2025-11-20,Baixa,Fechado,Relatórios,Sprint 10,Carlos,118,Média,2,Homologação,Frontend,Não
1563,2025-07-05,2025-07-09,Média,Aberto,Mobile App,Sprint 5,Carlos,106,Baixa,1,Homologação,Frontend,Sim
1564,2026-01-09,2026-01-10,Crítica,Aberto,Pagamento,Sprint 1,Fernanda,32,Baixa,1,Produção,Frontend,Não
1565,2024-10-12,2024-10-16,Crítica,Aberto,API Clientes,Sprint 3,Rafael,108,Média,2,Homologação,API,Não
1566,2025-12-07,2025-12-11,Alta,Fechado,API Clientes,Sprint 6,Fernanda,96,Média,2,Produção,Backend,Não
1567,2025-01-25,2025-01-25,Média,Fechado,Mobile App,Sprint 4,Rafael,10,Alta,3,Produção,Frontend,Não
1568,2024-11-21,2024-11-23,Baixa,Aberto,Mobile App,Sprint 6,Juliana,69,Média,2,Produção,Backend,Não
1569,2024-06-30,2024-07-03,Crítica,Fechado,API Clientes,Sprint 10,João,74,Baixa,1,Produção,Frontend,Sim
1570,2024-09-28,2024-10-01,Baixa,Fechado,API Clientes,Sprint 12,Ana,72,Média,2,Produção,API,Não
1571,2026-02-02,2026-02-02,Alta,Fechado,Mobile App,Sprint 1,Juliana,9,Alta,3,Homologação,Backend,Sim
1572,2024-08-08,2024-08-10,Crítica,Fechado,Relatórios,Sprint 12,Juliana,51,Baixa,1,Homologação,Backend,Sim
1573,2024-12-05,2024-12-08,Crítica,Aberto,Relatórios,Sprint 11,Marcos,73,Alta,3,Homologação,Frontend,Sim
1574,2024-12-12,2024-12-15,Baixa,Aberto,Relatórios,Sprint 2,Marcos,92,Média,2,Homologação,API,Sim
1575,2025-12-04,2025-12-07,Média,Aberto,Pagamento,Sprint 1,Juliana,94,Baixa,1,Homologação,API,Sim
1576,2026-04-11,2026-04-12,Baixa,Fechado,Relatórios,Sprint 12,Juliana,43,Baixa,1,Homologação,Backend,Não
1577,2024-09-04,2024-09-07,Média,Fechado,Pagamento,Sprint 2,Fernanda,90,Média,2,Homologação,Frontend,Não
1578,2025-09-01,2025-09-05,Crítica,Aberto,Pagamento,Sprint 5,João,113,Média,2,Produção,Frontend,Não
1579,2024-08-14,2024-08-17,Baixa,Fechado,API Clientes,Sprint 2,Marcos,83,Alta,3,Homologação,Frontend,Sim
1580,2025-09-30,2025-10-03,Alta,Aberto,Pagamento,Sprint 1,Marcos,72,Baixa,1,Produção,Frontend,Não
1581,2026-02-28,2026-03-02,Baixa,Fechado,Login,Sprint 3,Ana,50,Média,2,Homologação,Frontend,Sim
1582,2026-03-01,2026-03-02,Média,Fechado,Relatórios,Sprint 3,João,45,Baixa,1,Produção,API,Sim
1583,2025-07-17,2025-07-21,Baixa,Aberto,Relatórios,Sprint 2,Rafael,105,Média,2,Homologação,Backend,Sim
1584,2025-01-12,2025-01-13,Média,Aberto,Login,Sprint 8,Ana,45,Alta,3,Produção,API,Não
1585,2024-12-15,2024-12-17,Crítica,Fechado,Login,Sprint 11,Marcos,59,Alta,3,Produção,Backend,Sim
1586,2025-11-23,2025-11-24,Média,Fechado,Pagamento,Sprint 7,Carlos,47,Baixa,1,Homologação,Frontend,Não
1587,2025-05-13,2025-05-17,Baixa,Aberto,Mobile App,Sprint 11,Fernanda,104,Alta,3,Homologação,API,Sim
1588,2024-09-21,2024-09-22,Média,Fechado,Pagamento,Sprint 5,Juliana,37,Média,2,Homologação,Backend,Não
1589,2024-11-30,2024-12-02,Crítica,Aberto,API Clientes,Sprint 2,Fernanda,49,Baixa,1,Homologação,API,Não
1590,2025-05-19,2025-05-20,Alta,Aberto,Relatórios,Sprint 1,Ana,40,Média,2,Produção,Backend,Sim
1591,2025-07-03,2025-07-06,Baixa,Aberto,Login,Sprint 5,João,83,Média,2,Produção,Backend,Sim
1592,2025-05-30,2025-06-03,Crítica,Aberto,Relatórios,Sprint 6,Juliana,106,Alta,3,Produção,Frontend,Sim
1593,2026-03-12,2026-03-14,Média,Fechado,Login,Sprint 12,Ana,59,Baixa,1,Homologação,Frontend,Sim
1594,2024-12-14,2024-12-14,Média,Aberto,Dashboard,Sprint 1,Ana,6,Média,2,Homologação,Frontend,Não
1595,2025-11-23,2025-11-27,Alta,Fechado,Login,Sprint 3,Ana,106,Baixa,1,Produção,API,Não
1596,2025-04-07,2025-04-11,Alta,Aberto,Mobile App,Sprint 12,Fernanda,113,Média,2,Homologação,API,Sim
1597,2025-01-06,2025-01-08,Crítica,Fechado,Pagamento,Sprint 8,Fernanda,54,Média,2,Produção,API,Não
1598,2024-07-09,2024-07-09,Crítica,Aberto,Mobile App,Sprint 12,Ana,6,Alta,3,Produção,API,Sim
1599,2024-06-09,2024-06-09,Crítica,Aberto,Pagamento,Sprint 9,Fernanda,15,Baixa,1,Produção,API,Não
1600,2025-05-15,2025-05-18,Crítica,Fechado,Relatórios,Sprint 5,Fernanda,88,Alta,3,Homologação,Frontend,Sim
1601,2024-09-07,2024-09-09,Baixa,Fechado,Pagamento,Sprint 3,Marcos,51,Baixa,1,Produção,Backend,Não
1602,2024-12-21,2024-12-21,Média,Aberto,API Clientes,Sprint 3,Carlos,14,Baixa,1,Produção,Frontend,Não
1603,2025-04-09,2025-04-12,Crítica,Aberto,API Clientes,Sprint 10,Rafael,79,Média,2,Produção,API,Sim
1604,2025-12-21,2025-12-25,Alta,Aberto,Relatórios,Sprint 1,Ana,99,Baixa,1,Homologação,Backend,Sim
1605,2025-09-08,2025-09-09,Média,Aberto,API Clientes,Sprint 7,Ana,45,Média,2,Homologação,API,Sim
1606,2026-01-22,2026-01-23,Média,Fechado,Mobile App,Sprint 12,João,29,Baixa,1,Produção,Backend,Sim
1607,2025-10-20,2025-10-24,Alta,Aberto,Pagamento,Sprint 9,Fernanda,108,Baixa,1,Produção,Frontend,Sim
1608,2025-01-07,2025-01-09,Baixa,Aberto,Mobile App,Sprint 6,Fernanda,53,Alta,3,Produção,Frontend,Sim
1609,2025-04-01,2025-04-04,Baixa,Fechado,Login,Sprint 10,Carlos,88,Baixa,1,Homologação,API,Sim
1610,2024-06-17,2024-06-21,Baixa,Aberto,Login,Sprint 11,Rafael,110,Baixa,1,Homologação,API,Não
1611,2024-06-03,2024-06-04,Crítica,Fechado,Mobile App,Sprint 4,Juliana,37,Alta,3,Homologação,API,Não
1612,2025-11-09,2025-11-10,Crítica,Fechado,Pagamento,Sprint 8,Marcos,45,Alta,3,Homologação,Frontend,Sim
1613,2025-06-06,2025-06-07,Média,Fechado,Dashboard,Sprint 3,Fernanda,37,Alta,3,Produção,Backend,Não
1614,2025-09-04,2025-09-04,Crítica,Fechado,Mobile App,Sprint 9,Rafael,19,Baixa,1,Produção,Backend,Sim
1615,2025-06-23,2025-06-27,Alta,Aberto,API Clientes,Sprint 7,João,108,Alta,3,Homologação,API,Não
1616,2026-03-14,2026-03-16,Crítica,Fechado,Dashboard,Sprint 6,Juliana,57,Média,2,Homologação,Frontend,Sim
1617,2025-11-22,2025-11-23,Média,Aberto,Mobile App,Sprint 11,Rafael,32,Baixa,1,Homologação,Backend,Não
1618,2024-09-16,2024-09-18,Alta,Aberto,API Clientes,Sprint 3,João,48,Alta,3,Produção,API,Não
1619,2026-03-08,2026-03-09,Crítica,Aberto,Pagamento,Sprint 4,Fernanda,39,Alta,3,Produção,API,Não
1620,2024-08-20,2024-08-25,Crítica,Aberto,API Clientes,Sprint 1,Juliana,120,Alta,3,Produção,Backend,Sim
1621,2025-01-24,2025-01-25,Média,Fechado,Relatórios,Sprint 4,Ana,35,Alta,3,Homologação,Backend,Não
1622,2024-07-29,2024-07-30,Média,Fechado,Dashboard,Sprint 10,Rafael,32,Alta,3,Produção,API,Sim
1623,2025-06-15,2025-06-19,Baixa,Aberto,Login,Sprint 1,Fernanda,101,Baixa,1,Produção,Backend,Não
1624,2025-02-17,2025-02-18,Média,Aberto,Dashboard,Sprint 2,Fernanda,26,Alta,3,Homologação,API,Não
1625,2024-10-16,2024-10-18,Média,Fechado,Dashboard,Sprint 2,Rafael,61,Média,2,Produção,Frontend,Sim
1626,2026-02-13,2026-02-15,Crítica,Aberto,Relatórios,Sprint 9,Juliana,54,Baixa,1,Homologação,API,Não
1627,2025-12-11,2025-12-14,Baixa,Aberto,API Clientes,Sprint 2,Rafael,89,Baixa,1,Produção,Frontend,Não
1628,2025-08-25,2025-08-27,Crítica,Aberto,Login,Sprint 10,Juliana,61,Média,2,Homologação,Backend,Sim
1629,2025-01-06,2025-01-08,Crítica,Fechado,Dashboard,Sprint 2,Fernanda,58,Baixa,1,Produção,Frontend,Sim
1630,2025-11-22,2025-11-25,Crítica,Aberto,Login,Sprint 11,Ana,80,Média,2,Homologação,Backend,Sim
1631,2026-01-13,2026-01-14,Crítica,Aberto,Relatórios,Sprint 10,João,46,Alta,3,Produção,Backend,Não
1632,2024-08-03,2024-08-04,Alta,Aberto,API Clientes,Sprint 6,Ana,25,Alta,3,Produção,API,Sim
1633,2025-07-04,2025-07-07,Alta,Fechado,API Clientes,Sprint 6,Carlos,90,Média,2,Homologação,API,Não
1634,2024-10-27,2024-10-30,Alta,Aberto,Pagamento,Sprint 10,Carlos,85,Baixa,1,Produção,Backend,Não
1635,2025-04-09,2025-04-10,Crítica,Fechado,Login,Sprint 12,Juliana,26,Média,2,Homologação,API,Não
1636,2025-02-26,2025-02-27,Crítica,Fechado,Mobile App,Sprint 6,Ana,43,Média,2,Homologação,API,Não
1637,2026-02-09,2026-02-11,Crítica,Fechado,Dashboard,Sprint 2,João,71,Baixa,1,Produção,API,Não
1638,2025-11-14,2025-11-18,Baixa,Aberto,Pagamento,Sprint 2,Ana,111,Alta,3,Produção,Frontend,Não
1639,2025-07-21,2025-07-21,Média,Aberto,Login,Sprint 1,Juliana,9,Baixa,1,Produção,API,Não
1640,2025-08-29,2025-09-02,Baixa,Aberto,Relatórios,Sprint 11,Rafael,112,Alta,3,Homologação,API,Não
1641,2025-07-16,2025-07-20,Baixa,Aberto,Login,Sprint 12,Ana,101,Alta,3,Produção,API,Sim
1642,2025-07-06,2025-07-07,Baixa,Aberto,API Clientes,Sprint 11,Ana,24,Baixa,1,Produção,Frontend,Sim
1643,2024-06-27,2024-06-29,Média,Fechado,Pagamento,Sprint 12,João,50,Média,2,Produção,Backend,Não
1644,2025-07-18,2025-07-21,Baixa,Fechado,Pagamento,Sprint 9,Carlos,94,Alta,3,Produção,Frontend,Sim
1645,2024-09-16,2024-09-17,Média,Aberto,Mobile App,Sprint 2,Ana,34,Baixa,1,Produção,Backend,Sim
1646,2024-05-08,2024-05-08,Alta,Fechado,Relatórios,Sprint 11,Fernanda,21,Média,2,Produção,Backend,Não
1647,2025-10-08,2025-10-12,Média,Aberto,Mobile App,Sprint 11,Fernanda,106,Média,2,Homologação,Frontend,Sim
1648,2024-05-15,2024-05-15,Crítica,Fechado,Mobile App,Sprint 1,Marcos,8,Baixa,1,Homologação,Frontend,Não
1649,2024-10-09,2024-10-09,Baixa,Fechado,Relatórios,Sprint 6,Juliana,2,Alta,3,Produção,API,Não
1650,2025-02-03,2025-02-06,Crítica,Fechado,Mobile App,Sprint 8,Fernanda,94,Média,2,Homologação,Backend,Não
1651,2025-02-16,2025-02-17,Média,Aberto,Relatórios,Sprint 3,Carlos,41,Alta,3,Homologação,Backend,Não
1652,2025-04-02,2025-04-06,Alta,Fechado,API Clientes,Sprint 8,João,113,Média,2,Produção,Frontend,Não
1653,2024-07-04,2024-07-06,Média,Fechado,API Clientes,Sprint 11,Ana,54,Baixa,1,Homologação,Backend,Sim
1654,2024-09-14,2024-09-16,Média,Aberto,Relatórios,Sprint 3,Ana,56,Alta,3,Produção,Frontend,Não
1655,2024-08-11,2024-08-13,Alta,Fechado,Pagamento,Sprint 1,João,61,Baixa,1,Homologação,Frontend,Não
1656,2024-08-20,2024-08-24,Alta,Aberto,Pagamento,Sprint 8,Marcos,107,Alta,3,Homologação,Backend,Não
1657,2025-02-04,2025-02-08,Crítica,Aberto,Dashboard,Sprint 2,Carlos,110,Baixa,1,Homologação,API,Não
1658,2024-05-23,2024-05-26,Média,Aberto,Relatórios,Sprint 8,Rafael,78,Média,2,Produção,Backend,Não
1659,2026-01-16,2026-01-16,Média,Fechado,Mobile App,Sprint 5,Juliana,2,Média,2,Homologação,API,Sim
1660,2025-02-11,2025-02-14,Alta,Fechado,Mobile App,Sprint 6,Rafael,77,Baixa,1,Produção,Backend,Não
1661,2025-01-21,2025-01-21,Crítica,Fechado,API Clientes,Sprint 4,Ana,9,Baixa,1,Homologação,API,Sim
1662,2026-01-25,2026-01-29,Crítica,Fechado,Relatórios,Sprint 6,Marcos,117,Média,2,Homologação,API,Sim
1663,2025-08-31,2025-09-04,Alta,Aberto,Mobile App,Sprint 10,Marcos,116,Baixa,1,Produção,Frontend,Não
1664,2025-01-17,2025-01-20,Baixa,Fechado,Relatórios,Sprint 2,João,73,Média,2,Produção,API,Não
1665,2024-05-25,2024-05-25,Crítica,Fechado,Relatórios,Sprint 12,Fernanda,11,Alta,3,Produção,Backend,Não
1666,2025-11-19,2025-11-23,Alta,Aberto,Dashboard,Sprint 1,João,100,Baixa,1,Produção,Frontend,Sim
1667,2025-04-16,2025-04-17,Crítica,Aberto,Dashboard,Sprint 6,João,42,Média,2,Homologação,API,Sim
1668,2025-10-09,2025-10-13,Média,Aberto,Dashboard,Sprint 12,Carlos,106,Alta,3,Produção,API,Não
1669,2026-03-22,2026-03-23,Crítica,Aberto,Dashboard,Sprint 5,Ana,32,Média,2,Produção,Backend,Sim
1670,2025-02-21,2025-02-21,Crítica,Aberto,Dashboard,Sprint 8,Rafael,4,Alta,3,Produção,Backend,Não
1671,2024-10-18,2024-10-21,Crítica,Fechado,Login,Sprint 5,João,72,Baixa,1,Homologação,Frontend,Não
1672,2026-04-11,2026-04-12,Média,Fechado,Login,Sprint 2,Carlos,37,Baixa,1,Homologação,API,Não
1673,2025-04-25,2025-04-27,Alta,Fechado,Relatórios,Sprint 1,Juliana,48,Baixa,1,Homologação,API,Não
1674,2025-06-04,2025-06-06,Alta,Aberto,Mobile App,Sprint 5,Fernanda,51,Baixa,1,Produção,API,Sim
1675,2026-05-07,2026-05-10,Média,Fechado,Login,Sprint 2,Ana,93,Alta,3,Produção,Frontend,Sim
1676,2024-09-06,2024-09-09,Baixa,Fechado,Dashboard,Sprint 6,Carlos,92,Baixa,1,Homologação,Backend,Sim
1677,2025-07-27,2025-07-29,Baixa,Fechado,Mobile App,Sprint 7,Juliana,64,Média,2,Produção,API,Sim
1678,2024-09-25,2024-09-29,Crítica,Aberto,Login,Sprint 5,Ana,105,Baixa,1,Produção,Frontend,Sim
1679,2025-09-28,2025-09-28,Média,Fechado,Login,Sprint 1,Ana,7,Alta,3,Produção,Frontend,Sim
1680,2024-09-07,2024-09-09,Alta,Fechado,Mobile App,Sprint 11,João,65,Média,2,Produção,API,Não
1681,2025-11-01,2025-11-03,Crítica,Aberto,Login,Sprint 4,Marcos,64,Baixa,1,Produção,Frontend,Sim
1682,2025-10-02,2025-10-05,Baixa,Fechado,Mobile App,Sprint 2,Marcos,75,Média,2,Homologação,API,Sim
1683,2025-03-26,2025-03-28,Média,Aberto,Mobile App,Sprint 12,Marcos,51,Baixa,1,Homologação,Backend,Não
1684,2026-04-01,2026-04-03,Média,Aberto,Relatórios,Sprint 5,Fernanda,66,Média,2,Produção,Backend,Não
1685,2025-04-06,2025-04-08,Alta,Fechado,Login,Sprint 8,Marcos,51,Baixa,1,Homologação,Frontend,Sim
1686,2024-07-21,2024-07-21,Crítica,Aberto,Mobile App,Sprint 4,Ana,15,Baixa,1,Homologação,API,Sim
1687,2025-09-10,2025-09-14,Alta,Fechado,API Clientes,Sprint 1,Juliana,114,Alta,3,Produção,API,Não
1688,2025-09-26,2025-09-27,Baixa,Fechado,Login,Sprint 4,Rafael,28,Alta,3,Produção,Backend,Sim
1689,2025-07-02,2025-07-04,Crítica,Fechado,API Clientes,Sprint 7,Marcos,64,Alta,3,Produção,Backend,Não
1690,2025-09-11,2025-09-14,Alta,Aberto,Login,Sprint 10,Carlos,72,Alta,3,Produção,Frontend,Sim
1691,2025-12-11,2025-12-15,Alta,Aberto,Dashboard,Sprint 8,João,110,Baixa,1,Produção,Frontend,Sim
1692,2026-01-10,2026-01-12,Média,Fechado,Mobile App,Sprint 6,Carlos,48,Baixa,1,Homologação,Backend,Sim
1693,2025-02-05,2025-02-06,Baixa,Fechado,Pagamento,Sprint 5,João,39,Baixa,1,Produção,Frontend,Sim
1694,2024-11-10,2024-11-14,Média,Aberto,Login,Sprint 2,Juliana,113,Média,2,Produção,Backend,Não
1695,2024-10-23,2024-10-24,Crítica,Aberto,Mobile App,Sprint 12,Ana,35,Baixa,1,Produção,Frontend,Não
1696,2024-10-07,2024-10-10,Baixa,Aberto,API Clientes,Sprint 7,Rafael,87,Média,2,Homologação,Backend,Sim
1697,2024-07-19,2024-07-19,Baixa,Aberto,Dashboard,Sprint 12,Fernanda,2,Alta,3,Homologação,Frontend,Não
1698,2025-02-19,2025-02-19,Alta,Aberto,Pagamento,Sprint 12,João,4,Alta,3,Produção,API,Sim
1699,2025-02-25,2025-03-01,Crítica,Fechado,Pagamento,Sprint 12,Rafael,112,Alta,3,Produção,Backend,Não
1700,2026-05-03,2026-05-03,Alta,Fechado,API Clientes,Sprint 9,Ana,12,Alta,3,Homologação,API,Não
1701,2026-03-13,2026-03-16,Média,Fechado,Mobile App,Sprint 11,Fernanda,93,Alta,3,Homologação,Frontend,Não
1702,2025-02-27,2025-03-01,Alta,Fechado,Pagamento,Sprint 11,Rafael,48,Média,2,Homologação,API,Não
1703,2024-08-14,2024-08-15,Baixa,Fechado,Pagamento,Sprint 6,Fernanda,47,Média,2,Homologação,Backend,Sim
1704,2025-10-14,2025-10-18,Alta,Aberto,Relatórios,Sprint 6,Marcos,114,Baixa,1,Produção,API,Sim
1705,2025-08-25,2025-08-29,Crítica,Aberto,API Clientes,Sprint 2,Marcos,105,Baixa,1,Produção,API,Sim
1706,2024-06-04,2024-06-07,Alta,Aberto,Mobile App,Sprint 4,Juliana,74,Baixa,1,Homologação,Backend,Sim
1707,2025-08-09,2025-08-10,Alta,Fechado,Relatórios,Sprint 11,Rafael,42,Alta,3,Homologação,Frontend,Não
1708,2025-07-19,2025-07-23,Baixa,Aberto,Mobile App,Sprint 11,João,96,Média,2,Produção,API,Sim
1709,2025-04-25,2025-04-28,Baixa,Fechado,Pagamento,Sprint 2,Juliana,92,Baixa,1,Homologação,Frontend,Não
1710,2026-02-06,2026-02-07,Baixa,Aberto,Login,Sprint 1,Carlos,39,Baixa,1,Homologação,Frontend,Sim
1711,2024-11-05,2024-11-06,Baixa,Aberto,Dashboard,Sprint 8,Carlos,24,Alta,3,Homologação,Backend,Não
1712,2025-01-10,2025-01-10,Alta,Fechado,API Clientes,Sprint 6,Ana,2,Alta,3,Homologação,Backend,Não
1713,2025-07-25,2025-07-28,Baixa,Fechado,Login,Sprint 8,Fernanda,82,Alta,3,Homologação,Frontend,Não
1714,2025-05-21,2025-05-24,Crítica,Aberto,API Clientes,Sprint 12,Marcos,90,Média,2,Homologação,API,Não
1715,2024-05-27,2024-05-27,Baixa,Fechado,Login,Sprint 8,Fernanda,4,Média,2,Produção,Frontend,Sim
1716,2024-05-21,2024-05-24,Baixa,Fechado,API Clientes,Sprint 12,Fernanda,93,Alta,3,Produção,API,Não
1717,2024-07-18,2024-07-18,Alta,Fechado,Pagamento,Sprint 10,João,5,Média,2,Produção,Frontend,Sim
1718,2025-02-26,2025-03-01,Baixa,Fechado,Login,Sprint 9,Ana,76,Alta,3,Homologação,Backend,Não
1719,2026-02-08,2026-02-12,Baixa,Fechado,Relatórios,Sprint 2,Juliana,103,Alta,3,Homologação,Frontend,Não
1720,2024-08-01,2024-08-02,Baixa,Fechado,Relatórios,Sprint 6,João,38,Baixa,1,Produção,API,Sim
1721,2026-03-19,2026-03-23,Média,Fechado,API Clientes,Sprint 4,Carlos,108,Baixa,1,Homologação,API,Sim
1722,2024-12-20,2024-12-24,Baixa,Fechado,Pagamento,Sprint 4,Fernanda,99,Média,2,Homologação,Frontend,Não
1723,2025-09-30,2025-10-04,Baixa,Aberto,Pagamento,Sprint 3,Ana,104,Alta,3,Produção,Backend,Não
1724,2024-11-10,2024-11-11,Crítica,Aberto,Mobile App,Sprint 9,Juliana,47,Alta,3,Homologação,API,Sim
1725,2025-09-06,2025-09-08,Baixa,Fechado,API Clientes,Sprint 9,Juliana,54,Média,2,Homologação,Frontend,Sim
1726,2025-04-15,2025-04-15,Alta,Fechado,API Clientes,Sprint 9,Ana,12,Média,2,Produção,Frontend,Sim
1727,2025-08-01,2025-08-01,Média,Aberto,API Clientes,Sprint 11,Marcos,21,Baixa,1,Homologação,API,Não
1728,2025-01-12,2025-01-14,Média,Fechado,Login,Sprint 9,Carlos,62,Baixa,1,Produção,Frontend,Sim
1729,2025-03-03,2025-03-04,Crítica,Aberto,Dashboard,Sprint 1,Marcos,39,Baixa,1,Produção,Frontend,Não
1730,2024-07-31,2024-08-03,Baixa,Fechado,Pagamento,Sprint 6,Ana,75,Alta,3,Homologação,Frontend,Sim
1731,2024-06-04,2024-06-07,Crítica,Fechado,Pagamento,Sprint 2,Ana,85,Média,2,Homologação,API,Sim
1732,2025-06-27,2025-06-27,Média,Aberto,Login,Sprint 8,Marcos,19,Alta,3,Produção,API,Sim
1733,2024-06-25,2024-06-26,Crítica,Fechado,Pagamento,Sprint 5,João,32,Alta,3,Produção,Backend,Sim
1734,2024-06-26,2024-06-30,Crítica,Aberto,Pagamento,Sprint 11,Juliana,112,Média,2,Homologação,Backend,Não
1735,2024-06-19,2024-06-22,Média,Fechado,Relatórios,Sprint 9,João,78,Baixa,1,Produção,Frontend,Não
1736,2025-02-06,2025-02-08,Crítica,Aberto,API Clientes,Sprint 2,Marcos,64,Baixa,1,Produção,API,Sim
1737,2024-06-12,2024-06-16,Baixa,Fechado,Dashboard,Sprint 7,Fernanda,99,Alta,3,Homologação,API,Não
1738,2024-09-26,2024-09-27,Alta,Fechado,API Clientes,Sprint 9,João,39,Alta,3,Homologação,API,Sim
1739,2025-02-17,2025-02-19,Baixa,Fechado,Dashboard,Sprint 9,Marcos,61,Média,2,Produção,Backend,Não
1740,2024-07-28,2024-08-02,Alta,Aberto,Dashboard,Sprint 6,Ana,120,Média,2,Produção,Backend,Não
1741,2026-03-11,2026-03-12,Crítica,Fechado,Dashboard,Sprint 10,João,25,Média,2,Produção,API,Sim
1742,2024-08-10,2024-08-14,Alta,Aberto,Mobile App,Sprint 11,Fernanda,103,Alta,3,Homologação,Frontend,Não
1743,2025-05-03,2025-05-06,Média,Aberto,Mobile App,Sprint 12,Fernanda,75,Alta,3,Produção,Frontend,Não
1744,2025-07-23,2025-07-24,Crítica,Fechado,Pagamento,Sprint 7,João,24,Alta,3,Homologação,API,Não
1745,2024-06-11,2024-06-13,Média,Fechado,Relatórios,Sprint 2,Fernanda,69,Média,2,Produção,Backend,Não
1746,2024-08-08,2024-08-08,Média,Fechado,API Clientes,Sprint 8,Marcos,1,Baixa,1,Homologação,API,Não
1747,2026-03-19,2026-03-20,Baixa,Fechado,Mobile App,Sprint 8,Marcos,26,Média,2,Produção,Backend,Não
1748,2025-10-31,2025-11-02,Baixa,Aberto,Pagamento,Sprint 2,Fernanda,50,Média,2,Produção,Frontend,Sim
1749,2024-05-12,2024-05-13,Alta,Aberto,Login,Sprint 12,Juliana,36,Baixa,1,Homologação,Frontend,Sim
1750,2024-10-07,2024-10-11,Baixa,Aberto,Login,Sprint 6,Marcos,115,Alta,3,Homologação,Backend,Não
1751,2026-04-10,2026-04-11,Média,Fechado,Relatórios,Sprint 6,Rafael,31,Baixa,1,Produção,Frontend,Sim
1752,2024-11-13,2024-11-15,Alta,Aberto,Pagamento,Sprint 7,Ana,71,Alta,3,Produção,Frontend,Sim
1753,2024-05-21,2024-05-24,Alta,Fechado,Login,Sprint 2,Ana,74,Alta,3,Homologação,Frontend,Sim
1754,2024-08-03,2024-08-05,Média,Aberto,Pagamento,Sprint 5,Carlos,59,Alta,3,Produção,Frontend,Não
1755,2025-01-20,2025-01-22,Crítica,Fechado,Pagamento,Sprint 4,Carlos,56,Alta,3,Produção,Backend,Não
1756,2024-12-09,2024-12-11,Crítica,Fechado,Login,Sprint 9,Rafael,57,Baixa,1,Homologação,Frontend,Não
1757,2024-07-27,2024-07-29,Alta,Fechado,Login,Sprint 8,Marcos,56,Alta,3,Homologação,Backend,Sim
1758,2026-04-23,2026-04-25,Baixa,Fechado,Pagamento,Sprint 7,Ana,48,Baixa,1,Produção,Backend,Não
1759,2026-03-18,2026-03-20,Média,Fechado,Pagamento,Sprint 7,Marcos,52,Média,2,Homologação,Frontend,Sim
1760,2025-02-26,2025-03-01,Baixa,Fechado,Mobile App,Sprint 1,João,83,Alta,3,Homologação,Backend,Não
1761,2024-07-15,2024-07-15,Crítica,Fechado,API Clientes,Sprint 2,João,3,Média,2,Homologação,Backend,Sim
1762,2025-08-22,2025-08-23,Alta,Fechado,Pagamento,Sprint 3,Ana,35,Média,2,Produção,Frontend,Não
1763,2025-05-12,2025-05-13,Média,Aberto,Mobile App,Sprint 3,Carlos,47,Baixa,1,Produção,Backend,Sim
1764,2024-12-29,2024-12-31,Crítica,Aberto,Dashboard,Sprint 3,Rafael,68,Média,2,Homologação,Backend,Sim
1765,2025-09-24,2025-09-25,Alta,Aberto,Relatórios,Sprint 2,Ana,30,Média,2,Produção,API,Sim
1766,2025-07-10,2025-07-13,Média,Fechado,Relatórios,Sprint 8,João,74,Alta,3,Produção,Frontend,Sim
1767,2026-01-17,2026-01-21,Baixa,Aberto,Login,Sprint 5,Rafael,104,Baixa,1,Produção,API,Sim
1768,2025-01-01,2025-01-05,Alta,Aberto,Pagamento,Sprint 9,Ana,100,Média,2,Produção,Frontend,Não
1769,2026-01-13,2026-01-17,Alta,Aberto,Relatórios,Sprint 9,Carlos,110,Baixa,1,Homologação,Frontend,Sim
1770,2025-09-24,2025-09-24,Média,Aberto,Pagamento,Sprint 10,Rafael,7,Média,2,Homologação,API,Não
1771,2024-11-13,2024-11-15,Crítica,Aberto,Mobile App,Sprint 2,Juliana,60,Baixa,1,Produção,Frontend,Sim
1772,2024-06-22,2024-06-22,Média,Aberto,Dashboard,Sprint 8,Marcos,9,Média,2,Homologação,API,Não
1773,2026-04-11,2026-04-13,Crítica,Fechado,Mobile App,Sprint 9,Fernanda,71,Alta,3,Homologação,Backend,Não
1774,2025-07-24,2025-07-24,Crítica,Aberto,Login,Sprint 4,Carlos,22,Alta,3,Homologação,Backend,Sim
1775,2025-06-04,2025-06-07,Crítica,Fechado,Dashboard,Sprint 6,Carlos,78,Média,2,Homologação,Backend,Sim
1776,2025-05-20,2025-05-24,Média,Fechado,Mobile App,Sprint 3,João,97,Baixa,1,Produção,API,Não
1777,2024-06-27,2024-06-29,Média,Aberto,Pagamento,Sprint 8,Fernanda,51,Baixa,1,Homologação,Backend,Não
1778,2025-11-15,2025-11-18,Alta,Aberto,API Clientes,Sprint 3,João,92,Média,2,Produção,Frontend,Sim
1779,2025-03-23,2025-03-27,Baixa,Fechado,Dashboard,Sprint 1,Fernanda,115,Alta,3,Homologação,Backend,Não
1780,2026-04-01,2026-04-01,Alta,Fechado,Relatórios,Sprint 9,João,10,Alta,3,Produção,Backend,Sim
1781,2024-08-26,2024-08-27,Média,Fechado,Relatórios,Sprint 3,Carlos,46,Média,2,Produção,Frontend,Não
1782,2024-09-02,2024-09-02,Média,Fechado,Login,Sprint 8,João,8,Baixa,1,Homologação,API,Não
1783,2025-07-18,2025-07-19,Alta,Fechado,Dashboard,Sprint 1,Rafael,45,Alta,3,Produção,Backend,Não
1784,2026-05-03,2026-05-05,Baixa,Aberto,Pagamento,Sprint 7,Fernanda,56,Alta,3,Homologação,API,Não
1785,2024-10-24,2024-10-24,Média,Aberto,Relatórios,Sprint 7,Fernanda,19,Baixa,1,Homologação,Frontend,Sim
1786,2025-06-15,2025-06-15,Baixa,Aberto,Pagamento,Sprint 7,Marcos,6,Média,2,Produção,Backend,Sim
1787,2026-03-20,2026-03-22,Alta,Aberto,Login,Sprint 2,Ana,55,Alta,3,Produção,Backend,Não
1788,2025-05-17,2025-05-21,Média,Fechado,Pagamento,Sprint 11,João,101,Baixa,1,Produção,Frontend,Não
1789,2024-07-11,2024-07-15,Alta,Fechado,Dashboard,Sprint 10,Marcos,104,Média,2,Homologação,API,Não
1790,2024-12-19,2024-12-21,Alta,Aberto,Pagamento,Sprint 1,João,68,Baixa,1,Homologação,Backend,Não
1791,2024-07-23,2024-07-25,Crítica,Fechado,Login,Sprint 10,Fernanda,66,Média,2,Homologação,Frontend,Sim
1792,2025-01-09,2025-01-12,Média,Aberto,API Clientes,Sprint 3,Carlos,72,Baixa,1,Homologação,Backend,Não
1793,2024-09-22,2024-09-24,Alta,Fechado,Login,Sprint 4,Ana,54,Alta,3,Homologação,API,Sim
1794,2025-03-22,2025-03-26,Baixa,Fechado,API Clientes,Sprint 7,Ana,100,Média,2,Homologação,Backend,Sim
1795,2024-12-12,2024-12-13,Baixa,Fechado,Pagamento,Sprint 8,João,43,Média,2,Homologação,API,Sim
1796,2025-02-04,2025-02-06,Média,Fechado,Pagamento,Sprint 10,Rafael,52,Média,2,Produção,Backend,Sim
1797,2024-07-26,2024-07-29,Crítica,Aberto,Login,Sprint 2,Carlos,77,Média,2,Produção,Frontend,Não
1798,2025-06-06,2025-06-08,Média,Aberto,Login,Sprint 8,Ana,64,Baixa,1,Produção,Frontend,Não
1799,2026-02-01,2026-02-05,Alta,Aberto,Login,Sprint 3,Fernanda,108,Média,2,Homologação,Frontend,Sim
1800,2024-10-20,2024-10-23,Baixa,Aberto,Pagamento,Sprint 3,João,75,Baixa,1,Homologação,Frontend,Não
1801,2025-02-05,2025-02-08,Baixa,Fechado,Pagamento,Sprint 2,João,76,Média,2,Homologação,Frontend,Sim
1802,2026-01-20,2026-01-22,Média,Fechado,Login,Sprint 7,Rafael,64,Alta,3,Homologação,API,Sim
1803,2024-06-15,2024-06-18,Crítica,Fechado,Relatórios,Sprint 5,Fernanda,89,Média,2,Homologação,Backend,Sim
1804,2024-12-21,2024-12-25,Alta,Aberto,Pagamento,Sprint 8,Ana,102,Média,2,Produção,Frontend,Sim
1805,2024-10-21,2024-10-21,Baixa,Aberto,Login,Sprint 8,Ana,8,Alta,3,Produção,API,Sim
1806,2026-04-23,2026-04-24,Alta,Aberto,Mobile App,Sprint 8,João,37,Média,2,Homologação,Frontend,Não
1807,2025-10-07,2025-10-12,Média,Fechado,Mobile App,Sprint 1,Fernanda,120,Alta,3,Produção,Backend,Sim
1808,2024-09-02,2024-09-03,Baixa,Aberto,Dashboard,Sprint 7,Ana,45,Baixa,1,Homologação,Backend,Não
1809,2025-05-04,2025-05-08,Alta,Fechado,Pagamento,Sprint 6,Juliana,101,Alta,3,Homologação,API,Não
1810,2025-12-03,2025-12-07,Média,Aberto,Pagamento,Sprint 5,João,118,Alta,3,Produção,Backend,Não
1811,2025-11-22,2025-11-22,Média,Aberto,Relatórios,Sprint 10,João,19,Baixa,1,Homologação,Frontend,Sim
1812,2026-04-14,2026-04-16,Baixa,Fechado,Mobile App,Sprint 6,Rafael,54,Baixa,1,Homologação,Backend,Sim
1813,2025-10-19,2025-10-19,Média,Aberto,Pagamento,Sprint 6,Juliana,14,Média,2,Homologação,API,Não
1814,2026-03-24,2026-03-28,Média,Fechado,Mobile App,Sprint 1,João,114,Alta,3,Homologação,API,Não
1815,2026-04-28,2026-04-28,Alta,Aberto,API Clientes,Sprint 10,Juliana,6,Média,2,Produção,Backend,Não
1816,2025-10-26,2025-10-30,Média,Fechado,Relatórios,Sprint 4,João,119,Média,2,Homologação,Backend,Sim
1817,2024-05-17,2024-05-21,Alta,Fechado,Dashboard,Sprint 1,Marcos,105,Baixa,1,Produção,Frontend,Sim
1818,2025-10-20,2025-10-24,Média,Fechado,Login,Sprint 7,Carlos,106,Média,2,Produção,Backend,Não
1819,2026-03-23,2026-03-23,Alta,Aberto,API Clientes,Sprint 10,Ana,3,Alta,3,Homologação,Frontend,Sim
1820,2025-09-16,2025-09-20,Alta,Aberto,Relatórios,Sprint 11,Ana,119,Média,2,Produção,API,Não
1821,2024-08-02,2024-08-02,Média,Fechado,Login,Sprint 2,Ana,11,Média,2,Homologação,Frontend,Não
1822,2026-03-11,2026-03-14,Crítica,Aberto,API Clientes,Sprint 4,Juliana,86,Média,2,Produção,Backend,Sim
1823,2025-06-08,2025-06-12,Alta,Aberto,Login,Sprint 3,Rafael,98,Média,2,Produção,Frontend,Sim
1824,2025-04-14,2025-04-14,Média,Aberto,API Clientes,Sprint 6,Carlos,9,Média,2,Homologação,API,Sim
1825,2024-05-26,2024-05-28,Alta,Aberto,Dashboard,Sprint 2,Fernanda,62,Alta,3,Produção,Backend,Sim
1826,2025-01-24,2025-01-26,Baixa,Aberto,Login,Sprint 3,Ana,70,Média,2,Homologação,Frontend,Sim
1827,2024-12-14,2024-12-16,Alta,Aberto,Dashboard,Sprint 7,Rafael,62,Alta,3,Homologação,Frontend,Não
1828,2025-01-10,2025-01-11,Média,Fechado,Relatórios,Sprint 12,Juliana,28,Baixa,1,Produção,API,Sim
1829,2026-03-08,2026-03-12,Crítica,Fechado,API Clientes,Sprint 6,Juliana,107,Alta,3,Homologação,Frontend,Sim
1830,2025-02-03,2025-02-03,Média,Aberto,Relatórios,Sprint 6,Carlos,5,Média,2,Homologação,API,Não
1831,2025-10-13,2025-10-15,Baixa,Fechado,API Clientes,Sprint 2,Ana,54,Alta,3,Produção,API,Sim
1832,2024-06-23,2024-06-26,Crítica,Fechado,Relatórios,Sprint 9,Juliana,76,Baixa,1,Homologação,Frontend,Sim
1833,2025-10-02,2025-10-06,Alta,Aberto,Dashboard,Sprint 9,Rafael,101,Alta,3,Homologação,Backend,Sim
1834,2026-01-06,2026-01-10,Baixa,Fechado,Mobile App,Sprint 3,Juliana,110,Baixa,1,Homologação,Backend,Sim
1835,2025-09-29,2025-09-30,Crítica,Aberto,Relatórios,Sprint 6,Carlos,36,Média,2,Homologação,Backend,Não
1836,2025-12-29,2025-12-31,Baixa,Fechado,Dashboard,Sprint 3,Juliana,53,Baixa,1,Produção,Frontend,Sim
1837,2026-05-04,2026-05-05,Baixa,Fechado,Dashboard,Sprint 6,Carlos,47,Baixa,1,Produção,API,Sim
1838,2024-06-24,2024-06-27,Média,Aberto,Dashboard,Sprint 5,Rafael,75,Baixa,1,Produção,API,Não
1839,2025-07-18,2025-07-22,Alta,Aberto,API Clientes,Sprint 1,Fernanda,117,Alta,3,Homologação,Frontend,Não
1840,2025-04-28,2025-04-29,Baixa,Aberto,Login,Sprint 2,Marcos,35,Alta,3,Produção,Frontend,Não
1841,2025-10-14,2025-10-14,Alta,Fechado,Relatórios,Sprint 2,Fernanda,6,Média,2,Produção,API,Sim
1842,2025-02-27,2025-02-27,Média,Aberto,Mobile App,Sprint 10,Juliana,11,Média,2,Produção,API,Sim
1843,2025-01-14,2025-01-16,Média,Aberto,Mobile App,Sprint 11,Marcos,61,Baixa,1,Produção,Backend,Sim
1844,2024-08-13,2024-08-16,Alta,Aberto,API Clientes,Sprint 9,Ana,88,Alta,3,Produção,Backend,Sim
1845,2026-03-28,2026-03-31,Crítica,Aberto,Relatórios,Sprint 5,Fernanda,79,Alta,3,Produção,Backend,Não
1846,2025-03-27,2025-03-31,Alta,Fechado,Pagamento,Sprint 10,Rafael,117,Alta,3,Produção,API,Não
1847,2024-06-20,2024-06-21,Crítica,Aberto,Login,Sprint 7,Marcos,33,Alta,3,Produção,API,Não
1848,2026-01-11,2026-01-14,Média,Aberto,Mobile App,Sprint 4,Ana,89,Baixa,1,Produção,Frontend,Sim
1849,2025-07-12,2025-07-16,Baixa,Fechado,Pagamento,Sprint 4,Fernanda,96,Baixa,1,Produção,API,Sim
1850,2025-11-08,2025-11-11,Baixa,Aberto,API Clientes,Sprint 2,Fernanda,84,Baixa,1,Produção,Backend,Sim
1851,2026-04-07,2026-04-07,Baixa,Fechado,Dashboard,Sprint 7,João,19,Alta,3,Homologação,Backend,Sim
1852,2025-08-22,2025-08-26,Média,Aberto,API Clientes,Sprint 6,Ana,110,Alta,3,Produção,Backend,Não
1853,2026-02-08,2026-02-09,Baixa,Fechado,Login,Sprint 7,João,36,Média,2,Produção,Frontend,Sim
1854,2024-08-13,2024-08-17,Alta,Aberto,API Clientes,Sprint 2,Fernanda,96,Média,2,Produção,Backend,Não
1855,2024-08-21,2024-08-21,Baixa,Fechado,Relatórios,Sprint 2,Marcos,23,Média,2,Homologação,Backend,Não
1856,2025-03-14,2025-03-17,Crítica,Aberto,Mobile App,Sprint 5,Rafael,83,Baixa,1,Homologação,Backend,Não
1857,2024-09-22,2024-09-22,Média,Fechado,Pagamento,Sprint 1,Rafael,21,Média,2,Produção,API,Não
1858,2025-12-28,2025-12-30,Média,Aberto,Dashboard,Sprint 12,Fernanda,50,Baixa,1,Homologação,API,Sim
1859,2025-12-17,2025-12-18,Alta,Fechado,Login,Sprint 2,Marcos,35,Alta,3,Produção,Frontend,Não
1860,2025-09-26,2025-09-27,Média,Fechado,Relatórios,Sprint 1,Ana,33,Baixa,1,Produção,Backend,Não
1861,2025-10-26,2025-10-29,Baixa,Fechado,Pagamento,Sprint 3,Carlos,73,Média,2,Homologação,API,Não
1862,2025-12-26,2025-12-27,Alta,Aberto,Mobile App,Sprint 7,Juliana,33,Alta,3,Homologação,Frontend,Não
1863,2024-10-24,2024-10-26,Média,Aberto,Dashboard,Sprint 1,Rafael,61,Alta,3,Homologação,Backend,Não
1864,2026-03-07,2026-03-11,Alta,Fechado,Pagamento,Sprint 7,Marcos,98,Baixa,1,Produção,API,Sim
1865,2024-05-09,2024-05-09,Média,Aberto,API Clientes,Sprint 1,Ana,14,Alta,3,Homologação,Backend,Sim
1866,2026-03-18,2026-03-18,Crítica,Aberto,Pagamento,Sprint 12,Ana,14,Alta,3,Produção,Backend,Sim
1867,2024-12-08,2024-12-08,Baixa,Fechado,Login,Sprint 5,Juliana,5,Média,2,Homologação,Frontend,Sim
1868,2024-05-16,2024-05-17,Baixa,Aberto,Dashboard,Sprint 10,Marcos,44,Baixa,1,Produção,Frontend,Não
1869,2025-12-17,2025-12-20,Média,Aberto,API Clientes,Sprint 4,Rafael,89,Média,2,Homologação,Backend,Sim
1870,2025-03-09,2025-03-09,Média,Fechado,Login,Sprint 7,Juliana,12,Alta,3,Homologação,Backend,Não
1871,2025-12-21,2025-12-24,Média,Aberto,Mobile App,Sprint 2,Juliana,72,Alta,3,Produção,API,Não
1872,2025-10-26,2025-10-27,Média,Aberto,Mobile App,Sprint 1,Juliana,25,Baixa,1,Produção,Frontend,Sim
1873,2024-12-11,2024-12-12,Alta,Fechado,Login,Sprint 11,João,26,Baixa,1,Produção,API,Sim
1874,2024-10-03,2024-10-03,Média,Fechado,Mobile App,Sprint 5,Rafael,5,Baixa,1,Homologação,Frontend,Sim
1875,2025-01-28,2025-02-01,Crítica,Fechado,Login,Sprint 3,Fernanda,107,Baixa,1,Produção,API,Sim
1876,2024-12-08,2024-12-11,Baixa,Aberto,Pagamento,Sprint 4,Carlos,88,Média,2,Produção,Backend,Sim
1877,2024-11-29,2024-12-01,Média,Fechado,Mobile App,Sprint 9,Juliana,56,Baixa,1,Homologação,Backend,Sim
1878,2024-05-22,2024-05-26,Média,Fechado,API Clientes,Sprint 3,Marcos,107,Alta,3,Homologação,Backend,Não
1879,2024-12-09,2024-12-10,Média,Aberto,Pagamento,Sprint 7,Fernanda,34,Alta,3,Homologação,API,Não
1880,2025-10-07,2025-10-11,Baixa,Aberto,Login,Sprint 4,Juliana,119,Baixa,1,Produção,API,Não
1881,2025-10-16,2025-10-18,Média,Aberto,Relatórios,Sprint 3,Marcos,51,Alta,3,Produção,Frontend,Sim
1882,2026-04-10,2026-04-14,Baixa,Aberto,Relatórios,Sprint 9,Carlos,117,Baixa,1,Homologação,API,Sim
1883,2024-08-11,2024-08-12,Alta,Aberto,Pagamento,Sprint 1,João,34,Média,2,Homologação,Frontend,Sim
1884,2026-02-21,2026-02-25,Baixa,Aberto,Relatórios,Sprint 8,Carlos,103,Baixa,1,Homologação,API,Sim
1885,2024-08-23,2024-08-26,Crítica,Aberto,Mobile App,Sprint 5,Rafael,95,Média,2,Homologação,Frontend,Sim
1886,2025-07-06,2025-07-10,Baixa,Aberto,Mobile App,Sprint 1,Carlos,98,Baixa,1,Homologação,Frontend,Sim
1887,2024-11-23,2024-11-23,Média,Fechado,Login,Sprint 8,Rafael,11,Alta,3,Homologação,Frontend,Sim
1888,2025-03-29,2025-04-01,Alta,Fechado,API Clientes,Sprint 11,Carlos,93,Baixa,1,Homologação,Backend,Não
1889,2025-06-13,2025-06-13,Média,Fechado,Dashboard,Sprint 8,Marcos,21,Baixa,1,Produção,Frontend,Sim
1890,2025-08-22,2025-08-26,Baixa,Fechado,API Clientes,Sprint 8,Carlos,106,Média,2,Homologação,Backend,Sim
1891,2025-04-26,2025-04-26,Baixa,Aberto,Mobile App,Sprint 5,Ana,6,Alta,3,Homologação,Backend,Não
1892,2025-02-10,2025-02-10,Alta,Aberto,API Clientes,Sprint 7,Marcos,12,Média,2,Produção,Frontend,Não
1893,2025-03-04,2025-03-04,Média,Fechado,Dashboard,Sprint 11,Carlos,20,Média,2,Homologação,Backend,Sim
1894,2024-09-27,2024-10-01,Crítica,Aberto,Relatórios,Sprint 12,Carlos,101,Alta,3,Homologação,Frontend,Não
1895,2025-11-01,2025-11-02,Crítica,Fechado,Relatórios,Sprint 6,Rafael,27,Baixa,1,Produção,API,Sim
1896,2026-05-02,2026-05-02,Baixa,Fechado,Login,Sprint 2,Rafael,17,Baixa,1,Homologação,Backend,Sim
1897,2026-04-14,2026-04-18,Baixa,Fechado,Mobile App,Sprint 12,Fernanda,114,Alta,3,Produção,API,Não
1898,2025-10-15,2025-10-17,Média,Fechado,Mobile App,Sprint 4,Marcos,64,Baixa,1,Produção,Backend,Não
1899,2024-09-13,2024-09-14,Baixa,Aberto,Mobile App,Sprint 7,Marcos,32,Baixa,1,Homologação,API,Sim
1900,2024-05-16,2024-05-18,Alta,Fechado,Dashboard,Sprint 3,Carlos,67,Alta,3,Produção,Backend,Sim
1901,2025-01-06,2025-01-08,Crítica,Aberto,Login,Sprint 5,Rafael,48,Alta,3,Homologação,Frontend,Não
1902,2025-02-23,2025-02-27,Crítica,Fechado,Mobile App,Sprint 7,Ana,112,Baixa,1,Homologação,Backend,Não
1903,2026-04-18,2026-04-22,Média,Fechado,Pagamento,Sprint 12,Juliana,111,Baixa,1,Homologação,Backend,Sim
1904,2025-01-31,2025-02-01,Baixa,Aberto,API Clientes,Sprint 7,Fernanda,38,Baixa,1,Homologação,Backend,Não
1905,2024-05-08,2024-05-10,Baixa,Aberto,Mobile App,Sprint 2,Fernanda,66,Alta,3,Produção,API,Sim
1906,2025-03-23,2025-03-27,Alta,Aberto,API Clientes,Sprint 10,Rafael,107,Média,2,Produção,API,Não
1907,2024-10-27,2024-10-27,Baixa,Fechado,Pagamento,Sprint 4,Ana,5,Média,2,Produção,Backend,Sim
1908,2026-03-03,2026-03-07,Alta,Fechado,Mobile App,Sprint 2,João,107,Alta,3,Produção,Frontend,Sim
1909,2024-09-15,2024-09-15,Crítica,Fechado,Mobile App,Sprint 2,Marcos,12,Baixa,1,Produção,API,Sim
1910,2025-09-07,2025-09-08,Baixa,Aberto,API Clientes,Sprint 4,Ana,31,Alta,3,Homologação,API,Não
1911,2024-09-26,2024-09-27,Crítica,Aberto,Mobile App,Sprint 2,Carlos,29,Baixa,1,Homologação,Backend,Não
1912,2026-03-20,2026-03-20,Crítica,Aberto,Login,Sprint 3,Ana,13,Média,2,Produção,Frontend,Sim
1913,2024-11-02,2024-11-03,Baixa,Aberto,Relatórios,Sprint 9,Carlos,43,Média,2,Produção,API,Não
1914,2024-08-04,2024-08-05,Crítica,Fechado,Mobile App,Sprint 5,Rafael,43,Média,2,Produção,API,Não
1915,2024-11-03,2024-11-07,Média,Fechado,Dashboard,Sprint 10,Rafael,118,Baixa,1,Homologação,Frontend,Sim
1916,2026-03-21,2026-03-21,Baixa,Aberto,Relatórios,Sprint 11,Rafael,10,Média,2,Homologação,Frontend,Não
1917,2025-10-19,2025-10-20,Crítica,Fechado,Dashboard,Sprint 1,Marcos,29,Baixa,1,Produção,Backend,Sim
1918,2024-12-23,2024-12-23,Média,Aberto,Relatórios,Sprint 10,Marcos,22,Alta,3,Produção,Frontend,Sim
1919,2025-01-19,2025-01-21,Alta,Fechado,API Clientes,Sprint 2,Carlos,58,Média,2,Homologação,Frontend,Não
1920,2024-12-28,2024-12-28,Crítica,Aberto,Dashboard,Sprint 11,Carlos,17,Alta,3,Homologação,Frontend,Não
1921,2024-09-28,2024-10-03,Crítica,Fechado,Mobile App,Sprint 1,Marcos,120,Média,2,Produção,Frontend,Sim
1922,2024-08-05,2024-08-07,Baixa,Aberto,Login,Sprint 9,Ana,55,Baixa,1,Homologação,Backend,Não
1923,2025-03-05,2025-03-09,Baixa,Aberto,API Clientes,Sprint 3,Juliana,114,Alta,3,Homologação,Frontend,Não
1924,2025-08-08,2025-08-12,Baixa,Aberto,Pagamento,Sprint 5,Fernanda,96,Baixa,1,Homologação,Frontend,Não
1925,2024-05-21,2024-05-23,Média,Fechado,Relatórios,Sprint 2,João,66,Alta,3,Homologação,Backend,Sim
1926,2026-05-04,2026-05-07,Alta,Fechado,Mobile App,Sprint 1,Carlos,80,Baixa,1,Produção,Backend,Sim
1927,2024-06-07,2024-06-11,Crítica,Aberto,Dashboard,Sprint 5,Ana,102,Alta,3,Homologação,API,Sim
1928,2025-08-16,2025-08-18,Média,Aberto,Mobile App,Sprint 6,Marcos,53,Baixa,1,Produção,Frontend,Sim
1929,2026-04-20,2026-04-23,Crítica,Aberto,Relatórios,Sprint 1,Marcos,86,Média,2,Homologação,API,Sim
1930,2024-09-03,2024-09-07,Alta,Aberto,Login,Sprint 12,João,103,Média,2,Homologação,API,Sim
1931,2024-07-05,2024-07-07,Crítica,Fechado,Mobile App,Sprint 5,Rafael,52,Alta,3,Homologação,Frontend,Não
1932,2024-12-05,2024-12-05,Alta,Fechado,Mobile App,Sprint 10,Ana,19,Alta,3,Produção,Backend,Sim
1933,2024-09-29,2024-09-30,Alta,Aberto,Pagamento,Sprint 4,Carlos,38,Baixa,1,Produção,Frontend,Não
1934,2025-12-29,2026-01-02,Crítica,Fechado,Relatórios,Sprint 9,Carlos,100,Baixa,1,Homologação,API,Sim
1935,2025-05-15,2025-05-18,Média,Fechado,Mobile App,Sprint 2,João,72,Média,2,Homologação,Frontend,Não
1936,2025-02-07,2025-02-07,Média,Fechado,Relatórios,Sprint 12,Ana,23,Alta,3,Produção,Backend,Não
1937,2025-05-02,2025-05-05,Média,Aberto,Dashboard,Sprint 1,Fernanda,84,Baixa,1,Homologação,API,Sim
1938,2025-07-11,2025-07-11,Crítica,Fechado,Login,Sprint 9,Rafael,19,Alta,3,Produção,Backend,Não
1939,2024-06-17,2024-06-19,Média,Fechado,Mobile App,Sprint 5,Carlos,70,Alta,3,Homologação,API,Não
1940,2026-04-16,2026-04-17,Baixa,Aberto,Login,Sprint 9,João,45,Média,2,Homologação,Frontend,Sim
1941,2024-08-13,2024-08-17,Alta,Fechado,Login,Sprint 5,Rafael,99,Baixa,1,Produção,Backend,Não
1942,2024-09-26,2024-09-28,Média,Fechado,Relatórios,Sprint 5,Juliana,70,Baixa,1,Produção,Frontend,Sim
1943,2025-08-12,2025-08-14,Baixa,Aberto,Mobile App,Sprint 9,João,62,Baixa,1,Homologação,Backend,Sim
1944,2025-09-18,2025-09-18,Crítica,Aberto,Login,Sprint 2,Juliana,8,Baixa,1,Produção,API,Não
1945,2026-03-23,2026-03-27,Baixa,Aberto,API Clientes,Sprint 9,Carlos,106,Baixa,1,Homologação,Frontend,Não
1946,2024-08-18,2024-08-21,Baixa,Fechado,Login,Sprint 8,João,81,Alta,3,Produção,API,Sim
1947,2025-05-19,2025-05-23,Crítica,Fechado,Mobile App,Sprint 3,Carlos,112,Alta,3,Homologação,Frontend,Não
1948,2025-07-14,2025-07-15,Crítica,Fechado,API Clientes,Sprint 10,Fernanda,35,Baixa,1,Homologação,Frontend,Sim
1949,2025-03-15,2025-03-18,Média,Fechado,API Clientes,Sprint 11,Ana,92,Média,2,Produção,Backend,Sim
1950,2025-08-21,2025-08-24,Crítica,Fechado,API Clientes,Sprint 1,Ana,72,Baixa,1,Produção,Backend,Sim
1951,2024-06-03,2024-06-05,Alta,Aberto,Pagamento,Sprint 4,Ana,51,Alta,3,Homologação,Frontend,Sim
1952,2026-03-24,2026-03-29,Alta,Fechado,Mobile App,Sprint 3,Ana,120,Baixa,1,Homologação,Backend,Sim
1953,2025-02-06,2025-02-08,Baixa,Fechado,Login,Sprint 4,Rafael,60,Alta,3,Produção,API,Sim
1954,2024-07-10,2024-07-10,Média,Aberto,API Clientes,Sprint 2,Ana,11,Alta,3,Homologação,Frontend,Não
1955,2024-09-10,2024-09-10,Crítica,Fechado,API Clientes,Sprint 2,Ana,17,Média,2,Produção,Backend,Sim
1956,2026-04-20,2026-04-24,Alta,Fechado,Dashboard,Sprint 10,Carlos,115,Alta,3,Produção,API,Não
1957,2026-03-03,2026-03-03,Crítica,Fechado,Relatórios,Sprint 1,Rafael,7,Baixa,1,Produção,Backend,Não
1958,2026-01-04,2026-01-05,Média,Fechado,Pagamento,Sprint 11,Fernanda,37,Baixa,1,Produção,Backend,Não
1959,2025-09-15,2025-09-17,Média,Fechado,Mobile App,Sprint 8,Juliana,69,Baixa,1,Produção,Frontend,Sim
1960,2025-09-19,2025-09-19,Baixa,Fechado,Relatórios,Sprint 9,Rafael,2,Baixa,1,Produção,Frontend,Sim
1961,2025-02-22,2025-02-23,Crítica,Aberto,Relatórios,Sprint 9,Fernanda,34,Alta,3,Homologação,API,Não
1962,2026-03-24,2026-03-25,Média,Aberto,Login,Sprint 9,Ana,30,Média,2,Homologação,Backend,Sim
1963,2025-04-02,2025-04-03,Crítica,Aberto,API Clientes,Sprint 12,Marcos,44,Baixa,1,Homologação,Backend,Sim
1964,2025-01-18,2025-01-20,Baixa,Fechado,API Clientes,Sprint 4,João,59,Média,2,Produção,Frontend,Não
1965,2024-06-18,2024-06-22,Crítica,Aberto,Login,Sprint 11,Rafael,98,Baixa,1,Produção,Frontend,Sim
1966,2025-07-16,2025-07-19,Alta,Aberto,Login,Sprint 7,Juliana,81,Média,2,Homologação,Frontend,Não
1967,2025-09-10,2025-09-12,Baixa,Fechado,API Clientes,Sprint 10,Ana,70,Média,2,Produção,API,Sim
1968,2026-01-21,2026-01-21,Média,Fechado,Relatórios,Sprint 7,João,10,Alta,3,Produção,API,Não
1969,2025-03-11,2025-03-12,Alta,Aberto,Pagamento,Sprint 3,Carlos,31,Média,2,Homologação,Frontend,Sim
1970,2026-01-06,2026-01-09,Crítica,Fechado,Relatórios,Sprint 5,Juliana,85,Alta,3,Produção,Backend,Não
1971,2025-07-27,2025-07-31,Baixa,Aberto,Dashboard,Sprint 6,João,109,Alta,3,Homologação,Frontend,Não
1972,2025-06-29,2025-06-29,Média,Aberto,Relatórios,Sprint 7,João,12,Média,2,Homologação,Backend,Sim
1973,2025-01-14,2025-01-16,Média,Aberto,Relatórios,Sprint 8,Fernanda,70,Alta,3,Homologação,Frontend,Sim
1974,2024-12-26,2024-12-29,Crítica,Fechado,Relatórios,Sprint 9,João,93,Alta,3,Homologação,API,Sim
1975,2025-03-07,2025-03-11,Crítica,Fechado,Mobile App,Sprint 3,Rafael,110,Alta,3,Produção,Backend,Sim
1976,2024-06-21,2024-06-23,Baixa,Fechado,Mobile App,Sprint 9,Carlos,64,Alta,3,Homologação,API,Sim
1977,2026-03-17,2026-03-20,Média,Fechado,Login,Sprint 12,Fernanda,88,Alta,3,Produção,API,Não
1978,2025-08-13,2025-08-17,Crítica,Fechado,Mobile App,Sprint 8,Marcos,97,Média,2,Produção,Frontend,Sim
1979,2025-07-21,2025-07-21,Média,Fechado,Dashboard,Sprint 5,Fernanda,22,Média,2,Produção,API,Não
1980,2025-08-01,2025-08-03,Crítica,Aberto,Pagamento,Sprint 6,Rafael,59,Alta,3,Homologação,Frontend,Sim
1981,2026-02-13,2026-02-16,Alta,Fechado,Pagamento,Sprint 4,Marcos,82,Baixa,1,Produção,Backend,Não
1982,2024-09-07,2024-09-07,Baixa,Fechado,Pagamento,Sprint 9,Rafael,22,Média,2,Homologação,API,Não
1983,2025-03-29,2025-03-29,Crítica,Aberto,Relatórios,Sprint 3,João,23,Média,2,Produção,API,Sim
1984,2024-09-18,2024-09-19,Alta,Aberto,Pagamento,Sprint 9,Carlos,44,Alta,3,Homologação,Backend,Não
1985,2026-02-06,2026-02-06,Crítica,Fechado,API Clientes,Sprint 9,Fernanda,4,Alta,3,Produção,API,Não
1986,2026-04-17,2026-04-21,Alta,Fechado,Pagamento,Sprint 1,Ana,97,Média,2,Homologação,API,Sim
1987,2024-11-27,2024-12-01,Baixa,Aberto,API Clientes,Sprint 10,João,113,Alta,3,Produção,Frontend,Sim
1988,2024-12-28,2024-12-30,Alta,Aberto,Dashboard,Sprint 1,Carlos,67,Alta,3,Homologação,Frontend,Não
1989,2024-09-14,2024-09-15,Alta,Fechado,API Clientes,Sprint 2,Fernanda,40,Baixa,1,Homologação,Frontend,Sim
1990,2025-05-06,2025-05-07,Média,Fechado,Relatórios,Sprint 4,Rafael,28,Alta,3,Homologação,Backend,Sim
1991,2025-10-30,2025-10-31,Crítica,Fechado,Login,Sprint 1,Marcos,31,Média,2,Homologação,Frontend,Sim
1992,2025-06-20,2025-06-21,Baixa,Fechado,Pagamento,Sprint 8,João,37,Baixa,1,Produção,API,Não
1993,2026-01-20,2026-01-23,Média,Fechado,Login,Sprint 5,Fernanda,72,Baixa,1,Produção,Frontend,Não
1994,2024-08-27,2024-08-29,Média,Fechado,Relatórios,Sprint 7,João,52,Baixa,1,Produção,Backend,Não
1995,2025-02-05,2025-02-09,Crítica,Fechado,Dashboard,Sprint 3,Ana,102,Média,2,Homologação,API,Não
1996,2024-07-05,2024-07-07,Alta,Fechado,Mobile App,Sprint 10,João,66,Média,2,Homologação,Backend,Não
1997,2026-02-23,2026-02-23,Média,Fechado,Relatórios,Sprint 2,Carlos,23,Alta,3,Homologação,Backend,Sim
1998,2024-12-10,2024-12-10,Baixa,Aberto,Pagamento,Sprint 5,Fernanda,18,Baixa,1,Produção,API,Sim
1999,2025-01-13,2025-01-13,Média,Aberto,Dashboard,Sprint 6,Carlos,10,Baixa,1,Produção,Frontend,Não
2000,2025-05-12,2025-05-13,Baixa,Aberto,Mobile App,Sprint 11,João,44,Média,2,Produção,API,Sim
2001,2025-11-15,2025-11-16,Alta,Fechado,API Clientes,Sprint 10,Marcos,37,Média,2,Homologação,Frontend,Não
2002,2025-05-03,2025-05-07,Média,Fechado,API Clientes,Sprint 11,Rafael,109,Alta,3,Homologação,API,Não
2003,2026-03-16,2026-03-19,Média,Aberto,Pagamento,Sprint 6,Rafael,83,Média,2,Produção,Backend,Não
2004,2025-09-15,2025-09-16,Média,Aberto,Mobile App,Sprint 9,Rafael,27,Baixa,1,Produção,API,Sim
2005,2025-03-11,2025-03-12,Média,Aberto,Relatórios,Sprint 3,Rafael,25,Baixa,1,Produção,API,Não
2006,2024-06-10,2024-06-13,Baixa,Fechado,Mobile App,Sprint 1,Carlos,80,Baixa,1,Produção,Backend,Não
2007,2025-04-15,2025-04-17,Média,Fechado,Dashboard,Sprint 1,Marcos,63,Baixa,1,Produção,Backend,Não
2008,2024-10-16,2024-10-18,Baixa,Fechado,Pagamento,Sprint 3,Fernanda,67,Alta,3,Homologação,Backend,Não
2009,2024-11-05,2024-11-06,Alta,Fechado,API Clientes,Sprint 3,João,34,Alta,3,Produção,API,Sim
2010,2025-02-05,2025-02-06,Baixa,Fechado,API Clientes,Sprint 11,Marcos,42,Baixa,1,Produção,API,Sim
2011,2024-05-27,2024-05-29,Média,Fechado,Login,Sprint 11,João,51,Baixa,1,Produção,Frontend,Não
2012,2025-02-01,2025-02-04,Média,Fechado,Mobile App,Sprint 12,Ana,88,Baixa,1,Produção,Frontend,Não
2013,2025-08-25,2025-08-26,Média,Aberto,Mobile App,Sprint 7,Ana,24,Baixa,1,Produção,API,Não
2014,2025-06-30,2025-07-04,Baixa,Fechado,Pagamento,Sprint 9,Marcos,103,Média,2,Produção,Frontend,Sim
2015,2025-11-04,2025-11-05,Alta,Aberto,Relatórios,Sprint 9,Ana,42,Alta,3,Homologação,API,Não
2016,2025-01-24,2025-01-25,Baixa,Fechado,Mobile App,Sprint 11,João,35,Média,2,Homologação,Frontend,Sim
2017,2024-09-23,2024-09-27,Alta,Aberto,Login,Sprint 10,Fernanda,104,Média,2,Homologação,Backend,Não
2018,2026-01-13,2026-01-16,Baixa,Aberto,API Clientes,Sprint 10,Rafael,79,Alta,3,Homologação,Frontend,Sim
2019,2026-03-26,2026-03-29,Crítica,Aberto,Pagamento,Sprint 1,Fernanda,74,Baixa,1,Produção,API,Não
2020,2025-12-20,2025-12-24,Crítica,Aberto,Pagamento,Sprint 8,Juliana,98,Alta,3,Homologação,Frontend,Sim
2021,2025-09-27,2025-09-27,Baixa,Aberto,Pagamento,Sprint 6,João,17,Baixa,1,Produção,API,Sim
2022,2024-08-18,2024-08-18,Baixa,Fechado,Relatórios,Sprint 8,Marcos,23,Baixa,1,Homologação,API,Não
2023,2024-08-22,2024-08-23,Média,Fechado,Mobile App,Sprint 9,Fernanda,45,Alta,3,Produção,Frontend,Não
2024,2026-02-01,2026-02-05,Baixa,Aberto,Login,Sprint 5,Fernanda,119,Baixa,1,Produção,Backend,Sim
2025,2025-08-06,2025-08-10,Alta,Aberto,API Clientes,Sprint 2,Fernanda,105,Alta,3,Produção,Frontend,Sim
2026,2025-07-09,2025-07-09,Média,Fechado,Mobile App,Sprint 1,Carlos,3,Baixa,1,Homologação,Frontend,Não
2027,2025-04-20,2025-04-21,Média,Aberto,Relatórios,Sprint 4,Carlos,36,Alta,3,Homologação,Backend,Sim
2028,2025-09-07,2025-09-08,Crítica,Aberto,Relatórios,Sprint 2,Ana,27,Alta,3,Homologação,Frontend,Sim
2029,2026-04-16,2026-04-19,Baixa,Aberto,Pagamento,Sprint 2,Rafael,94,Baixa,1,Homologação,Backend,Não
2030,2025-01-18,2025-01-22,Média,Aberto,Login,Sprint 10,Rafael,97,Alta,3,Produção,Frontend,Sim
2031,2024-09-28,2024-09-30,Baixa,Aberto,Pagamento,Sprint 1,Carlos,49,Média,2,Produção,Backend,Sim
2032,2026-04-28,2026-05-01,Crítica,Aberto,Pagamento,Sprint 10,Juliana,93,Média,2,Produção,Frontend,Não
2033,2024-06-06,2024-06-09,Crítica,Fechado,Dashboard,Sprint 4,Marcos,74,Baixa,1,Produção,API,Sim
2034,2024-10-06,2024-10-08,Alta,Aberto,Pagamento,Sprint 5,Ana,59,Alta,3,Produção,Frontend,Não
2035,2025-09-14,2025-09-14,Crítica,Aberto,Dashboard,Sprint 1,Marcos,3,Alta,3,Homologação,Frontend,Sim
2036,2025-07-15,2025-07-18,Crítica,Aberto,Login,Sprint 10,Ana,77,Média,2,Homologação,Backend,Não
2037,2025-08-10,2025-08-14,Baixa,Aberto,Mobile App,Sprint 11,Marcos,108,Baixa,1,Homologação,Frontend,Não
2038,2025-11-01,2025-11-05,Baixa,Aberto,API Clientes,Sprint 2,Ana,106,Baixa,1,Homologação,Frontend,Não
2039,2026-01-10,2026-01-15,Alta,Fechado,API Clientes,Sprint 5,Rafael,120,Média,2,Produção,Frontend,Sim
2040,2025-12-16,2025-12-17,Média,Aberto,Pagamento,Sprint 8,Carlos,34,Baixa,1,Homologação,Frontend,Não
2041,2025-07-02,2025-07-05,Crítica,Aberto,Relatórios,Sprint 8,Fernanda,79,Baixa,1,Produção,Frontend,Sim
2042,2025-07-16,2025-07-18,Baixa,Fechado,API Clientes,Sprint 10,Carlos,57,Alta,3,Homologação,Frontend,Sim
2043,2025-04-09,2025-04-09,Baixa,Fechado,Dashboard,Sprint 5,Rafael,17,Média,2,Produção,API,Sim
2044,2025-02-23,2025-02-24,Alta,Aberto,Pagamento,Sprint 1,Carlos,29,Alta,3,Produção,API,Não
2045,2025-04-28,2025-05-02,Crítica,Fechado,Dashboard,Sprint 7,Rafael,117,Média,2,Homologação,API,Sim
2046,2025-11-23,2025-11-25,Alta,Fechado,Dashboard,Sprint 7,Rafael,48,Média,2,Produção,Frontend,Não
2047,2025-10-01,2025-10-03,Média,Fechado,API Clientes,Sprint 7,Carlos,62,Baixa,1,Produção,Frontend,Sim
2048,2025-06-29,2025-07-03,Baixa,Aberto,Pagamento,Sprint 1,Rafael,99,Baixa,1,Homologação,API,Sim
2049,2025-07-24,2025-07-24,Crítica,Fechado,Login,Sprint 8,Ana,13,Média,2,Homologação,API,Sim
2050,2024-08-11,2024-08-13,Baixa,Fechado,API Clientes,Sprint 2,Ana,70,Baixa,1,Produção,API,Sim
2051,2024-08-30,2024-08-31,Baixa,Fechado,Login,Sprint 4,Marcos,44,Alta,3,Produção,Backend,Não
2052,2025-11-06,2025-11-06,Baixa,Fechado,Mobile App,Sprint 4,Fernanda,14,Baixa,1,Produção,Frontend,Não
2053,2025-07-12,2025-07-13,Alta,Fechado,Dashboard,Sprint 4,Rafael,47,Alta,3,Homologação,Frontend,Sim
2054,2025-07-28,2025-07-31,Baixa,Aberto,Relatórios,Sprint 7,Ana,91,Baixa,1,Homologação,API,Não
2055,2025-06-11,2025-06-13,Crítica,Fechado,API Clientes,Sprint 1,Ana,58,Média,2,Produção,API,Sim
2056,2025-04-18,2025-04-19,Média,Fechado,Pagamento,Sprint 8,Fernanda,43,Baixa,1,Homologação,Backend,Não
2057,2025-03-28,2025-04-01,Baixa,Fechado,Relatórios,Sprint 2,Marcos,106,Baixa,1,Produção,Frontend,Não
2058,2025-11-14,2025-11-14,Baixa,Fechado,API Clientes,Sprint 7,João,3,Baixa,1,Produção,Backend,Não
2059,2025-03-19,2025-03-22,Baixa,Aberto,Login,Sprint 1,João,81,Alta,3,Homologação,API,Não
2060,2025-05-16,2025-05-16,Baixa,Aberto,Mobile App,Sprint 11,Fernanda,16,Média,2,Produção,API,Sim
2061,2025-01-30,2025-02-03,Alta,Aberto,Dashboard,Sprint 4,Juliana,106,Alta,3,Produção,Backend,Sim
2062,2025-08-15,2025-08-15,Baixa,Fechado,Mobile App,Sprint 10,Rafael,6,Média,2,Homologação,Backend,Não
2063,2024-10-14,2024-10-17,Baixa,Aberto,API Clientes,Sprint 10,João,82,Baixa,1,Produção,Backend,Não
2064,2025-04-10,2025-04-13,Alta,Aberto,API Clientes,Sprint 7,Carlos,78,Alta,3,Produção,Frontend,Não
2065,2025-08-23,2025-08-24,Crítica,Fechado,Relatórios,Sprint 5,Ana,37,Baixa,1,Produção,Frontend,Não
2066,2024-08-28,2024-08-30,Média,Fechado,Relatórios,Sprint 10,Carlos,56,Baixa,1,Homologação,Frontend,Sim
2067,2026-01-01,2026-01-04,Média,Fechado,Mobile App,Sprint 3,Carlos,92,Média,2,Produção,Backend,Sim
2068,2026-03-07,2026-03-09,Média,Aberto,Login,Sprint 7,Carlos,66,Média,2,Produção,API,Sim
2069,2025-06-04,2025-06-07,Alta,Aberto,Relatórios,Sprint 2,Ana,81,Alta,3,Homologação,API,Não
2070,2025-04-28,2025-05-02,Baixa,Aberto,API Clientes,Sprint 1,Juliana,116,Baixa,1,Homologação,API,Sim
2071,2024-11-15,2024-11-19,Crítica,Fechado,Dashboard,Sprint 9,Ana,105,Baixa,1,Produção,Frontend,Não
2072,2025-12-29,2026-01-02,Média,Fechado,Relatórios,Sprint 6,João,113,Média,2,Produção,API,Sim
2073,2024-09-01,2024-09-01,Alta,Aberto,API Clientes,Sprint 8,Fernanda,8,Baixa,1,Homologação,API,Sim
2074,2024-12-06,2024-12-10,Média,Fechado,Relatórios,Sprint 2,Fernanda,107,Baixa,1,Homologação,Frontend,Sim
2075,2026-03-09,2026-03-14,Crítica,Fechado,Pagamento,Sprint 10,Juliana,120,Baixa,1,Homologação,API,Sim
2076,2024-10-15,2024-10-17,Crítica,Fechado,Mobile App,Sprint 11,Carlos,60,Alta,3,Homologação,Frontend,Não
2077,2025-07-19,2025-07-20,Baixa,Fechado,Login,Sprint 10,João,30,Alta,3,Produção,Backend,Não
2078,2025-09-24,2025-09-24,Média,Aberto,API Clientes,Sprint 5,Juliana,6,Média,2,Produção,Backend,Não
2079,2026-01-11,2026-01-12,Crítica,Fechado,Pagamento,Sprint 5,Juliana,46,Baixa,1,Produção,API,Não
2080,2024-07-19,2024-07-22,Alta,Fechado,API Clientes,Sprint 9,Ana,90,Alta,3,Homologação,API,Não
2081,2025-08-28,2025-08-28,Crítica,Fechado,Pagamento,Sprint 2,João,4,Média,2,Produção,Frontend,Não
2082,2026-04-21,2026-04-21,Média,Aberto,Dashboard,Sprint 10,Rafael,14,Média,2,Produção,API,Não
2083,2025-02-25,2025-02-26,Média,Aberto,Relatórios,Sprint 10,Rafael,36,Alta,3,Produção,Backend,Não
2084,2025-11-24,2025-11-26,Média,Aberto,API Clientes,Sprint 3,Fernanda,69,Alta,3,Homologação,Backend,Sim
2085,2025-01-22,2025-01-26,Crítica,Aberto,API Clientes,Sprint 1,Marcos,97,Alta,3,Produção,Frontend,Não
2086,2024-11-07,2024-11-07,Baixa,Aberto,Dashboard,Sprint 11,Rafael,10,Baixa,1,Produção,Frontend,Não
2087,2025-05-09,2025-05-09,Média,Fechado,Mobile App,Sprint 7,Carlos,14,Baixa,1,Homologação,Frontend,Sim
2088,2024-08-14,2024-08-14,Alta,Aberto,API Clientes,Sprint 6,Rafael,6,Média,2,Produção,Frontend,Não
2089,2024-10-21,2024-10-25,Alta,Fechado,Pagamento,Sprint 5,Carlos,117,Média,2,Produção,Backend,Não
2090,2024-09-17,2024-09-20,Média,Fechado,Dashboard,Sprint 1,Rafael,84,Baixa,1,Homologação,Backend,Sim
2091,2025-12-25,2025-12-27,Crítica,Aberto,Relatórios,Sprint 3,Juliana,61,Alta,3,Homologação,API,Sim
2092,2025-05-02,2025-05-04,Baixa,Fechado,API Clientes,Sprint 9,Ana,70,Alta,3,Produção,Backend,Sim
2093,2024-06-18,2024-06-20,Crítica,Aberto,Pagamento,Sprint 6,Marcos,57,Média,2,Produção,Backend,Não
2094,2026-02-22,2026-02-23,Crítica,Aberto,Mobile App,Sprint 10,João,34,Alta,3,Homologação,Backend,Não
2095,2024-09-15,2024-09-18,Baixa,Fechado,Dashboard,Sprint 10,Fernanda,73,Média,2,Homologação,API,Sim
2096,2024-05-30,2024-05-30,Média,Aberto,Login,Sprint 11,Rafael,15,Baixa,1,Homologação,Backend,Sim
2097,2024-12-11,2024-12-14,Baixa,Fechado,Login,Sprint 2,João,90,Média,2,Produção,Backend,Sim
2098,2026-04-07,2026-04-08,Crítica,Aberto,API Clientes,Sprint 6,Ana,30,Alta,3,Homologação,API,Sim
2099,2024-08-06,2024-08-06,Alta,Fechado,Dashboard,Sprint 10,Carlos,13,Alta,3,Homologação,Backend,Sim
2100,2025-05-05,2025-05-05,Alta,Aberto,Dashboard,Sprint 9,Marcos,7,Baixa,1,Homologação,Frontend,Sim
2101,2025-08-27,2025-08-28,Crítica,Fechado,Mobile App,Sprint 9,Marcos,38,Média,2,Homologação,Backend,Não
2102,2024-06-08,2024-06-10,Alta,Fechado,Dashboard,Sprint 3,Carlos,53,Baixa,1,Homologação,Backend,Não
2103,2024-07-25,2024-07-29,Crítica,Fechado,Dashboard,Sprint 9,Carlos,111,Média,2,Homologação,Backend,Não
2104,2024-11-28,2024-11-29,Baixa,Fechado,Pagamento,Sprint 4,Rafael,29,Baixa,1,Homologação,Backend,Não
2105,2024-07-03,2024-07-07,Média,Aberto,API Clientes,Sprint 6,Juliana,113,Média,2,Homologação,Frontend,Sim
2106,2024-06-17,2024-06-19,Alta,Fechado,Pagamento,Sprint 1,Carlos,51,Alta,3,Homologação,Frontend,Sim
2107,2025-08-07,2025-08-07,Média,Fechado,Pagamento,Sprint 8,João,16,Baixa,1,Homologação,API,Não
2108,2024-08-15,2024-08-16,Média,Fechado,Relatórios,Sprint 2,João,40,Média,2,Produção,Frontend,Sim
2109,2025-09-06,2025-09-06,Baixa,Aberto,Dashboard,Sprint 9,Rafael,23,Média,2,Homologação,API,Não
2110,2025-05-13,2025-05-13,Baixa,Aberto,API Clientes,Sprint 10,Marcos,8,Baixa,1,Homologação,Backend,Não
2111,2024-09-20,2024-09-23,Média,Aberto,Pagamento,Sprint 10,Marcos,72,Baixa,1,Homologação,Backend,Sim
2112,2025-02-14,2025-02-19,Crítica,Aberto,Mobile App,Sprint 7,Rafael,120,Média,2,Homologação,Frontend,Não
2113,2026-04-03,2026-04-03,Baixa,Aberto,Login,Sprint 4,Marcos,10,Baixa,1,Homologação,Frontend,Não
2114,2025-06-04,2025-06-05,Crítica,Fechado,Mobile App,Sprint 10,Juliana,44,Baixa,1,Homologação,API,Sim
2115,2026-03-02,2026-03-04,Alta,Aberto,Dashboard,Sprint 5,Marcos,60,Alta,3,Produção,Backend,Sim
2116,2026-04-22,2026-04-22,Média,Fechado,Dashboard,Sprint 6,Rafael,16,Alta,3,Homologação,Frontend,Sim
2117,2025-11-07,2025-11-10,Alta,Fechado,Mobile App,Sprint 6,Fernanda,87,Média,2,Homologação,Backend,Sim
2118,2024-08-03,2024-08-07,Baixa,Aberto,Pagamento,Sprint 4,Ana,112,Baixa,1,Homologação,Backend,Não
2119,2024-08-29,2024-09-01,Baixa,Fechado,API Clientes,Sprint 7,Rafael,88,Alta,3,Produção,Frontend,Não
2120,2025-11-02,2025-11-05,Média,Fechado,Pagamento,Sprint 1,Ana,83,Alta,3,Homologação,API,Sim
2121,2025-02-20,2025-02-24,Crítica,Fechado,Mobile App,Sprint 1,Juliana,105,Baixa,1,Produção,Frontend,Não
2122,2026-02-13,2026-02-14,Alta,Fechado,Mobile App,Sprint 11,Ana,32,Baixa,1,Produção,Backend,Sim
2123,2025-10-04,2025-10-05,Média,Fechado,Relatórios,Sprint 4,Fernanda,42,Alta,3,Produção,Backend,Sim
2124,2025-04-19,2025-04-19,Baixa,Aberto,Mobile App,Sprint 7,João,5,Alta,3,Homologação,API,Não
2125,2025-03-26,2025-03-28,Crítica,Fechado,Pagamento,Sprint 5,Fernanda,66,Baixa,1,Homologação,API,Não
2126,2025-02-22,2025-02-23,Crítica,Aberto,Relatórios,Sprint 4,Rafael,34,Média,2,Homologação,API,Sim
2127,2025-11-22,2025-11-24,Média,Fechado,Mobile App,Sprint 9,Carlos,61,Alta,3,Produção,API,Não
2128,2024-12-08,2024-12-09,Baixa,Aberto,Relatórios,Sprint 8,Marcos,31,Alta,3,Homologação,API,Não
2129,2025-05-20,2025-05-24,Crítica,Aberto,Mobile App,Sprint 10,Carlos,103,Alta,3,Homologação,Backend,Não
2130,2024-10-26,2024-10-29,Média,Fechado,Login,Sprint 5,Rafael,75,Alta,3,Homologação,API,Sim
2131,2025-10-13,2025-10-14,Média,Aberto,Login,Sprint 12,Marcos,33,Média,2,Homologação,API,Não
2132,2025-05-25,2025-05-25,Média,Aberto,Relatórios,Sprint 11,Ana,23,Média,2,Homologação,Frontend,Sim
2133,2025-10-11,2025-10-12,Baixa,Aberto,Login,Sprint 11,Juliana,31,Alta,3,Homologação,Frontend,Não
2134,2024-12-20,2024-12-24,Média,Aberto,Relatórios,Sprint 9,Carlos,118,Baixa,1,Produção,Frontend,Sim
2135,2026-02-01,2026-02-01,Baixa,Aberto,Pagamento,Sprint 4,Ana,16,Baixa,1,Produção,Frontend,Sim
2136,2026-03-17,2026-03-20,Crítica,Fechado,API Clientes,Sprint 7,Carlos,89,Alta,3,Produção,Frontend,Não
2137,2026-02-16,2026-02-19,Baixa,Aberto,Relatórios,Sprint 2,Rafael,92,Média,2,Homologação,Frontend,Não
2138,2024-10-10,2024-10-12,Alta,Aberto,Mobile App,Sprint 4,Marcos,50,Baixa,1,Homologação,Backend,Sim
2139,2025-08-26,2025-08-29,Baixa,Fechado,Dashboard,Sprint 7,Rafael,83,Baixa,1,Produção,Frontend,Não
2140,2025-12-09,2025-12-10,Alta,Aberto,Login,Sprint 1,Ana,40,Média,2,Produção,Backend,Não
2141,2025-05-10,2025-05-14,Baixa,Fechado,Dashboard,Sprint 6,Juliana,118,Baixa,1,Homologação,Backend,Sim
2142,2026-02-25,2026-02-26,Baixa,Fechado,API Clientes,Sprint 11,João,43,Baixa,1,Homologação,Backend,Sim
2143,2025-05-19,2025-05-19,Crítica,Fechado,Dashboard,Sprint 2,Juliana,10,Baixa,1,Produção,API,Sim
2144,2026-02-01,2026-02-02,Crítica,Fechado,Login,Sprint 7,Marcos,37,Baixa,1,Homologação,API,Não
2145,2024-11-28,2024-11-28,Baixa,Fechado,Relatórios,Sprint 4,João,6,Alta,3,Homologação,API,Sim
2146,2026-04-20,2026-04-21,Média,Fechado,Relatórios,Sprint 12,Marcos,38,Alta,3,Homologação,Frontend,Não
2147,2025-03-23,2025-03-26,Baixa,Aberto,Relatórios,Sprint 7,Marcos,78,Média,2,Produção,Backend,Não
2148,2025-05-06,2025-05-10,Baixa,Fechado,Login,Sprint 6,Rafael,101,Alta,3,Homologação,Frontend,Não
2149,2024-05-11,2024-05-13,Crítica,Fechado,Login,Sprint 12,Marcos,59,Baixa,1,Produção,Frontend,Sim
2150,2025-05-27,2025-05-27,Crítica,Fechado,API Clientes,Sprint 11,Marcos,12,Baixa,1,Produção,Backend,Sim
2151,2025-11-09,2025-11-10,Baixa,Fechado,Pagamento,Sprint 2,Rafael,39,Baixa,1,Homologação,Backend,Não
2152,2026-02-11,2026-02-13,Baixa,Fechado,API Clientes,Sprint 8,Fernanda,66,Média,2,Produção,API,Sim
2153,2024-12-29,2024-12-31,Crítica,Aberto,Login,Sprint 2,Marcos,63,Média,2,Produção,Backend,Sim
2154,2025-02-05,2025-02-08,Crítica,Aberto,API Clientes,Sprint 5,Ana,78,Alta,3,Produção,Frontend,Não
2155,2024-12-15,2024-12-16,Baixa,Fechado,Login,Sprint 12,Fernanda,43,Alta,3,Homologação,Backend,Sim
2156,2025-10-04,2025-10-04,Alta,Fechado,Dashboard,Sprint 8,Rafael,14,Alta,3,Produção,Backend,Não
2157,2024-05-22,2024-05-26,Média,Aberto,Relatórios,Sprint 3,Ana,100,Alta,3,Homologação,Backend,Sim
2158,2025-07-12,2025-07-15,Baixa,Aberto,Login,Sprint 11,João,91,Alta,3,Produção,API,Não
2159,2025-11-03,2025-11-05,Baixa,Fechado,Pagamento,Sprint 4,Rafael,53,Média,2,Produção,Backend,Não
2160,2024-12-19,2024-12-19,Média,Fechado,Mobile App,Sprint 5,Carlos,23,Alta,3,Produção,Frontend,Não
2161,2025-10-12,2025-10-14,Média,Aberto,Mobile App,Sprint 5,Juliana,67,Alta,3,Homologação,Frontend,Sim
2162,2026-03-02,2026-03-02,Baixa,Fechado,Relatórios,Sprint 6,Carlos,18,Média,2,Homologação,Frontend,Sim
2163,2025-10-16,2025-10-20,Baixa,Aberto,Login,Sprint 10,Fernanda,101,Média,2,Produção,API,Sim
2164,2025-09-27,2025-10-01,Baixa,Aberto,Dashboard,Sprint 3,João,109,Média,2,Produção,API,Sim
2165,2024-12-04,2024-12-08,Média,Fechado,Login,Sprint 10,Ana,96,Média,2,Produção,Frontend,Sim
2166,2025-09-03,2025-09-05,Crítica,Fechado,Mobile App,Sprint 1,Carlos,60,Baixa,1,Homologação,Backend,Sim
2167,2025-10-14,2025-10-18,Alta,Fechado,Mobile App,Sprint 5,Ana,113,Alta,3,Produção,API,Não
2168,2024-10-09,2024-10-11,Média,Fechado,Dashboard,Sprint 3,Marcos,53,Alta,3,Homologação,Backend,Não
2169,2024-11-12,2024-11-16,Crítica,Aberto,Relatórios,Sprint 12,Marcos,99,Baixa,1,Produção,Backend,Sim
2170,2025-09-16,2025-09-20,Baixa,Aberto,Mobile App,Sprint 2,Carlos,104,Média,2,Homologação,Backend,Sim
2171,2026-02-13,2026-02-13,Crítica,Aberto,Mobile App,Sprint 3,Carlos,20,Média,2,Homologação,Backend,Sim
2172,2025-10-16,2025-10-20,Alta,Fechado,Dashboard,Sprint 9,Rafael,113,Alta,3,Produção,Backend,Sim
2173,2026-01-29,2026-01-31,Baixa,Fechado,Dashboard,Sprint 9,João,54,Alta,3,Produção,API,Não
2174,2025-01-27,2025-01-29,Média,Fechado,Dashboard,Sprint 9,Marcos,58,Baixa,1,Produção,API,Não
2175,2025-02-19,2025-02-19,Média,Fechado,Mobile App,Sprint 5,João,23,Média,2,Produção,API,Sim
2176,2025-12-14,2025-12-15,Baixa,Fechado,API Clientes,Sprint 5,Juliana,43,Média,2,Produção,Backend,Não
2177,2024-09-07,2024-09-09,Alta,Fechado,Login,Sprint 6,João,58,Alta,3,Produção,Frontend,Sim
2178,2024-05-30,2024-06-02,Baixa,Fechado,Dashboard,Sprint 2,Carlos,94,Baixa,1,Homologação,API,Não
2179,2024-09-01,2024-09-04,Baixa,Aberto,Login,Sprint 2,Carlos,94,Baixa,1,Homologação,API,Não
2180,2025-11-08,2025-11-08,Baixa,Aberto,Dashboard,Sprint 5,Juliana,13,Alta,3,Homologação,API,Não
2181,2026-02-27,2026-02-27,Média,Aberto,Mobile App,Sprint 1,João,7,Alta,3,Homologação,Frontend,Não
2182,2025-04-16,2025-04-20,Baixa,Aberto,Login,Sprint 2,Juliana,105,Média,2,Produção,Frontend,Não
2183,2025-10-14,2025-10-18,Alta,Aberto,Login,Sprint 3,Rafael,116,Média,2,Homologação,API,Sim
2184,2025-05-02,2025-05-02,Baixa,Fechado,Pagamento,Sprint 12,Ana,11,Média,2,Homologação,API,Não
2185,2025-02-25,2025-02-27,Alta,Aberto,API Clientes,Sprint 5,Carlos,57,Alta,3,Homologação,Frontend,Não
2186,2025-06-04,2025-06-07,Média,Fechado,Relatórios,Sprint 9,Carlos,91,Baixa,1,Homologação,API,Não
2187,2025-09-26,2025-09-29,Média,Aberto,Login,Sprint 1,João,83,Baixa,1,Homologação,API,Sim
2188,2024-11-09,2024-11-10,Baixa,Aberto,Mobile App,Sprint 10,Carlos,39,Alta,3,Produção,Backend,Não
2189,2024-12-12,2024-12-12,Média,Fechado,Login,Sprint 9,Marcos,17,Baixa,1,Homologação,Frontend,Sim
2190,2025-10-25,2025-10-27,Baixa,Aberto,Mobile App,Sprint 6,Marcos,70,Média,2,Produção,API,Não
2191,2024-12-03,2024-12-04,Alta,Fechado,Pagamento,Sprint 1,Fernanda,45,Baixa,1,Homologação,Frontend,Sim
2192,2025-02-21,2025-02-21,Crítica,Aberto,Mobile App,Sprint 1,João,8,Média,2,Homologação,API,Sim
2193,2024-10-30,2024-10-30,Crítica,Fechado,API Clientes,Sprint 5,Carlos,10,Alta,3,Produção,Backend,Não
2194,2024-11-02,2024-11-05,Média,Aberto,Mobile App,Sprint 4,Marcos,89,Alta,3,Homologação,Backend,Não
2195,2024-10-05,2024-10-09,Baixa,Aberto,API Clientes,Sprint 8,João,111,Baixa,1,Homologação,Frontend,Não
2196,2024-06-05,2024-06-06,Média,Aberto,Mobile App,Sprint 6,Rafael,42,Baixa,1,Produção,Frontend,Não
2197,2025-09-15,2025-09-16,Alta,Fechado,Pagamento,Sprint 7,Ana,28,Média,2,Homologação,Frontend,Não
2198,2024-10-11,2024-10-13,Média,Aberto,Mobile App,Sprint 3,Juliana,69,Média,2,Produção,Frontend,Sim
2199,2024-12-16,2024-12-17,Baixa,Aberto,Login,Sprint 12,Rafael,40,Média,2,Produção,API,Sim
2200,2024-11-23,2024-11-26,Baixa,Fechado,Pagamento,Sprint 1,Juliana,83,Média,2,Homologação,API,Não
2201,2024-12-13,2024-12-14,Média,Aberto,Login,Sprint 7,João,32,Baixa,1,Homologação,Frontend,Sim
2202,2025-06-18,2025-06-21,Alta,Fechado,API Clientes,Sprint 6,Rafael,79,Baixa,1,Homologação,Backend,Sim
2203,2024-11-30,2024-11-30,Crítica,Fechado,Pagamento,Sprint 7,Carlos,12,Baixa,1,Produção,Frontend,Não
2204,2024-12-26,2024-12-29,Baixa,Aberto,API Clientes,Sprint 6,Fernanda,86,Baixa,1,Produção,Frontend,Não
2205,2024-08-06,2024-08-08,Baixa,Aberto,Login,Sprint 8,Carlos,60,Média,2,Produção,Backend,Sim
2206,2025-11-21,2025-11-22,Baixa,Aberto,Pagamento,Sprint 7,Juliana,29,Alta,3,Produção,Frontend,Sim
2207,2026-01-22,2026-01-22,Baixa,Fechado,Mobile App,Sprint 1,Juliana,9,Média,2,Homologação,API,Sim
2208,2025-12-06,2025-12-08,Baixa,Fechado,Pagamento,Sprint 9,Fernanda,56,Baixa,1,Homologação,API,Sim
2209,2024-11-03,2024-11-06,Alta,Fechado,Mobile App,Sprint 8,Ana,94,Alta,3,Produção,Backend,Sim
2210,2026-05-01,2026-05-04,Alta,Aberto,API Clientes,Sprint 9,Rafael,91,Baixa,1,Produção,Frontend,Não
2211,2025-04-16,2025-04-19,Crítica,Aberto,Relatórios,Sprint 5,Fernanda,78,Baixa,1,Homologação,Frontend,Sim
2212,2026-03-15,2026-03-17,Média,Fechado,Pagamento,Sprint 1,Carlos,66,Baixa,1,Produção,API,Sim
2213,2025-03-24,2025-03-27,Média,Aberto,Pagamento,Sprint 11,Ana,79,Média,2,Produção,Backend,Sim
2214,2025-03-19,2025-03-20,Crítica,Fechado,Mobile App,Sprint 4,Juliana,36,Média,2,Produção,API,Sim
2215,2024-10-05,2024-10-05,Alta,Aberto,Mobile App,Sprint 1,Juliana,9,Média,2,Produção,API,Sim
2216,2026-04-13,2026-04-13,Média,Aberto,Dashboard,Sprint 12,Juliana,17,Baixa,1,Produção,Frontend,Sim
2217,2025-11-22,2025-11-22,Crítica,Fechado,Dashboard,Sprint 3,Juliana,17,Alta,3,Produção,Frontend,Não
2218,2025-01-12,2025-01-15,Baixa,Aberto,Relatórios,Sprint 2,João,92,Baixa,1,Homologação,Frontend,Não
2219,2025-04-23,2025-04-24,Média,Aberto,Mobile App,Sprint 1,Fernanda,33,Média,2,Produção,Backend,Não
2220,2025-12-26,2025-12-28,Crítica,Aberto,Relatórios,Sprint 9,Ana,59,Média,2,Produção,Frontend,Sim
2221,2026-03-12,2026-03-15,Baixa,Fechado,Mobile App,Sprint 11,Juliana,84,Baixa,1,Produção,Backend,Não
2222,2025-12-14,2025-12-16,Baixa,Aberto,Relatórios,Sprint 12,Marcos,49,Alta,3,Produção,Frontend,Sim
2223,2024-10-29,2024-10-30,Alta,Aberto,Relatórios,Sprint 7,João,34,Baixa,1,Produção,Frontend,Sim
2224,2025-12-07,2025-12-11,Baixa,Fechado,API Clientes,Sprint 1,Marcos,103,Baixa,1,Produção,Backend,Não
2225,2025-03-11,2025-03-14,Crítica,Fechado,API Clientes,Sprint 1,João,72,Média,2,Produção,API,Não
2226,2024-10-26,2024-10-31,Baixa,Fechado,Dashboard,Sprint 6,Carlos,120,Baixa,1,Homologação,API,Não
2227,2024-09-28,2024-10-02,Alta,Aberto,API Clientes,Sprint 7,João,100,Média,2,Produção,API,Não
2228,2024-06-02,2024-06-05,Média,Fechado,Dashboard,Sprint 1,Fernanda,78,Baixa,1,Homologação,Frontend,Não
2229,2024-06-01,2024-06-02,Média,Fechado,Pagamento,Sprint 7,Rafael,25,Baixa,1,Produção,Frontend,Não
2230,2024-06-11,2024-06-11,Média,Fechado,Mobile App,Sprint 3,Rafael,19,Média,2,Homologação,API,Não
2231,2026-02-20,2026-02-21,Média,Aberto,Mobile App,Sprint 9,Rafael,35,Alta,3,Produção,API,Não
2232,2024-05-16,2024-05-19,Baixa,Fechado,Pagamento,Sprint 11,Ana,77,Alta,3,Homologação,API,Sim
2233,2024-12-20,2024-12-23,Crítica,Fechado,Pagamento,Sprint 4,Marcos,85,Alta,3,Homologação,Frontend,Sim
2234,2024-10-02,2024-10-05,Crítica,Aberto,Dashboard,Sprint 11,Carlos,93,Média,2,Homologação,API,Sim
2235,2024-12-19,2024-12-20,Alta,Aberto,Login,Sprint 12,Ana,29,Baixa,1,Produção,Frontend,Não
2236,2026-04-03,2026-04-07,Crítica,Fechado,Login,Sprint 6,Juliana,109,Alta,3,Homologação,Backend,Não
2237,2025-05-29,2025-06-02,Crítica,Fechado,API Clientes,Sprint 6,Rafael,100,Alta,3,Homologação,Backend,Não
2238,2025-10-03,2025-10-06,Alta,Aberto,Dashboard,Sprint 4,João,93,Alta,3,Homologação,API,Não
2239,2026-01-28,2026-02-01,Crítica,Fechado,Mobile App,Sprint 10,Rafael,110,Média,2,Homologação,Frontend,Não
2240,2026-01-13,2026-01-14,Média,Aberto,Pagamento,Sprint 6,Fernanda,27,Média,2,Homologação,Frontend,Sim
2241,2025-01-22,2025-01-25,Alta,Aberto,Dashboard,Sprint 3,Rafael,74,Média,2,Homologação,API,Sim
2242,2025-06-21,2025-06-22,Crítica,Fechado,Dashboard,Sprint 8,Ana,42,Média,2,Produção,Frontend,Sim
2243,2024-10-14,2024-10-16,Média,Aberto,Dashboard,Sprint 12,Marcos,59,Média,2,Produção,Backend,Sim
2244,2025-05-08,2025-05-10,Alta,Aberto,Mobile App,Sprint 5,Juliana,50,Baixa,1,Produção,Frontend,Sim
2245,2024-10-14,2024-10-16,Alta,Fechado,Dashboard,Sprint 4,Juliana,54,Baixa,1,Produção,Backend,Não
2246,2025-08-07,2025-08-08,Crítica,Aberto,Login,Sprint 11,Carlos,29,Alta,3,Produção,API,Sim
2247,2024-07-27,2024-07-29,Alta,Aberto,Pagamento,Sprint 2,Carlos,64,Alta,3,Homologação,API,Não
2248,2025-02-25,2025-02-25,Alta,Fechado,Pagamento,Sprint 4,Fernanda,12,Alta,3,Homologação,API,Sim
2249,2025-11-05,2025-11-07,Crítica,Fechado,Dashboard,Sprint 11,Juliana,56,Alta,3,Homologação,Frontend,Sim
2250,2025-04-16,2025-04-18,Média,Aberto,Mobile App,Sprint 9,João,64,Baixa,1,Homologação,API,Sim
2251,2024-12-01,2024-12-02,Crítica,Fechado,Pagamento,Sprint 10,João,29,Média,2,Homologação,API,Não
2252,2024-11-28,2024-11-30,Média,Fechado,Login,Sprint 2,Fernanda,53,Baixa,1,Produção,API,Sim
2253,2025-08-20,2025-08-24,Alta,Aberto,API Clientes,Sprint 9,Carlos,119,Alta,3,Produção,Backend,Não
2254,2025-05-26,2025-05-29,Baixa,Aberto,Login,Sprint 3,João,84,Alta,3,Produção,API,Sim
2255,2024-10-21,2024-10-21,Média,Fechado,API Clientes,Sprint 11,Rafael,9,Média,2,Produção,Frontend,Não
2256,2025-01-27,2025-01-27,Alta,Aberto,Relatórios,Sprint 12,Rafael,4,Alta,3,Produção,Frontend,Não
2257,2024-11-15,2024-11-17,Baixa,Fechado,Pagamento,Sprint 1,Ana,68,Alta,3,Produção,Frontend,Não
2258,2025-10-10,2025-10-13,Alta,Aberto,Relatórios,Sprint 7,Ana,80,Média,2,Produção,API,Sim
2259,2025-10-25,2025-10-28,Crítica,Aberto,Dashboard,Sprint 3,Juliana,74,Alta,3,Homologação,API,Não
2260,2024-06-18,2024-06-22,Média,Aberto,Pagamento,Sprint 3,Ana,106,Alta,3,Homologação,Frontend,Sim
2261,2025-09-26,2025-09-30,Média,Aberto,Dashboard,Sprint 6,Rafael,115,Alta,3,Homologação,API,Sim
2262,2025-06-22,2025-06-26,Média,Aberto,Pagamento,Sprint 7,João,101,Média,2,Produção,API,Não
2263,2025-07-26,2025-07-26,Crítica,Aberto,Login,Sprint 9,João,5,Média,2,Produção,API,Sim
2264,2025-12-07,2025-12-09,Crítica,Aberto,Relatórios,Sprint 3,Rafael,50,Alta,3,Produção,Backend,Sim
2265,2025-09-11,2025-09-11,Crítica,Aberto,Pagamento,Sprint 7,Carlos,13,Baixa,1,Homologação,API,Sim
2266,2025-09-20,2025-09-24,Média,Aberto,API Clientes,Sprint 11,Rafael,115,Alta,3,Homologação,API,Não
2267,2025-05-28,2025-05-30,Crítica,Fechado,Pagamento,Sprint 6,João,69,Média,2,Homologação,Frontend,Sim
2268,2025-03-29,2025-03-30,Média,Aberto,Pagamento,Sprint 12,Marcos,27,Baixa,1,Produção,API,Sim
2269,2025-02-02,2025-02-06,Alta,Fechado,Pagamento,Sprint 6,Marcos,97,Alta,3,Produção,API,Sim
2270,2024-07-11,2024-07-11,Alta,Fechado,Login,Sprint 7,Ana,23,Alta,3,Homologação,Frontend,Não
2271,2026-05-07,2026-05-10,Crítica,Aberto,Mobile App,Sprint 12,João,84,Baixa,1,Produção,Frontend,Sim
2272,2026-05-01,2026-05-03,Alta,Fechado,Mobile App,Sprint 8,Fernanda,69,Baixa,1,Produção,Frontend,Sim
2273,2026-01-25,2026-01-27,Alta,Aberto,Relatórios,Sprint 5,Rafael,63,Alta,3,Produção,API,Não
2274,2024-07-04,2024-07-04,Baixa,Aberto,API Clientes,Sprint 3,João,20,Baixa,1,Produção,API,Não
2275,2025-08-04,2025-08-07,Média,Fechado,Mobile App,Sprint 6,João,85,Média,2,Produção,Backend,Não
2276,2025-09-03,2025-09-07,Baixa,Fechado,Dashboard,Sprint 5,Marcos,102,Média,2,Produção,Frontend,Sim
2277,2025-11-07,2025-11-09,Crítica,Fechado,Login,Sprint 2,Marcos,48,Baixa,1,Homologação,Backend,Não
2278,2026-01-27,2026-01-28,Baixa,Fechado,Relatórios,Sprint 4,Marcos,35,Baixa,1,Homologação,Backend,Não
2279,2024-10-28,2024-10-29,Baixa,Fechado,Login,Sprint 3,Carlos,46,Baixa,1,Homologação,Frontend,Não
2280,2026-02-01,2026-02-01,Baixa,Aberto,Relatórios,Sprint 11,João,21,Alta,3,Produção,Frontend,Sim
2281,2024-12-14,2024-12-14,Baixa,Aberto,Relatórios,Sprint 4,Rafael,20,Média,2,Homologação,API,Não
2282,2025-08-14,2025-08-16,Crítica,Fechado,Login,Sprint 10,Marcos,60,Alta,3,Homologação,Frontend,Sim
2283,2025-02-15,2025-02-15,Crítica,Fechado,Pagamento,Sprint 2,Rafael,22,Média,2,Produção,Frontend,Não
2284,2026-05-04,2026-05-07,Baixa,Fechado,Dashboard,Sprint 12,Marcos,84,Média,2,Homologação,API,Não
2285,2025-05-26,2025-05-27,Média,Fechado,Pagamento,Sprint 2,Marcos,46,Baixa,1,Produção,API,Não
2286,2024-10-21,2024-10-22,Média,Aberto,Relatórios,Sprint 11,Juliana,43,Média,2,Homologação,Frontend,Sim
2287,2025-10-26,2025-10-26,Baixa,Aberto,Login,Sprint 10,Carlos,16,Baixa,1,Homologação,Frontend,Não
2288,2026-02-05,2026-02-07,Alta,Fechado,Relatórios,Sprint 11,João,63,Média,2,Homologação,Backend,Sim
2289,2025-02-01,2025-02-04,Baixa,Aberto,API Clientes,Sprint 9,João,92,Baixa,1,Homologação,Backend,Não
2290,2026-01-29,2026-01-31,Crítica,Fechado,API Clientes,Sprint 5,Marcos,70,Alta,3,Homologação,API,Não
2291,2025-07-05,2025-07-09,Baixa,Fechado,Pagamento,Sprint 7,Fernanda,119,Média,2,Homologação,API,Sim
2292,2024-10-21,2024-10-22,Baixa,Aberto,API Clientes,Sprint 4,Fernanda,33,Média,2,Homologação,API,Sim
2293,2025-08-20,2025-08-22,Baixa,Fechado,Dashboard,Sprint 10,João,61,Baixa,1,Produção,Backend,Não
2294,2024-06-07,2024-06-07,Alta,Aberto,Relatórios,Sprint 12,João,11,Baixa,1,Produção,Backend,Sim
2295,2026-01-16,2026-01-16,Alta,Fechado,Mobile App,Sprint 1,Ana,7,Alta,3,Homologação,Backend,Sim
2296,2026-03-03,2026-03-03,Média,Fechado,API Clientes,Sprint 11,Ana,21,Alta,3,Homologação,Backend,Sim
2297,2025-09-13,2025-09-13,Alta,Fechado,Relatórios,Sprint 7,Fernanda,11,Média,2,Homologação,Backend,Não
2298,2025-06-28,2025-06-29,Alta,Fechado,Dashboard,Sprint 12,Ana,32,Média,2,Homologação,API,Não
2299,2026-01-03,2026-01-07,Alta,Aberto,API Clientes,Sprint 10,Marcos,101,Baixa,1,Produção,API,Sim
2300,2025-03-30,2025-04-03,Alta,Fechado,Relatórios,Sprint 8,Fernanda,107,Alta,3,Produção,API,Não
2301,2024-06-15,2024-06-19,Alta,Aberto,Relatórios,Sprint 11,Rafael,113,Média,2,Produção,Frontend,Sim
2302,2024-05-29,2024-05-29,Alta,Fechado,Pagamento,Sprint 10,Juliana,7,Alta,3,Homologação,API,Sim
2303,2026-01-02,2026-01-05,Alta,Aberto,Pagamento,Sprint 3,Carlos,74,Alta,3,Produção,API,Não
2304,2026-02-17,2026-02-17,Média,Aberto,API Clientes,Sprint 1,João,17,Baixa,1,Homologação,Backend,Não
2305,2025-02-10,2025-02-11,Crítica,Fechado,Dashboard,Sprint 8,Rafael,25,Média,2,Produção,Frontend,Sim
2306,2024-06-16,2024-06-17,Baixa,Fechado,Dashboard,Sprint 10,João,32,Baixa,1,Homologação,Backend,Sim
2307,2026-01-18,2026-01-18,Média,Aberto,Login,Sprint 3,Juliana,19,Alta,3,Homologação,Frontend,Sim
2308,2026-01-22,2026-01-26,Média,Fechado,Dashboard,Sprint 7,Rafael,100,Baixa,1,Homologação,API,Não
2309,2024-12-26,2024-12-27,Alta,Fechado,Login,Sprint 9,João,25,Média,2,Produção,API,Sim
2310,2025-09-25,2025-09-25,Alta,Fechado,Pagamento,Sprint 5,Juliana,9,Média,2,Homologação,Backend,Não
2311,2024-06-09,2024-06-10,Baixa,Aberto,Relatórios,Sprint 9,Fernanda,29,Baixa,1,Produção,Frontend,Não
2312,2025-02-10,2025-02-14,Média,Fechado,Pagamento,Sprint 11,Juliana,114,Baixa,1,Produção,Frontend,Sim
2313,2025-10-30,2025-10-31,Crítica,Fechado,Pagamento,Sprint 5,João,25,Média,2,Produção,API,Sim
2314,2025-03-08,2025-03-08,Média,Fechado,Mobile App,Sprint 10,João,3,Média,2,Homologação,API,Sim
2315,2024-08-08,2024-08-08,Alta,Aberto,Relatórios,Sprint 5,João,5,Alta,3,Produção,Frontend,Sim
2316,2024-12-02,2024-12-05,Crítica,Fechado,Dashboard,Sprint 2,João,83,Alta,3,Homologação,Frontend,Sim
2317,2025-01-31,2025-02-01,Alta,Aberto,Pagamento,Sprint 4,Marcos,39,Baixa,1,Homologação,Frontend,Sim
2318,2025-05-20,2025-05-20,Alta,Fechado,API Clientes,Sprint 6,Ana,21,Alta,3,Homologação,Backend,Sim
2319,2024-09-03,2024-09-04,Média,Aberto,Relatórios,Sprint 4,Carlos,26,Baixa,1,Produção,Frontend,Sim
2320,2025-09-24,2025-09-25,Baixa,Aberto,Pagamento,Sprint 1,Ana,43,Média,2,Produção,Frontend,Sim
2321,2026-02-02,2026-02-03,Crítica,Fechado,Login,Sprint 12,Juliana,33,Média,2,Produção,API,Não
2322,2024-11-08,2024-11-12,Alta,Aberto,API Clientes,Sprint 7,Ana,101,Média,2,Homologação,API,Não
2323,2025-01-21,2025-01-25,Média,Aberto,Pagamento,Sprint 5,Juliana,97,Média,2,Homologação,Frontend,Sim
2324,2025-08-15,2025-08-15,Média,Fechado,API Clientes,Sprint 3,Ana,11,Baixa,1,Produção,Frontend,Não
2325,2026-03-12,2026-03-15,Baixa,Aberto,Relatórios,Sprint 5,João,92,Baixa,1,Produção,API,Sim
2326,2025-08-10,2025-08-10,Média,Aberto,Mobile App,Sprint 3,Fernanda,12,Média,2,Produção,Backend,Sim
2327,2025-06-04,2025-06-06,Crítica,Fechado,Mobile App,Sprint 9,João,57,Alta,3,Produção,Backend,Não
2328,2026-04-22,2026-04-23,Crítica,Aberto,Relatórios,Sprint 10,Rafael,42,Média,2,Produção,Backend,Sim
2329,2025-04-09,2025-04-11,Média,Fechado,Pagamento,Sprint 11,João,50,Média,2,Produção,Backend,Sim
2330,2025-12-17,2025-12-18,Alta,Aberto,Relatórios,Sprint 12,Fernanda,24,Baixa,1,Homologação,Backend,Não
2331,2026-01-08,2026-01-11,Média,Aberto,API Clientes,Sprint 4,Juliana,92,Média,2,Produção,Backend,Sim
2332,2025-09-12,2025-09-16,Baixa,Aberto,Login,Sprint 2,Carlos,102,Baixa,1,Produção,API,Não
2333,2024-12-09,2024-12-11,Média,Fechado,Mobile App,Sprint 9,João,66,Baixa,1,Produção,API,Sim
2334,2025-03-11,2025-03-13,Crítica,Fechado,Mobile App,Sprint 1,Rafael,59,Baixa,1,Produção,API,Sim
2335,2024-11-16,2024-11-17,Alta,Fechado,Pagamento,Sprint 10,Fernanda,46,Baixa,1,Produção,Backend,Sim
2336,2025-09-08,2025-09-08,Média,Fechado,API Clientes,Sprint 12,Fernanda,23,Baixa,1,Produção,Frontend,Não
2337,2024-07-17,2024-07-18,Baixa,Fechado,Dashboard,Sprint 3,Ana,24,Baixa,1,Produção,Backend,Sim
2338,2025-11-19,2025-11-21,Alta,Fechado,Relatórios,Sprint 11,João,49,Alta,3,Produção,Frontend,Sim
2339,2025-05-10,2025-05-13,Média,Aberto,Dashboard,Sprint 5,Fernanda,89,Alta,3,Homologação,Frontend,Não
2340,2025-06-09,2025-06-11,Crítica,Fechado,Login,Sprint 5,João,65,Alta,3,Produção,Frontend,Sim
2341,2024-06-15,2024-06-19,Crítica,Fechado,Login,Sprint 10,Rafael,111,Média,2,Homologação,Frontend,Não
2342,2025-09-23,2025-09-25,Média,Fechado,API Clientes,Sprint 11,Juliana,64,Média,2,Produção,Frontend,Não
2343,2025-05-16,2025-05-18,Alta,Aberto,API Clientes,Sprint 8,João,54,Baixa,1,Homologação,Frontend,Sim
2344,2025-12-18,2025-12-22,Média,Aberto,API Clientes,Sprint 2,João,117,Média,2,Homologação,API,Sim
2345,2025-08-23,2025-08-23,Média,Aberto,Mobile App,Sprint 6,Marcos,19,Alta,3,Produção,Frontend,Não
2346,2026-04-14,2026-04-14,Alta,Fechado,Pagamento,Sprint 1,Ana,15,Baixa,1,Homologação,Backend,Não
2347,2025-04-26,2025-04-27,Média,Fechado,Mobile App,Sprint 12,Rafael,30,Média,2,Produção,API,Não
2348,2024-11-28,2024-11-28,Alta,Aberto,Login,Sprint 7,João,23,Alta,3,Produção,Backend,Não
2349,2025-08-11,2025-08-14,Baixa,Fechado,Login,Sprint 4,Ana,80,Alta,3,Produção,Frontend,Sim
2350,2026-02-25,2026-02-25,Média,Aberto,Login,Sprint 11,Carlos,6,Média,2,Produção,Frontend,Sim
2351,2024-08-10,2024-08-14,Baixa,Fechado,Mobile App,Sprint 5,Marcos,107,Baixa,1,Produção,API,Não
2352,2025-06-07,2025-06-09,Crítica,Fechado,Relatórios,Sprint 8,João,69,Baixa,1,Homologação,Frontend,Sim
2353,2026-05-02,2026-05-06,Baixa,Fechado,Dashboard,Sprint 9,Marcos,98,Alta,3,Produção,Backend,Não
2354,2024-08-05,2024-08-06,Baixa,Aberto,API Clientes,Sprint 3,Marcos,40,Baixa,1,Homologação,Backend,Não
2355,2024-08-13,2024-08-14,Alta,Fechado,Mobile App,Sprint 7,Fernanda,32,Média,2,Homologação,API,Não
2356,2026-04-19,2026-04-23,Baixa,Fechado,Mobile App,Sprint 3,Ana,100,Alta,3,Homologação,API,Sim
2357,2025-03-04,2025-03-04,Média,Fechado,Pagamento,Sprint 3,Carlos,15,Alta,3,Produção,Frontend,Sim
2358,2025-12-06,2025-12-07,Baixa,Aberto,Dashboard,Sprint 3,Marcos,40,Alta,3,Homologação,API,Sim
2359,2024-05-20,2024-05-24,Alta,Fechado,Relatórios,Sprint 10,Rafael,102,Baixa,1,Produção,Frontend,Não
2360,2025-02-14,2025-02-18,Crítica,Aberto,API Clientes,Sprint 10,Marcos,111,Alta,3,Homologação,API,Sim
2361,2024-11-04,2024-11-07,Média,Aberto,Mobile App,Sprint 9,Carlos,84,Baixa,1,Produção,Frontend,Não
2362,2024-09-09,2024-09-11,Baixa,Aberto,Mobile App,Sprint 1,Carlos,55,Média,2,Produção,Backend,Sim
2363,2024-09-03,2024-09-07,Alta,Aberto,Relatórios,Sprint 7,Ana,96,Baixa,1,Produção,Frontend,Não
2364,2025-09-21,2025-09-24,Alta,Aberto,Dashboard,Sprint 4,Marcos,81,Baixa,1,Produção,API,Sim
2365,2025-04-24,2025-04-29,Média,Fechado,Relatórios,Sprint 3,Juliana,120,Média,2,Produção,Frontend,Não
2366,2025-11-25,2025-11-27,Crítica,Aberto,API Clientes,Sprint 7,Ana,51,Alta,3,Produção,Frontend,Sim
2367,2025-07-20,2025-07-24,Crítica,Aberto,Pagamento,Sprint 8,João,113,Alta,3,Produção,API,Não
2368,2024-09-01,2024-09-04,Crítica,Aberto,API Clientes,Sprint 8,Carlos,82,Baixa,1,Produção,Backend,Não
2369,2026-05-05,2026-05-09,Baixa,Aberto,Pagamento,Sprint 3,Juliana,100,Baixa,1,Produção,Frontend,Sim
2370,2024-07-13,2024-07-16,Média,Aberto,Mobile App,Sprint 9,Rafael,92,Alta,3,Produção,Backend,Sim
2371,2025-07-08,2025-07-10,Baixa,Fechado,Dashboard,Sprint 12,Rafael,60,Alta,3,Produção,Backend,Não
2372,2026-01-10,2026-01-12,Baixa,Aberto,API Clientes,Sprint 11,Juliana,64,Média,2,Homologação,API,Sim
2373,2025-04-15,2025-04-15,Baixa,Fechado,Pagamento,Sprint 2,Marcos,1,Alta,3,Produção,Backend,Não
2374,2026-01-30,2026-02-01,Crítica,Aberto,Dashboard,Sprint 10,João,53,Baixa,1,Produção,API,Não
2375,2025-04-03,2025-04-04,Crítica,Aberto,Mobile App,Sprint 11,Carlos,45,Alta,3,Produção,API,Não
2376,2025-01-02,2025-01-04,Crítica,Fechado,Pagamento,Sprint 10,Rafael,49,Média,2,Homologação,API,Sim
2377,2025-09-17,2025-09-17,Crítica,Aberto,Dashboard,Sprint 10,Marcos,18,Média,2,Produção,Backend,Não
2378,2025-09-23,2025-09-24,Alta,Fechado,Mobile App,Sprint 11,Carlos,29,Alta,3,Homologação,API,Não
2379,2024-05-27,2024-05-31,Baixa,Fechado,Dashboard,Sprint 11,João,114,Baixa,1,Produção,API,Não
2380,2025-12-23,2025-12-25,Alta,Aberto,API Clientes,Sprint 10,Marcos,55,Alta,3,Homologação,Backend,Sim
2381,2025-01-16,2025-01-19,Crítica,Fechado,Mobile App,Sprint 11,João,72,Baixa,1,Homologação,API,Não
2382,2025-06-30,2025-07-03,Alta,Fechado,Dashboard,Sprint 2,Marcos,88,Alta,3,Produção,API,Não
2383,2024-06-10,2024-06-10,Crítica,Aberto,Dashboard,Sprint 8,Marcos,15,Média,2,Homologação,Frontend,Não
2384,2026-02-24,2026-02-27,Baixa,Fechado,Dashboard,Sprint 10,Marcos,94,Alta,3,Produção,Backend,Não
2385,2025-07-10,2025-07-11,Média,Fechado,Login,Sprint 6,Ana,41,Baixa,1,Produção,Frontend,Sim
2386,2025-12-31,2026-01-02,Crítica,Aberto,API Clientes,Sprint 7,Fernanda,52,Baixa,1,Produção,Frontend,Sim
2387,2024-09-14,2024-09-15,Alta,Fechado,Relatórios,Sprint 2,Rafael,35,Alta,3,Produção,Frontend,Sim
2388,2025-02-25,2025-03-01,Baixa,Fechado,API Clientes,Sprint 5,Juliana,112,Alta,3,Produção,API,Não
2389,2025-02-20,2025-02-21,Baixa,Fechado,API Clientes,Sprint 4,Carlos,34,Alta,3,Produção,Backend,Não
2390,2025-02-16,2025-02-20,Baixa,Aberto,Pagamento,Sprint 1,Juliana,118,Baixa,1,Homologação,API,Não
2391,2026-01-14,2026-01-18,Crítica,Aberto,Relatórios,Sprint 10,Fernanda,98,Alta,3,Produção,Frontend,Não
2392,2024-11-06,2024-11-08,Baixa,Fechado,Relatórios,Sprint 4,Rafael,50,Média,2,Homologação,API,Não
2393,2025-01-29,2025-01-31,Baixa,Fechado,Mobile App,Sprint 1,Juliana,56,Média,2,Produção,API,Não
2394,2024-07-04,2024-07-04,Baixa,Aberto,Login,Sprint 11,Rafael,21,Média,2,Produção,Backend,Não
2395,2024-06-15,2024-06-19,Baixa,Aberto,Pagamento,Sprint 5,Fernanda,114,Alta,3,Homologação,Backend,Sim
2396,2025-05-13,2025-05-16,Baixa,Fechado,API Clientes,Sprint 5,Juliana,77,Alta,3,Homologação,Backend,Não
2397,2026-02-19,2026-02-23,Média,Fechado,Login,Sprint 7,Ana,105,Média,2,Produção,Frontend,Não
2398,2025-03-13,2025-03-17,Crítica,Fechado,Pagamento,Sprint 6,João,117,Média,2,Produção,Frontend,Sim
2399,2025-01-31,2025-01-31,Baixa,Fechado,Pagamento,Sprint 4,Juliana,16,Alta,3,Homologação,Backend,Sim
2400,2025-10-04,2025-10-05,Alta,Fechado,API Clientes,Sprint 5,Marcos,34,Média,2,Homologação,API,Não
2401,2024-09-09,2024-09-11,Média,Fechado,Dashboard,Sprint 3,Carlos,48,Alta,3,Produção,API,Sim
2402,2026-02-07,2026-02-08,Crítica,Aberto,Pagamento,Sprint 5,Fernanda,41,Baixa,1,Homologação,Frontend,Sim
2403,2026-02-02,2026-02-02,Baixa,Aberto,Mobile App,Sprint 4,João,22,Alta,3,Produção,API,Sim
2404,2024-12-23,2024-12-23,Crítica,Aberto,Mobile App,Sprint 3,Juliana,12,Baixa,1,Homologação,Backend,Sim
2405,2025-12-08,2025-12-10,Média,Fechado,Relatórios,Sprint 6,Juliana,55,Média,2,Homologação,API,Não
2406,2025-09-26,2025-09-26,Alta,Aberto,Mobile App,Sprint 6,Ana,22,Baixa,1,Homologação,Frontend,Não
2407,2024-06-07,2024-06-07,Alta,Fechado,Dashboard,Sprint 10,Carlos,15,Alta,3,Homologação,Frontend,Sim
2408,2024-05-19,2024-05-20,Baixa,Fechado,Dashboard,Sprint 10,Carlos,44,Baixa,1,Homologação,Backend,Não
2409,2026-03-16,2026-03-17,Crítica,Aberto,Dashboard,Sprint 11,Ana,40,Média,2,Homologação,Frontend,Não
2410,2024-11-12,2024-11-14,Alta,Aberto,API Clientes,Sprint 2,Fernanda,57,Alta,3,Homologação,API,Não
2411,2024-05-07,2024-05-08,Alta,Aberto,Login,Sprint 6,Ana,26,Média,2,Homologação,API,Sim
2412,2025-10-05,2025-10-06,Baixa,Aberto,API Clientes,Sprint 2,Rafael,29,Baixa,1,Produção,API,Sim
2413,2024-12-06,2024-12-07,Média,Fechado,Login,Sprint 9,João,31,Alta,3,Produção,API,Sim
2414,2025-06-19,2025-06-20,Crítica,Fechado,Pagamento,Sprint 1,Fernanda,46,Baixa,1,Homologação,Frontend,Não
2415,2026-04-05,2026-04-08,Alta,Aberto,Login,Sprint 8,Juliana,88,Baixa,1,Homologação,Backend,Não
2416,2025-06-18,2025-06-22,Média,Fechado,Mobile App,Sprint 4,João,107,Alta,3,Produção,Frontend,Sim
2417,2024-06-28,2024-06-29,Crítica,Aberto,Dashboard,Sprint 5,Rafael,46,Média,2,Homologação,Backend,Sim
2418,2026-01-19,2026-01-22,Crítica,Fechado,Pagamento,Sprint 10,Rafael,95,Média,2,Homologação,API,Sim
2419,2025-05-02,2025-05-03,Média,Fechado,Pagamento,Sprint 10,Marcos,40,Baixa,1,Homologação,Backend,Não
2420,2026-05-07,2026-05-08,Baixa,Aberto,Mobile App,Sprint 1,Carlos,34,Média,2,Produção,API,Não
2421,2024-05-14,2024-05-16,Baixa,Aberto,Mobile App,Sprint 12,Fernanda,62,Baixa,1,Produção,Frontend,Sim
2422,2026-01-05,2026-01-07,Crítica,Fechado,Dashboard,Sprint 3,Juliana,70,Alta,3,Homologação,Backend,Não
2423,2024-09-01,2024-09-04,Alta,Fechado,Relatórios,Sprint 6,João,95,Alta,3,Produção,API,Não
2424,2024-07-09,2024-07-13,Alta,Fechado,Relatórios,Sprint 3,Marcos,106,Média,2,Produção,API,Sim
2425,2024-07-23,2024-07-23,Baixa,Fechado,Mobile App,Sprint 10,João,23,Baixa,1,Produção,Frontend,Não
2426,2024-08-25,2024-08-27,Média,Fechado,Login,Sprint 8,Carlos,68,Alta,3,Homologação,API,Não
2427,2024-06-19,2024-06-23,Alta,Aberto,Dashboard,Sprint 4,João,118,Média,2,Homologação,Frontend,Não
2428,2025-07-01,2025-07-03,Baixa,Aberto,Mobile App,Sprint 4,Juliana,67,Baixa,1,Produção,Frontend,Não
2429,2024-05-25,2024-05-29,Baixa,Aberto,Relatórios,Sprint 4,Marcos,97,Média,2,Homologação,API,Sim
2430,2026-03-10,2026-03-11,Baixa,Aberto,Mobile App,Sprint 10,Juliana,36,Média,2,Produção,Frontend,Não
2431,2025-10-29,2025-10-31,Baixa,Fechado,Dashboard,Sprint 3,Marcos,60,Alta,3,Homologação,Backend,Sim
2432,2025-06-23,2025-06-24,Baixa,Fechado,Mobile App,Sprint 9,Marcos,29,Média,2,Produção,API,Não
2433,2025-05-06,2025-05-10,Alta,Aberto,Pagamento,Sprint 11,João,96,Baixa,1,Produção,API,Sim
2434,2025-03-25,2025-03-25,Média,Aberto,Login,Sprint 4,Rafael,16,Alta,3,Produção,API,Não
2435,2026-03-28,2026-03-29,Alta,Fechado,Login,Sprint 4,Juliana,40,Baixa,1,Homologação,Frontend,Sim
2436,2024-12-08,2024-12-11,Alta,Aberto,Relatórios,Sprint 12,Carlos,89,Alta,3,Produção,Backend,Não
2437,2025-01-12,2025-01-12,Alta,Aberto,Mobile App,Sprint 8,Ana,8,Baixa,1,Homologação,Frontend,Não
2438,2024-11-08,2024-11-13,Crítica,Aberto,API Clientes,Sprint 7,Ana,120,Alta,3,Homologação,Frontend,Sim
2439,2025-04-11,2025-04-14,Crítica,Aberto,Pagamento,Sprint 6,Ana,89,Média,2,Produção,API,Sim
2440,2025-06-09,2025-06-12,Alta,Fechado,Login,Sprint 6,Juliana,81,Média,2,Homologação,Backend,Sim
2441,2025-01-08,2025-01-08,Alta,Fechado,API Clientes,Sprint 4,Marcos,12,Alta,3,Homologação,API,Sim
2442,2025-02-17,2025-02-18,Baixa,Aberto,API Clientes,Sprint 5,Ana,46,Média,2,Homologação,API,Sim
2443,2024-06-18,2024-06-21,Média,Fechado,API Clientes,Sprint 3,João,85,Baixa,1,Produção,Frontend,Não
2444,2025-11-07,2025-11-11,Crítica,Fechado,Login,Sprint 6,Ana,99,Alta,3,Homologação,Frontend,Sim
2445,2025-09-17,2025-09-19,Alta,Aberto,Mobile App,Sprint 11,João,49,Média,2,Produção,Frontend,Sim
2446,2024-08-08,2024-08-11,Crítica,Fechado,Mobile App,Sprint 4,Fernanda,80,Alta,3,Homologação,Backend,Não
2447,2024-05-26,2024-05-26,Baixa,Aberto,Pagamento,Sprint 11,Marcos,6,Média,2,Produção,Frontend,Não
2448,2025-08-12,2025-08-13,Alta,Aberto,API Clientes,Sprint 7,Ana,28,Baixa,1,Homologação,Frontend,Sim
2449,2025-09-11,2025-09-12,Alta,Fechado,API Clientes,Sprint 2,Marcos,34,Alta,3,Produção,API,Não
2450,2025-08-25,2025-08-29,Baixa,Fechado,Relatórios,Sprint 1,João,102,Baixa,1,Homologação,Backend,Não
2451,2024-05-19,2024-05-22,Baixa,Aberto,Pagamento,Sprint 9,Marcos,89,Alta,3,Homologação,API,Não
2452,2025-08-17,2025-08-21,Alta,Fechado,Login,Sprint 12,Ana,98,Média,2,Homologação,API,Não
2453,2024-12-03,2024-12-03,Baixa,Fechado,Dashboard,Sprint 4,Carlos,18,Média,2,Homologação,API,Sim
2454,2025-08-14,2025-08-18,Crítica,Fechado,Mobile App,Sprint 1,Ana,101,Baixa,1,Homologação,Frontend,Sim
2455,2025-03-24,2025-03-26,Média,Fechado,API Clientes,Sprint 11,Juliana,65,Média,2,Homologação,API,Sim
2456,2026-04-22,2026-04-25,Média,Fechado,Dashboard,Sprint 8,João,94,Baixa,1,Produção,Backend,Sim
2457,2025-03-23,2025-03-24,Baixa,Aberto,Relatórios,Sprint 2,Fernanda,30,Alta,3,Produção,API,Não
2458,2025-12-25,2025-12-25,Média,Fechado,Pagamento,Sprint 6,Fernanda,3,Baixa,1,Produção,Frontend,Não
2459,2026-04-08,2026-04-08,Média,Aberto,Login,Sprint 10,Carlos,9,Alta,3,Homologação,Backend,Não
2460,2025-08-17,2025-08-17,Alta,Fechado,Login,Sprint 1,Carlos,18,Baixa,1,Homologação,API,Não
2461,2024-08-16,2024-08-16,Média,Aberto,Dashboard,Sprint 6,Rafael,13,Alta,3,Produção,API,Sim
2462,2025-06-16,2025-06-16,Crítica,Fechado,Login,Sprint 11,Ana,8,Alta,3,Produção,Backend,Não
2463,2024-11-30,2024-11-30,Crítica,Aberto,Mobile App,Sprint 7,Fernanda,4,Alta,3,Homologação,Frontend,Sim
2464,2026-01-09,2026-01-09,Baixa,Fechado,Dashboard,Sprint 3,Ana,23,Média,2,Homologação,Frontend,Não
2465,2024-07-16,2024-07-20,Média,Aberto,API Clientes,Sprint 2,Carlos,107,Alta,3,Produção,Frontend,Sim
2466,2024-12-16,2024-12-17,Crítica,Aberto,Mobile App,Sprint 7,Ana,40,Média,2,Produção,Backend,Sim
2467,2024-12-27,2024-12-27,Crítica,Fechado,Mobile App,Sprint 11,Ana,20,Alta,3,Produção,Frontend,Sim
2468,2025-03-30,2025-03-30,Alta,Aberto,API Clientes,Sprint 7,Juliana,5,Alta,3,Produção,Frontend,Não
2469,2025-07-15,2025-07-16,Baixa,Aberto,Dashboard,Sprint 8,João,26,Média,2,Homologação,Frontend,Sim
2470,2025-06-16,2025-06-16,Média,Aberto,Dashboard,Sprint 10,Carlos,13,Média,2,Produção,Backend,Sim
2471,2024-11-27,2024-11-30,Baixa,Aberto,Login,Sprint 11,João,79,Média,2,Produção,Frontend,Sim
2472,2025-07-19,2025-07-19,Crítica,Aberto,Mobile App,Sprint 9,João,14,Baixa,1,Produção,API,Não
2473,2024-09-19,2024-09-21,Média,Aberto,Login,Sprint 5,Fernanda,64,Baixa,1,Homologação,API,Não
2474,2025-06-16,2025-06-20,Crítica,Aberto,Relatórios,Sprint 3,Marcos,102,Baixa,1,Produção,Backend,Sim
2475,2024-08-20,2024-08-22,Alta,Aberto,API Clientes,Sprint 1,Ana,59,Média,2,Produção,Backend,Não
2476,2026-01-12,2026-01-16,Média,Fechado,Pagamento,Sprint 2,Juliana,110,Baixa,1,Homologação,Frontend,Sim
2477,2025-11-07,2025-11-08,Média,Fechado,Login,Sprint 3,Juliana,44,Baixa,1,Produção,API,Não
2478,2025-04-03,2025-04-04,Crítica,Fechado,Pagamento,Sprint 7,Marcos,40,Alta,3,Produção,Frontend,Sim
2479,2026-03-14,2026-03-16,Alta,Fechado,Login,Sprint 4,Ana,54,Alta,3,Homologação,Backend,Sim
2480,2025-03-18,2025-03-21,Alta,Aberto,Mobile App,Sprint 3,Fernanda,84,Média,2,Homologação,API,Não
2481,2025-08-09,2025-08-12,Alta,Aberto,API Clientes,Sprint 1,Ana,75,Alta,3,Produção,Frontend,Sim
2482,2025-06-08,2025-06-09,Baixa,Aberto,API Clientes,Sprint 9,João,41,Alta,3,Homologação,API,Não
2483,2024-08-26,2024-08-27,Crítica,Fechado,Pagamento,Sprint 4,João,33,Média,2,Homologação,Frontend,Sim
2484,2025-11-22,2025-11-24,Alta,Fechado,API Clientes,Sprint 5,Carlos,65,Alta,3,Produção,Backend,Sim
2485,2025-09-18,2025-09-21,Baixa,Fechado,Dashboard,Sprint 10,Rafael,73,Baixa,1,Produção,Frontend,Não
2486,2024-10-31,2024-11-01,Baixa,Fechado,Relatórios,Sprint 12,Juliana,39,Baixa,1,Produção,Backend,Sim
2487,2024-06-07,2024-06-11,Alta,Aberto,Dashboard,Sprint 9,Fernanda,107,Baixa,1,Homologação,Backend,Não
2488,2026-03-20,2026-03-20,Média,Aberto,Pagamento,Sprint 10,Marcos,6,Alta,3,Homologação,Backend,Não
2489,2024-10-27,2024-10-29,Média,Aberto,Pagamento,Sprint 2,Ana,56,Baixa,1,Produção,API,Não
2490,2024-09-23,2024-09-26,Média,Aberto,Dashboard,Sprint 6,Carlos,88,Alta,3,Produção,Frontend,Sim
2491,2025-09-22,2025-09-22,Baixa,Fechado,Pagamento,Sprint 5,Juliana,8,Baixa,1,Homologação,Backend,Sim
2492,2025-06-11,2025-06-14,Baixa,Aberto,Relatórios,Sprint 9,Marcos,76,Baixa,1,Produção,Frontend,Não
2493,2025-06-18,2025-06-18,Baixa,Aberto,Relatórios,Sprint 2,João,16,Média,2,Produção,Frontend,Sim
2494,2025-01-11,2025-01-14,Média,Fechado,Mobile App,Sprint 10,Juliana,88,Média,2,Homologação,API,Sim
2495,2025-04-02,2025-04-04,Alta,Fechado,Relatórios,Sprint 2,Rafael,50,Baixa,1,Homologação,Backend,Não
2496,2025-05-06,2025-05-08,Baixa,Aberto,Login,Sprint 10,Rafael,50,Baixa,1,Homologação,API,Sim
2497,2025-10-27,2025-10-28,Baixa,Aberto,Mobile App,Sprint 4,João,32,Média,2,Produção,Frontend,Sim
2498,2024-09-29,2024-09-30,Alta,Fechado,Dashboard,Sprint 9,Ana,41,Baixa,1,Homologação,Frontend,Sim
2499,2024-06-07,2024-06-08,Alta,Aberto,Login,Sprint 6,Ana,25,Alta,3,Homologação,Frontend,Não
2500,2024-05-31,2024-06-02,Baixa,Fechado,Dashboard,Sprint 7,Marcos,53,Média,2,Homologação,Backend,Não
2501,2024-10-15,2024-10-19,Crítica,Fechado,Pagamento,Sprint 12,Carlos,111,Média,2,Produção,Frontend,Sim
2502,2025-01-25,2025-01-26,Baixa,Aberto,Mobile App,Sprint 9,Carlos,35,Alta,3,Produção,Frontend,Sim
2503,2024-11-20,2024-11-22,Alta,Aberto,Pagamento,Sprint 7,Ana,66,Média,2,Produção,API,Não
2504,2026-04-22,2026-04-24,Crítica,Fechado,Mobile App,Sprint 6,Ana,65,Baixa,1,Homologação,Frontend,Não
2505,2026-04-28,2026-05-01,Crítica,Fechado,Pagamento,Sprint 4,Fernanda,82,Baixa,1,Homologação,Frontend,Sim
2506,2026-02-12,2026-02-13,Média,Aberto,Relatórios,Sprint 3,Marcos,38,Baixa,1,Homologação,Frontend,Sim
2507,2026-04-19,2026-04-22,Baixa,Aberto,Mobile App,Sprint 6,Fernanda,88,Média,2,Produção,Backend,Não
2508,2025-02-12,2025-02-12,Baixa,Fechado,Relatórios,Sprint 3,Ana,15,Baixa,1,Produção,Backend,Não
2509,2025-03-25,2025-03-27,Baixa,Aberto,Pagamento,Sprint 9,Ana,53,Baixa,1,Produção,Backend,Sim
2510,2024-07-08,2024-07-08,Média,Aberto,Pagamento,Sprint 10,Juliana,4,Baixa,1,Homologação,Frontend,Não
2511,2025-08-15,2025-08-15,Baixa,Fechado,Relatórios,Sprint 12,Fernanda,12,Baixa,1,Produção,Backend,Não
2512,2025-09-03,2025-09-05,Média,Fechado,Dashboard,Sprint 7,Juliana,56,Média,2,Produção,Backend,Sim
2513,2025-05-02,2025-05-06,Crítica,Fechado,Pagamento,Sprint 11,Fernanda,115,Baixa,1,Homologação,Frontend,Sim
2514,2024-11-29,2024-12-02,Alta,Aberto,Login,Sprint 6,João,80,Baixa,1,Produção,API,Não
2515,2025-08-17,2025-08-19,Alta,Aberto,Dashboard,Sprint 9,João,63,Baixa,1,Produção,Backend,Não
2516,2025-02-20,2025-02-22,Média,Fechado,Login,Sprint 12,Juliana,69,Baixa,1,Produção,Backend,Sim
2517,2026-04-10,2026-04-12,Baixa,Fechado,API Clientes,Sprint 12,Rafael,51,Média,2,Homologação,Backend,Não
2518,2025-07-23,2025-07-23,Alta,Aberto,Relatórios,Sprint 8,João,20,Baixa,1,Homologação,API,Não
2519,2026-04-26,2026-04-30,Alta,Fechado,API Clientes,Sprint 2,Juliana,102,Alta,3,Produção,API,Sim
2520,2024-07-23,2024-07-26,Alta,Aberto,Login,Sprint 7,Carlos,82,Baixa,1,Homologação,API,Não
2521,2026-01-21,2026-01-22,Média,Aberto,Dashboard,Sprint 5,Rafael,39,Baixa,1,Produção,Backend,Sim
2522,2026-02-02,2026-02-03,Crítica,Fechado,Relatórios,Sprint 3,Carlos,40,Alta,3,Produção,Frontend,Não
2523,2025-04-23,2025-04-27,Crítica,Fechado,Relatórios,Sprint 12,Rafael,102,Alta,3,Homologação,Frontend,Não
2524,2025-05-02,2025-05-03,Média,Aberto,API Clientes,Sprint 11,Juliana,33,Alta,3,Homologação,Backend,Sim
2525,2026-03-15,2026-03-19,Baixa,Fechado,Pagamento,Sprint 9,Marcos,99,Baixa,1,Produção,API,Sim
2526,2025-12-28,2025-12-30,Baixa,Fechado,Pagamento,Sprint 5,Ana,60,Baixa,1,Homologação,API,Não
2527,2025-10-23,2025-10-25,Média,Aberto,Relatórios,Sprint 9,Fernanda,65,Alta,3,Homologação,API,Sim
2528,2026-03-28,2026-03-30,Alta,Aberto,Dashboard,Sprint 2,Rafael,52,Média,2,Produção,Frontend,Sim
2529,2025-05-07,2025-05-07,Alta,Fechado,Pagamento,Sprint 11,Juliana,12,Baixa,1,Homologação,Frontend,Sim
2530,2025-09-05,2025-09-06,Baixa,Fechado,Login,Sprint 5,Marcos,32,Baixa,1,Homologação,Frontend,Sim
2531,2025-02-26,2025-02-28,Baixa,Fechado,Login,Sprint 1,Ana,64,Baixa,1,Produção,Frontend,Sim
2532,2026-01-16,2026-01-16,Crítica,Aberto,Login,Sprint 2,Rafael,14,Alta,3,Homologação,Frontend,Sim
2533,2025-12-21,2025-12-22,Crítica,Aberto,Pagamento,Sprint 2,Rafael,27,Média,2,Homologação,API,Sim
2534,2024-07-03,2024-07-06,Crítica,Aberto,Mobile App,Sprint 2,Juliana,76,Média,2,Homologação,Frontend,Não
2535,2025-04-19,2025-04-22,Baixa,Fechado,Login,Sprint 10,Juliana,88,Alta,3,Homologação,API,Não
2536,2024-05-09,2024-05-13,Alta,Fechado,Login,Sprint 11,Carlos,106,Alta,3,Produção,Frontend,Não
2537,2025-03-01,2025-03-02,Alta,Aberto,Mobile App,Sprint 2,Carlos,44,Baixa,1,Homologação,Frontend,Não
2538,2024-12-15,2024-12-17,Baixa,Fechado,Pagamento,Sprint 8,Marcos,67,Alta,3,Produção,API,Sim
2539,2025-07-04,2025-07-06,Crítica,Aberto,API Clientes,Sprint 1,Marcos,60,Baixa,1,Produção,API,Não
2540,2024-12-05,2024-12-09,Média,Aberto,Mobile App,Sprint 10,Rafael,107,Baixa,1,Homologação,Backend,Não
2541,2024-08-17,2024-08-19,Média,Fechado,Dashboard,Sprint 4,Carlos,63,Baixa,1,Homologação,Backend,Sim
2542,2024-09-02,2024-09-06,Média,Fechado,Relatórios,Sprint 1,Juliana,116,Baixa,1,Homologação,Backend,Não
2543,2025-04-22,2025-04-26,Baixa,Aberto,Pagamento,Sprint 11,Fernanda,111,Alta,3,Homologação,Frontend,Sim
2544,2024-09-28,2024-09-29,Média,Aberto,Login,Sprint 7,Marcos,28,Média,2,Produção,Backend,Não
2545,2024-10-19,2024-10-21,Crítica,Fechado,API Clientes,Sprint 11,João,71,Média,2,Produção,Backend,Não
2546,2024-12-10,2024-12-13,Alta,Aberto,API Clientes,Sprint 10,Juliana,88,Alta,3,Produção,Frontend,Não
2547,2025-12-21,2025-12-24,Média,Aberto,Dashboard,Sprint 1,Juliana,90,Alta,3,Produção,Backend,Não
2548,2025-04-09,2025-04-13,Crítica,Aberto,Login,Sprint 8,Carlos,106,Baixa,1,Produção,Frontend,Não
2549,2025-01-21,2025-01-21,Alta,Aberto,Dashboard,Sprint 4,Juliana,6,Alta,3,Produção,API,Sim
2550,2025-09-24,2025-09-27,Alta,Fechado,Relatórios,Sprint 2,Ana,74,Baixa,1,Produção,Frontend,Não
2551,2025-05-24,2025-05-28,Crítica,Aberto,Login,Sprint 6,Rafael,117,Baixa,1,Produção,Frontend,Sim
2552,2026-05-01,2026-05-01,Baixa,Fechado,API Clientes,Sprint 12,Fernanda,13,Média,2,Homologação,API,Não
2553,2025-10-13,2025-10-15,Média,Aberto,Mobile App,Sprint 10,Rafael,52,Alta,3,Homologação,Frontend,Não
2554,2025-05-03,2025-05-05,Baixa,Aberto,Dashboard,Sprint 1,Rafael,71,Baixa,1,Produção,Backend,Não
2555,2026-04-20,2026-04-22,Média,Fechado,Relatórios,Sprint 10,Rafael,54,Média,2,Homologação,Frontend,Não
2556,2025-01-07,2025-01-09,Alta,Fechado,Mobile App,Sprint 2,Ana,61,Baixa,1,Produção,Backend,Não
2557,2026-02-16,2026-02-17,Média,Aberto,Relatórios,Sprint 6,Rafael,43,Baixa,1,Homologação,API,Sim
2558,2025-07-13,2025-07-14,Alta,Aberto,API Clientes,Sprint 11,Carlos,44,Média,2,Homologação,Frontend,Sim
2559,2025-07-12,2025-07-15,Baixa,Aberto,Dashboard,Sprint 5,João,94,Média,2,Homologação,Backend,Não
2560,2025-06-12,2025-06-16,Crítica,Aberto,Login,Sprint 6,Carlos,99,Média,2,Homologação,Frontend,Sim
2561,2025-09-15,2025-09-17,Baixa,Fechado,Login,Sprint 6,João,59,Baixa,1,Homologação,API,Não
2562,2026-02-21,2026-02-23,Média,Fechado,Mobile App,Sprint 12,Carlos,69,Alta,3,Produção,Frontend,Não
2563,2024-09-25,2024-09-26,Média,Aberto,Pagamento,Sprint 8,Fernanda,41,Média,2,Produção,Backend,Não
2564,2025-10-16,2025-10-19,Média,Fechado,Login,Sprint 3,Marcos,91,Média,2,Produção,Backend,Não
2565,2025-07-16,2025-07-20,Crítica,Aberto,API Clientes,Sprint 3,Marcos,99,Média,2,Homologação,Frontend,Não
2566,2025-03-16,2025-03-18,Alta,Aberto,Login,Sprint 8,Juliana,54,Média,2,Homologação,API,Sim
2567,2026-03-21,2026-03-21,Baixa,Aberto,Dashboard,Sprint 4,Juliana,19,Média,2,Homologação,Backend,Não
2568,2025-06-17,2025-06-20,Alta,Aberto,Pagamento,Sprint 9,João,89,Baixa,1,Homologação,API,Sim
2569,2026-03-24,2026-03-26,Baixa,Fechado,Relatórios,Sprint 9,João,53,Alta,3,Produção,Frontend,Sim
2570,2025-04-26,2025-04-29,Alta,Aberto,Dashboard,Sprint 1,Fernanda,89,Média,2,Produção,API,Sim
2571,2026-01-10,2026-01-12,Crítica,Aberto,Dashboard,Sprint 10,Rafael,61,Baixa,1,Homologação,Backend,Não
2572,2024-07-08,2024-07-12,Alta,Aberto,Mobile App,Sprint 11,Juliana,100,Baixa,1,Homologação,Backend,Não
2573,2026-03-01,2026-03-01,Crítica,Fechado,API Clientes,Sprint 12,Fernanda,8,Alta,3,Homologação,Backend,Sim
2574,2024-12-31,2025-01-02,Baixa,Aberto,Relatórios,Sprint 5,Ana,56,Baixa,1,Produção,Backend,Sim
2575,2025-07-11,2025-07-15,Média,Fechado,Mobile App,Sprint 4,Ana,111,Média,2,Produção,API,Sim
2576,2024-12-08,2024-12-08,Média,Fechado,Login,Sprint 2,Rafael,23,Alta,3,Produção,Backend,Não
2577,2026-02-01,2026-02-04,Crítica,Aberto,API Clientes,Sprint 2,João,84,Média,2,Produção,Frontend,Não
2578,2025-09-05,2025-09-05,Alta,Aberto,Dashboard,Sprint 5,Rafael,21,Alta,3,Homologação,API,Sim
2579,2024-12-27,2024-12-27,Média,Aberto,API Clientes,Sprint 10,Carlos,5,Média,2,Produção,API,Sim
2580,2025-09-04,2025-09-05,Média,Fechado,Relatórios,Sprint 9,Carlos,24,Baixa,1,Produção,Backend,Sim
2581,2025-11-08,2025-11-11,Alta,Fechado,Login,Sprint 1,João,87,Média,2,Produção,Frontend,Não
2582,2026-03-31,2026-04-02,Média,Aberto,API Clientes,Sprint 4,João,60,Baixa,1,Produção,Backend,Sim
2583,2025-01-02,2025-01-02,Média,Aberto,Pagamento,Sprint 7,Rafael,5,Média,2,Homologação,Frontend,Não
2584,2026-03-29,2026-04-02,Crítica,Aberto,Login,Sprint 8,Ana,118,Média,2,Homologação,Backend,Não
2585,2025-10-11,2025-10-12,Baixa,Aberto,Relatórios,Sprint 1,Juliana,31,Alta,3,Homologação,Backend,Não
2586,2024-09-22,2024-09-22,Alta,Fechado,Login,Sprint 12,Marcos,8,Baixa,1,Produção,API,Sim
2587,2024-08-30,2024-08-30,Média,Fechado,Pagamento,Sprint 9,Rafael,17,Média,2,Produção,Frontend,Sim
2588,2026-05-07,2026-05-11,Média,Fechado,Mobile App,Sprint 1,Fernanda,106,Média,2,Homologação,Frontend,Sim
2589,2025-07-12,2025-07-16,Crítica,Fechado,API Clientes,Sprint 11,Fernanda,107,Média,2,Produção,Backend,Sim
2590,2025-01-04,2025-01-06,Alta,Fechado,Pagamento,Sprint 10,João,71,Alta,3,Homologação,API,Não
2591,2026-01-16,2026-01-16,Baixa,Fechado,Dashboard,Sprint 1,João,3,Média,2,Homologação,Backend,Não
2592,2024-05-25,2024-05-29,Média,Aberto,Relatórios,Sprint 1,Juliana,109,Baixa,1,Produção,API,Sim
2593,2025-12-08,2025-12-11,Média,Aberto,Login,Sprint 6,Rafael,77,Baixa,1,Homologação,Frontend,Sim
2594,2024-12-05,2024-12-06,Baixa,Aberto,Pagamento,Sprint 3,Fernanda,36,Média,2,Produção,Frontend,Sim
2595,2026-03-21,2026-03-21,Média,Aberto,Dashboard,Sprint 2,Carlos,23,Baixa,1,Produção,Backend,Não
2596,2024-09-12,2024-09-13,Baixa,Aberto,Dashboard,Sprint 5,Fernanda,45,Baixa,1,Produção,Frontend,Não
2597,2026-04-27,2026-04-30,Alta,Aberto,Relatórios,Sprint 4,Rafael,75,Alta,3,Produção,Frontend,Sim
2598,2024-08-18,2024-08-19,Crítica,Aberto,Relatórios,Sprint 7,Ana,38,Baixa,1,Produção,API,Sim
2599,2024-06-02,2024-06-03,Média,Aberto,Pagamento,Sprint 5,Rafael,45,Alta,3,Homologação,Frontend,Sim
2600,2024-08-06,2024-08-10,Baixa,Fechado,Dashboard,Sprint 10,João,113,Alta,3,Homologação,API,Sim
2601,2025-06-10,2025-06-10,Média,Aberto,API Clientes,Sprint 7,Ana,8,Baixa,1,Produção,Backend,Não
2602,2026-04-09,2026-04-10,Alta,Fechado,Pagamento,Sprint 2,Carlos,40,Alta,3,Homologação,Frontend,Não
2603,2024-06-09,2024-06-12,Média,Fechado,Dashboard,Sprint 10,Rafael,83,Baixa,1,Produção,API,Sim
2604,2026-04-27,2026-04-28,Crítica,Aberto,Mobile App,Sprint 4,Carlos,24,Média,2,Homologação,Backend,Sim
2605,2024-10-25,2024-10-28,Média,Fechado,Dashboard,Sprint 8,Fernanda,93,Média,2,Produção,API,Não
2606,2025-06-24,2025-06-25,Baixa,Aberto,Mobile App,Sprint 1,Marcos,33,Média,2,Homologação,Frontend,Não
2607,2026-02-17,2026-02-21,Baixa,Aberto,Relatórios,Sprint 10,Ana,104,Baixa,1,Homologação,Backend,Sim
2608,2025-01-13,2025-01-14,Média,Aberto,Mobile App,Sprint 2,Carlos,35,Baixa,1,Homologação,API,Sim
2609,2025-06-27,2025-07-01,Alta,Aberto,Dashboard,Sprint 2,Fernanda,111,Média,2,Produção,API,Sim
2610,2024-06-09,2024-06-09,Baixa,Fechado,Pagamento,Sprint 11,Rafael,13,Alta,3,Produção,API,Não
2611,2026-02-05,2026-02-07,Crítica,Aberto,Dashboard,Sprint 8,Marcos,63,Alta,3,Produção,Backend,Não
2612,2024-07-14,2024-07-18,Média,Aberto,Relatórios,Sprint 9,Ana,111,Baixa,1,Homologação,API,Não
2613,2025-11-06,2025-11-09,Baixa,Aberto,Mobile App,Sprint 1,Fernanda,90,Alta,3,Homologação,Backend,Sim
2614,2025-01-11,2025-01-13,Crítica,Aberto,Pagamento,Sprint 4,Rafael,56,Média,2,Produção,API,Não
2615,2025-09-15,2025-09-16,Alta,Aberto,Pagamento,Sprint 6,João,46,Baixa,1,Homologação,Backend,Não
2616,2026-04-13,2026-04-13,Alta,Fechado,Mobile App,Sprint 9,Marcos,8,Alta,3,Produção,API,Sim
2617,2024-11-05,2024-11-09,Crítica,Fechado,Pagamento,Sprint 7,Rafael,100,Média,2,Produção,Frontend,Não
2618,2024-07-04,2024-07-06,Média,Aberto,Dashboard,Sprint 5,Ana,51,Média,2,Homologação,API,Não
2619,2025-09-20,2025-09-20,Crítica,Aberto,Relatórios,Sprint 3,Ana,11,Alta,3,Produção,Backend,Sim
2620,2025-08-13,2025-08-17,Média,Fechado,Mobile App,Sprint 11,Juliana,97,Baixa,1,Homologação,Frontend,Não
2621,2025-09-14,2025-09-16,Crítica,Aberto,Relatórios,Sprint 5,Ana,58,Baixa,1,Produção,Frontend,Sim
2622,2025-12-18,2025-12-22,Média,Fechado,Login,Sprint 5,Marcos,102,Baixa,1,Produção,API,Sim
2623,2025-09-01,2025-09-05,Crítica,Fechado,Pagamento,Sprint 12,João,101,Baixa,1,Produção,Frontend,Não
2624,2025-06-21,2025-06-23,Alta,Fechado,Login,Sprint 10,Fernanda,52,Baixa,1,Homologação,Frontend,Sim
2625,2025-08-02,2025-08-02,Alta,Aberto,Login,Sprint 12,Ana,9,Média,2,Produção,Frontend,Sim
2626,2024-05-22,2024-05-25,Média,Fechado,Pagamento,Sprint 9,Marcos,74,Baixa,1,Produção,Frontend,Sim
2627,2024-11-20,2024-11-21,Baixa,Aberto,Relatórios,Sprint 4,João,39,Média,2,Produção,API,Sim
2628,2025-06-02,2025-06-04,Média,Fechado,API Clientes,Sprint 11,Carlos,54,Baixa,1,Homologação,Backend,Não
2629,2024-09-17,2024-09-19,Crítica,Aberto,API Clientes,Sprint 7,Rafael,52,Baixa,1,Produção,Backend,Não
2630,2024-12-12,2024-12-13,Alta,Aberto,Login,Sprint 10,Fernanda,28,Alta,3,Produção,Backend,Sim
2631,2024-08-29,2024-08-30,Crítica,Aberto,API Clientes,Sprint 7,Juliana,26,Média,2,Produção,Frontend,Sim
2632,2026-05-06,2026-05-07,Crítica,Aberto,Login,Sprint 11,Rafael,27,Baixa,1,Homologação,Backend,Sim
2633,2025-09-19,2025-09-21,Média,Aberto,Mobile App,Sprint 2,João,56,Média,2,Homologação,Backend,Não
2634,2024-11-27,2024-11-27,Média,Fechado,Pagamento,Sprint 8,João,15,Alta,3,Homologação,API,Não
2635,2024-07-16,2024-07-18,Baixa,Fechado,Mobile App,Sprint 4,Rafael,62,Média,2,Homologação,API,Não
2636,2024-12-30,2024-12-31,Baixa,Fechado,API Clientes,Sprint 2,João,24,Alta,3,Homologação,Backend,Sim
2637,2025-08-04,2025-08-06,Crítica,Aberto,Login,Sprint 8,Marcos,66,Alta,3,Produção,Frontend,Não
2638,2024-08-31,2024-09-03,Baixa,Aberto,Dashboard,Sprint 9,Ana,90,Baixa,1,Homologação,Backend,Não
2639,2024-10-10,2024-10-14,Baixa,Fechado,Pagamento,Sprint 4,Fernanda,99,Média,2,Homologação,Backend,Não
2640,2025-04-11,2025-04-15,Crítica,Fechado,API Clientes,Sprint 10,Rafael,102,Baixa,1,Produção,Frontend,Não
2641,2025-10-14,2025-10-18,Alta,Aberto,API Clientes,Sprint 3,João,112,Média,2,Produção,Backend,Não
2642,2025-10-19,2025-10-19,Crítica,Fechado,Login,Sprint 11,Carlos,23,Baixa,1,Produção,API,Não
2643,2025-01-12,2025-01-13,Alta,Fechado,API Clientes,Sprint 12,Fernanda,30,Alta,3,Produção,Frontend,Não
2644,2024-12-14,2024-12-17,Média,Fechado,Relatórios,Sprint 10,Carlos,93,Média,2,Produção,API,Sim
2645,2026-04-10,2026-04-12,Baixa,Fechado,Mobile App,Sprint 7,Carlos,62,Alta,3,Homologação,Backend,Não
2646,2025-07-21,2025-07-24,Alta,Aberto,API Clientes,Sprint 9,Marcos,95,Baixa,1,Homologação,Backend,Sim
2647,2025-08-02,2025-08-04,Crítica,Fechado,Login,Sprint 9,Rafael,59,Baixa,1,Homologação,API,Não
2648,2026-02-06,2026-02-10,Alta,Fechado,API Clientes,Sprint 3,Juliana,113,Média,2,Homologação,Frontend,Não
2649,2025-08-05,2025-08-07,Alta,Fechado,Mobile App,Sprint 2,Marcos,71,Baixa,1,Homologação,API,Sim
2650,2024-08-13,2024-08-13,Crítica,Fechado,Mobile App,Sprint 3,Marcos,8,Baixa,1,Produção,Frontend,Não
2651,2024-08-24,2024-08-25,Crítica,Fechado,Login,Sprint 5,Ana,43,Baixa,1,Homologação,Backend,Não
2652,2024-07-24,2024-07-24,Baixa,Aberto,Mobile App,Sprint 4,João,5,Média,2,Homologação,Backend,Sim
2653,2026-03-03,2026-03-04,Crítica,Fechado,Mobile App,Sprint 8,Juliana,28,Baixa,1,Produção,Frontend,Não
2654,2026-03-17,2026-03-19,Baixa,Aberto,Pagamento,Sprint 12,Ana,61,Alta,3,Homologação,Backend,Não
2655,2025-05-13,2025-05-17,Alta,Aberto,Relatórios,Sprint 1,Rafael,117,Alta,3,Homologação,API,Não
2656,2026-02-02,2026-02-03,Alta,Aberto,API Clientes,Sprint 8,Rafael,43,Baixa,1,Produção,API,Não
2657,2025-10-15,2025-10-16,Média,Fechado,API Clientes,Sprint 1,Juliana,27,Média,2,Homologação,API,Não
2658,2025-11-13,2025-11-17,Alta,Aberto,Pagamento,Sprint 2,Juliana,109,Baixa,1,Homologação,Frontend,Não
2659,2025-08-30,2025-09-02,Crítica,Aberto,Relatórios,Sprint 7,Juliana,83,Alta,3,Homologação,Frontend,Não
2660,2024-12-11,2024-12-13,Média,Aberto,Login,Sprint 7,Rafael,51,Baixa,1,Produção,API,Sim
2661,2025-02-21,2025-02-23,Média,Aberto,Mobile App,Sprint 10,Rafael,61,Baixa,1,Produção,Backend,Sim
2662,2024-12-24,2024-12-27,Crítica,Fechado,Pagamento,Sprint 4,João,72,Baixa,1,Produção,Backend,Sim
2663,2024-10-11,2024-10-13,Alta,Fechado,Pagamento,Sprint 7,Marcos,69,Média,2,Homologação,Frontend,Sim
2664,2024-07-30,2024-07-31,Média,Aberto,Mobile App,Sprint 4,Fernanda,27,Alta,3,Homologação,API,Sim
2665,2025-09-08,2025-09-08,Alta,Fechado,API Clientes,Sprint 1,João,15,Média,2,Produção,Frontend,Não
2666,2025-02-20,2025-02-24,Crítica,Aberto,Login,Sprint 6,Fernanda,105,Alta,3,Produção,Backend,Sim
2667,2026-02-03,2026-02-06,Alta,Aberto,Login,Sprint 12,Ana,72,Alta,3,Produção,Backend,Sim
2668,2026-05-02,2026-05-04,Baixa,Fechado,Mobile App,Sprint 7,Juliana,54,Média,2,Homologação,API,Sim
2669,2026-04-09,2026-04-12,Alta,Aberto,Login,Sprint 7,Juliana,87,Baixa,1,Homologação,API,Sim
2670,2025-02-22,2025-02-26,Baixa,Fechado,Login,Sprint 4,João,116,Alta,3,Produção,Frontend,Não
2671,2025-07-18,2025-07-18,Média,Fechado,Mobile App,Sprint 5,Carlos,7,Alta,3,Homologação,Frontend,Sim
2672,2025-09-23,2025-09-23,Baixa,Aberto,API Clientes,Sprint 3,João,4,Alta,3,Produção,API,Sim
2673,2024-07-18,2024-07-21,Média,Fechado,Dashboard,Sprint 9,Fernanda,77,Média,2,Produção,API,Sim
2674,2025-09-07,2025-09-09,Alta,Aberto,Mobile App,Sprint 11,João,59,Baixa,1,Homologação,Frontend,Sim
2675,2025-12-29,2025-12-31,Baixa,Fechado,Relatórios,Sprint 11,Carlos,54,Alta,3,Homologação,Frontend,Sim
2676,2025-01-06,2025-01-10,Crítica,Fechado,Pagamento,Sprint 1,Marcos,103,Média,2,Produção,API,Sim
2677,2025-03-18,2025-03-22,Média,Aberto,API Clientes,Sprint 1,Juliana,108,Baixa,1,Produção,Backend,Sim
2678,2024-08-09,2024-08-12,Alta,Fechado,Pagamento,Sprint 6,Rafael,87,Média,2,Homologação,API,Sim
2679,2026-03-13,2026-03-16,Alta,Fechado,Login,Sprint 2,Ana,83,Média,2,Produção,API,Não
2680,2025-04-09,2025-04-13,Média,Fechado,Pagamento,Sprint 11,Fernanda,104,Alta,3,Produção,Backend,Sim
2681,2025-04-06,2025-04-09,Média,Aberto,API Clientes,Sprint 6,Ana,75,Baixa,1,Produção,Frontend,Não
2682,2025-01-03,2025-01-06,Crítica,Aberto,Pagamento,Sprint 10,João,73,Média,2,Homologação,Frontend,Sim
2683,2024-05-22,2024-05-26,Média,Fechado,Dashboard,Sprint 3,Rafael,118,Média,2,Homologação,Frontend,Não
2684,2024-09-17,2024-09-18,Crítica,Fechado,Relatórios,Sprint 2,Juliana,46,Baixa,1,Homologação,Backend,Não
2685,2024-10-19,2024-10-22,Média,Fechado,Mobile App,Sprint 5,Rafael,87,Baixa,1,Produção,Frontend,Não
2686,2025-05-16,2025-05-20,Crítica,Fechado,Pagamento,Sprint 9,Fernanda,112,Alta,3,Homologação,API,Não
2687,2024-08-23,2024-08-25,Média,Aberto,Pagamento,Sprint 7,Carlos,53,Baixa,1,Homologação,Backend,Não
2688,2024-10-29,2024-11-01,Crítica,Fechado,Relatórios,Sprint 2,Ana,78,Alta,3,Homologação,API,Não
2689,2025-03-10,2025-03-13,Média,Aberto,Mobile App,Sprint 1,Fernanda,73,Média,2,Produção,API,Não
2690,2024-08-07,2024-08-08,Crítica,Aberto,Login,Sprint 7,João,24,Baixa,1,Homologação,Frontend,Não
2691,2025-03-01,2025-03-06,Crítica,Aberto,Pagamento,Sprint 6,João,120,Alta,3,Produção,API,Sim
2692,2024-12-13,2024-12-14,Crítica,Fechado,Relatórios,Sprint 9,João,28,Média,2,Homologação,Backend,Sim
2693,2025-02-02,2025-02-04,Baixa,Fechado,Login,Sprint 4,Fernanda,48,Média,2,Produção,Frontend,Não
2694,2024-08-14,2024-08-18,Média,Aberto,Dashboard,Sprint 4,Marcos,115,Alta,3,Produção,API,Sim
2695,2024-05-11,2024-05-11,Crítica,Aberto,Login,Sprint 1,Carlos,20,Baixa,1,Homologação,Backend,Sim
2696,2024-09-23,2024-09-26,Crítica,Fechado,Pagamento,Sprint 10,Juliana,84,Alta,3,Produção,Backend,Sim
2697,2026-02-09,2026-02-13,Alta,Aberto,Pagamento,Sprint 5,Carlos,110,Baixa,1,Produção,Frontend,Não
2698,2024-10-15,2024-10-16,Crítica,Aberto,Login,Sprint 10,Marcos,42,Baixa,1,Homologação,API,Não
2699,2024-10-19,2024-10-23,Crítica,Fechado,Pagamento,Sprint 12,Rafael,107,Alta,3,Produção,Backend,Sim
2700,2025-03-05,2025-03-06,Média,Aberto,Relatórios,Sprint 3,Ana,43,Alta,3,Homologação,Frontend,Sim
2701,2024-09-10,2024-09-13,Crítica,Fechado,Relatórios,Sprint 2,Marcos,73,Média,2,Homologação,API,Não
2702,2025-01-13,2025-01-13,Baixa,Fechado,API Clientes,Sprint 9,Ana,17,Alta,3,Produção,Frontend,Não
2703,2026-03-06,2026-03-09,Média,Aberto,API Clientes,Sprint 10,João,85,Média,2,Homologação,Frontend,Não
2704,2025-07-26,2025-07-29,Crítica,Aberto,Mobile App,Sprint 12,Juliana,74,Média,2,Homologação,Frontend,Não
2705,2025-08-01,2025-08-02,Crítica,Fechado,Login,Sprint 12,Ana,32,Média,2,Homologação,Frontend,Sim
2706,2025-07-20,2025-07-23,Crítica,Fechado,API Clientes,Sprint 2,Carlos,85,Baixa,1,Produção,Backend,Não
2707,2025-10-17,2025-10-19,Média,Aberto,API Clientes,Sprint 6,Carlos,64,Baixa,1,Produção,Backend,Sim
2708,2026-02-17,2026-02-21,Média,Aberto,Pagamento,Sprint 12,Fernanda,97,Alta,3,Produção,API,Sim
2709,2025-03-06,2025-03-08,Média,Aberto,API Clientes,Sprint 1,Ana,67,Média,2,Homologação,API,Sim
2710,2026-04-10,2026-04-14,Alta,Fechado,API Clientes,Sprint 5,Marcos,104,Média,2,Produção,Backend,Não
2711,2025-05-14,2025-05-16,Crítica,Fechado,Pagamento,Sprint 4,Fernanda,56,Baixa,1,Produção,Frontend,Não
2712,2024-11-22,2024-11-24,Baixa,Aberto,API Clientes,Sprint 11,Carlos,53,Média,2,Homologação,Frontend,Não
2713,2025-09-26,2025-09-29,Média,Fechado,Login,Sprint 5,Fernanda,89,Baixa,1,Homologação,Frontend,Não
2714,2024-08-08,2024-08-08,Baixa,Fechado,Relatórios,Sprint 1,Fernanda,5,Alta,3,Homologação,API,Sim
2715,2024-09-09,2024-09-12,Baixa,Fechado,API Clientes,Sprint 5,Fernanda,94,Alta,3,Homologação,API,Não
2716,2024-05-28,2024-05-29,Baixa,Fechado,Login,Sprint 11,João,32,Alta,3,Homologação,Frontend,Sim
2717,2025-12-13,2025-12-14,Média,Aberto,Mobile App,Sprint 5,Fernanda,37,Baixa,1,Homologação,Frontend,Não
2718,2025-12-04,2025-12-04,Média,Aberto,Login,Sprint 9,Carlos,3,Baixa,1,Produção,API,Não
2719,2025-11-09,2025-11-11,Baixa,Aberto,Relatórios,Sprint 6,Rafael,51,Baixa,1,Homologação,API,Não
2720,2024-09-12,2024-09-15,Baixa,Fechado,Relatórios,Sprint 9,Carlos,81,Alta,3,Produção,Backend,Não
2721,2024-09-27,2024-09-27,Alta,Aberto,API Clientes,Sprint 5,Juliana,21,Alta,3,Homologação,API,Sim
2722,2024-07-07,2024-07-11,Média,Fechado,Mobile App,Sprint 7,Ana,111,Baixa,1,Produção,Frontend,Sim
2723,2025-11-24,2025-11-27,Alta,Fechado,Login,Sprint 9,Marcos,78,Média,2,Produção,Backend,Não
2724,2026-02-27,2026-02-27,Crítica,Aberto,Relatórios,Sprint 3,Carlos,6,Alta,3,Produção,API,Sim
2725,2025-04-07,2025-04-09,Alta,Aberto,Login,Sprint 2,Ana,70,Alta,3,Produção,Backend,Não
2726,2025-05-29,2025-05-29,Alta,Fechado,Relatórios,Sprint 6,Marcos,13,Baixa,1,Produção,Backend,Sim
2727,2025-07-16,2025-07-20,Média,Aberto,Mobile App,Sprint 2,Carlos,103,Média,2,Homologação,Frontend,Não
2728,2025-05-28,2025-05-30,Média,Aberto,Login,Sprint 6,Ana,59,Alta,3,Homologação,API,Sim
2729,2025-09-25,2025-09-27,Alta,Fechado,Mobile App,Sprint 5,Fernanda,61,Média,2,Homologação,API,Sim
2730,2025-05-16,2025-05-20,Média,Aberto,Login,Sprint 8,Rafael,111,Alta,3,Produção,Backend,Não
2731,2026-04-12,2026-04-16,Alta,Aberto,Relatórios,Sprint 5,João,96,Baixa,1,Homologação,Backend,Não
2732,2024-12-08,2024-12-08,Média,Aberto,Dashboard,Sprint 12,Rafael,17,Média,2,Homologação,Frontend,Não
2733,2025-11-24,2025-11-25,Média,Fechado,Login,Sprint 12,Marcos,30,Baixa,1,Homologação,Frontend,Sim
2734,2025-02-05,2025-02-07,Crítica,Aberto,Pagamento,Sprint 7,Marcos,48,Média,2,Homologação,Frontend,Não
2735,2025-03-25,2025-03-29,Crítica,Aberto,Login,Sprint 7,João,119,Baixa,1,Produção,Backend,Sim
2736,2026-04-08,2026-04-10,Média,Aberto,Mobile App,Sprint 11,João,48,Baixa,1,Homologação,Frontend,Sim
2737,2024-12-07,2024-12-07,Baixa,Aberto,Pagamento,Sprint 1,Rafael,2,Baixa,1,Produção,API,Sim
2738,2025-12-01,2025-12-01,Média,Aberto,Relatórios,Sprint 5,Fernanda,19,Média,2,Produção,API,Sim
2739,2025-01-04,2025-01-08,Alta,Fechado,Mobile App,Sprint 10,Fernanda,99,Média,2,Produção,Frontend,Sim
2740,2025-02-16,2025-02-18,Baixa,Fechado,Login,Sprint 3,Rafael,51,Baixa,1,Homologação,Backend,Não
2741,2025-10-24,2025-10-29,Alta,Fechado,Dashboard,Sprint 11,Marcos,120,Média,2,Produção,Frontend,Não
2742,2025-02-12,2025-02-13,Alta,Fechado,Dashboard,Sprint 4,Marcos,37,Alta,3,Produção,Frontend,Sim
2743,2024-10-02,2024-10-05,Baixa,Fechado,Dashboard,Sprint 11,Fernanda,81,Alta,3,Produção,Backend,Não
2744,2025-05-07,2025-05-11,Crítica,Fechado,Pagamento,Sprint 3,Marcos,98,Média,2,Homologação,Frontend,Sim
2745,2025-07-20,2025-07-22,Crítica,Aberto,Dashboard,Sprint 12,João,64,Alta,3,Homologação,Frontend,Sim
2746,2024-05-29,2024-06-02,Baixa,Fechado,Pagamento,Sprint 5,Marcos,104,Média,2,Homologação,Frontend,Não
2747,2025-03-20,2025-03-20,Crítica,Aberto,API Clientes,Sprint 7,Carlos,2,Média,2,Produção,Frontend,Não
2748,2025-06-08,2025-06-12,Alta,Fechado,Login,Sprint 2,Fernanda,103,Baixa,1,Produção,API,Sim
2749,2024-09-01,2024-09-01,Média,Aberto,API Clientes,Sprint 8,Rafael,9,Média,2,Produção,Backend,Não
2750,2024-12-02,2024-12-02,Crítica,Aberto,Dashboard,Sprint 3,Ana,7,Média,2,Homologação,Backend,Sim
2751,2024-12-21,2024-12-22,Alta,Fechado,API Clientes,Sprint 10,Fernanda,27,Baixa,1,Produção,API,Não
2752,2025-01-18,2025-01-19,Alta,Aberto,Login,Sprint 11,Rafael,34,Alta,3,Homologação,API,Não
2753,2024-11-10,2024-11-13,Alta,Fechado,Login,Sprint 10,Juliana,75,Baixa,1,Produção,API,Não
2754,2026-04-24,2026-04-26,Alta,Fechado,Relatórios,Sprint 4,João,56,Alta,3,Homologação,Backend,Sim
2755,2026-02-17,2026-02-19,Média,Fechado,Mobile App,Sprint 10,João,71,Baixa,1,Homologação,API,Não
2756,2024-10-12,2024-10-14,Baixa,Fechado,Mobile App,Sprint 8,Carlos,51,Alta,3,Produção,Frontend,Não
2757,2024-11-08,2024-11-12,Baixa,Fechado,Pagamento,Sprint 1,Rafael,109,Média,2,Produção,API,Sim
2758,2025-09-07,2025-09-07,Alta,Fechado,API Clientes,Sprint 4,Ana,21,Baixa,1,Produção,Frontend,Não
2759,2024-11-30,2024-12-01,Média,Aberto,Relatórios,Sprint 7,Fernanda,28,Alta,3,Homologação,Frontend,Sim
2760,2026-02-16,2026-02-20,Média,Fechado,Pagamento,Sprint 3,Rafael,112,Alta,3,Homologação,Backend,Não
2761,2025-05-31,2025-06-03,Média,Fechado,Pagamento,Sprint 8,João,80,Alta,3,Produção,API,Sim
2762,2024-06-23,2024-06-24,Alta,Aberto,Login,Sprint 3,Ana,29,Alta,3,Produção,Frontend,Sim
2763,2026-03-12,2026-03-13,Baixa,Aberto,API Clientes,Sprint 10,Ana,33,Alta,3,Produção,Frontend,Não
2764,2025-08-18,2025-08-19,Média,Fechado,API Clientes,Sprint 11,Carlos,38,Baixa,1,Produção,API,Sim
2765,2025-07-20,2025-07-24,Crítica,Fechado,Dashboard,Sprint 2,Fernanda,103,Alta,3,Homologação,API,Não
2766,2025-03-13,2025-03-13,Baixa,Fechado,Dashboard,Sprint 7,Marcos,17,Média,2,Produção,Frontend,Sim
2767,2026-02-17,2026-02-17,Baixa,Fechado,Dashboard,Sprint 4,Ana,16,Baixa,1,Produção,Frontend,Não
2768,2025-12-09,2025-12-12,Média,Aberto,API Clientes,Sprint 8,João,81,Alta,3,Homologação,Frontend,Sim
2769,2025-09-06,2025-09-06,Baixa,Fechado,API Clientes,Sprint 5,Juliana,10,Média,2,Homologação,Frontend,Não
2770,2024-10-15,2024-10-15,Alta,Aberto,Pagamento,Sprint 7,Rafael,1,Baixa,1,Produção,Backend,Não
2771,2025-03-10,2025-03-10,Alta,Aberto,Mobile App,Sprint 5,Carlos,22,Alta,3,Produção,API,Não
2772,2025-09-07,2025-09-11,Alta,Aberto,Pagamento,Sprint 8,Fernanda,102,Alta,3,Produção,API,Não
2773,2024-07-19,2024-07-21,Média,Fechado,API Clientes,Sprint 7,Ana,61,Média,2,Homologação,API,Sim
2774,2024-11-18,2024-11-22,Média,Aberto,Login,Sprint 4,Juliana,108,Média,2,Homologação,Frontend,Não
2775,2026-03-08,2026-03-11,Alta,Fechado,Mobile App,Sprint 2,Fernanda,82,Média,2,Homologação,Backend,Não
2776,2026-02-15,2026-02-18,Média,Aberto,Relatórios,Sprint 4,Marcos,77,Média,2,Homologação,API,Não
2777,2025-07-17,2025-07-21,Baixa,Fechado,Relatórios,Sprint 12,Marcos,108,Alta,3,Homologação,Frontend,Não
2778,2025-07-15,2025-07-19,Baixa,Fechado,Relatórios,Sprint 12,Rafael,105,Média,2,Produção,Frontend,Não
2779,2024-11-07,2024-11-11,Alta,Aberto,Pagamento,Sprint 3,Juliana,100,Média,2,Produção,API,Não
2780,2025-07-29,2025-08-02,Baixa,Aberto,Login,Sprint 3,Juliana,115,Média,2,Produção,API,Sim
2781,2025-03-14,2025-03-15,Alta,Fechado,Pagamento,Sprint 5,Carlos,43,Alta,3,Produção,API,Sim
2782,2025-05-22,2025-05-23,Crítica,Fechado,Mobile App,Sprint 12,Ana,24,Alta,3,Produção,Frontend,Não
2783,2025-10-18,2025-10-20,Média,Aberto,Dashboard,Sprint 7,Juliana,64,Média,2,Homologação,API,Não
2784,2024-05-17,2024-05-17,Média,Aberto,Pagamento,Sprint 8,Marcos,9,Alta,3,Homologação,Frontend,Não
2785,2025-08-09,2025-08-12,Alta,Aberto,API Clientes,Sprint 9,Carlos,85,Alta,3,Homologação,API,Sim
2786,2025-08-12,2025-08-15,Alta,Fechado,API Clientes,Sprint 5,João,94,Baixa,1,Homologação,Backend,Sim
2787,2025-10-11,2025-10-15,Alta,Fechado,Mobile App,Sprint 8,Marcos,97,Alta,3,Homologação,API,Não
2788,2025-12-01,2025-12-02,Média,Aberto,Relatórios,Sprint 8,Ana,25,Alta,3,Produção,Backend,Sim
2789,2024-12-23,2024-12-23,Baixa,Aberto,API Clientes,Sprint 2,João,7,Alta,3,Homologação,Frontend,Sim
2790,2026-02-13,2026-02-13,Alta,Fechado,Dashboard,Sprint 12,João,13,Média,2,Homologação,Backend,Não
2791,2025-03-31,2025-04-02,Crítica,Fechado,Dashboard,Sprint 6,João,64,Alta,3,Homologação,Frontend,Sim
2792,2026-05-05,2026-05-06,Crítica,Fechado,Login,Sprint 1,Carlos,33,Média,2,Homologação,API,Não
2793,2025-03-15,2025-03-16,Crítica,Aberto,Dashboard,Sprint 11,Carlos,44,Alta,3,Homologação,Frontend,Não
2794,2024-07-26,2024-07-28,Alta,Fechado,Login,Sprint 3,Ana,49,Média,2,Homologação,Backend,Não
2795,2024-09-06,2024-09-06,Crítica,Fechado,Login,Sprint 3,Rafael,9,Alta,3,Produção,Frontend,Não
2796,2024-12-14,2024-12-18,Crítica,Aberto,Relatórios,Sprint 4,Rafael,117,Alta,3,Homologação,Backend,Sim
2797,2025-03-23,2025-03-26,Crítica,Aberto,Pagamento,Sprint 7,Ana,94,Baixa,1,Produção,API,Não
2798,2024-05-29,2024-06-02,Média,Aberto,Relatórios,Sprint 11,João,104,Média,2,Produção,Frontend,Sim
2799,2026-03-14,2026-03-18,Alta,Aberto,Relatórios,Sprint 10,Juliana,103,Alta,3,Produção,Frontend,Não
2800,2026-04-01,2026-04-05,Média,Fechado,Mobile App,Sprint 10,Carlos,96,Baixa,1,Homologação,API,Sim
2801,2024-06-05,2024-06-09,Crítica,Fechado,Relatórios,Sprint 8,Ana,106,Alta,3,Homologação,Backend,Sim
2802,2026-03-04,2026-03-07,Baixa,Aberto,Dashboard,Sprint 7,Marcos,72,Média,2,Homologação,API,Sim
2803,2026-02-24,2026-02-25,Baixa,Fechado,Pagamento,Sprint 6,Rafael,39,Média,2,Homologação,API,Não
2804,2026-01-20,2026-01-21,Baixa,Fechado,API Clientes,Sprint 11,Juliana,39,Alta,3,Produção,API,Não
2805,2026-03-10,2026-03-13,Alta,Aberto,Pagamento,Sprint 11,João,87,Baixa,1,Produção,Frontend,Não
2806,2024-08-21,2024-08-22,Baixa,Aberto,Login,Sprint 6,Marcos,35,Baixa,1,Produção,Backend,Não
2807,2026-04-06,2026-04-09,Crítica,Aberto,Dashboard,Sprint 3,Carlos,79,Baixa,1,Produção,Frontend,Não
2808,2024-12-06,2024-12-09,Crítica,Fechado,Relatórios,Sprint 7,João,86,Média,2,Homologação,API,Não
2809,2024-09-08,2024-09-08,Alta,Aberto,Relatórios,Sprint 7,Juliana,15,Alta,3,Homologação,API,Sim
2810,2026-02-25,2026-02-26,Média,Fechado,Mobile App,Sprint 9,Rafael,26,Baixa,1,Homologação,API,Não
2811,2026-03-31,2026-03-31,Crítica,Aberto,Pagamento,Sprint 11,Rafael,14,Alta,3,Produção,Frontend,Não
2812,2025-03-17,2025-03-17,Alta,Fechado,Mobile App,Sprint 10,Rafael,4,Alta,3,Homologação,Frontend,Não
2813,2025-10-04,2025-10-06,Alta,Aberto,Login,Sprint 8,Ana,54,Média,2,Produção,Backend,Não
2814,2024-10-01,2024-10-02,Média,Aberto,Dashboard,Sprint 2,Rafael,24,Alta,3,Produção,Backend,Sim
2815,2025-01-22,2025-01-23,Crítica,Fechado,Dashboard,Sprint 10,Fernanda,38,Baixa,1,Homologação,API,Sim
2816,2025-06-13,2025-06-18,Média,Aberto,Pagamento,Sprint 8,Juliana,120,Média,2,Produção,Frontend,Não
2817,2025-09-01,2025-09-01,Baixa,Aberto,Pagamento,Sprint 4,João,16,Média,2,Produção,Frontend,Não
2818,2024-09-14,2024-09-15,Crítica,Aberto,Mobile App,Sprint 9,Fernanda,41,Média,2,Homologação,Backend,Não
2819,2025-03-02,2025-03-05,Baixa,Fechado,API Clientes,Sprint 8,Fernanda,91,Média,2,Homologação,Frontend,Sim
2820,2025-07-30,2025-08-03,Baixa,Fechado,Mobile App,Sprint 4,João,105,Alta,3,Produção,Backend,Sim
2821,2025-02-08,2025-02-09,Baixa,Fechado,Dashboard,Sprint 9,Marcos,42,Média,2,Homologação,Frontend,Não
2822,2025-08-21,2025-08-25,Média,Fechado,Relatórios,Sprint 9,João,106,Alta,3,Homologação,Frontend,Sim
2823,2026-02-27,2026-03-03,Baixa,Fechado,API Clientes,Sprint 2,Ana,111,Baixa,1,Produção,API,Não
2824,2024-07-13,2024-07-16,Média,Aberto,Mobile App,Sprint 11,Marcos,88,Baixa,1,Produção,API,Não
2825,2025-04-29,2025-05-02,Baixa,Aberto,Relatórios,Sprint 11,Rafael,95,Baixa,1,Homologação,API,Sim
2826,2025-09-17,2025-09-19,Baixa,Fechado,Login,Sprint 7,João,66,Baixa,1,Produção,Frontend,Sim
2827,2025-06-10,2025-06-12,Média,Aberto,API Clientes,Sprint 3,Marcos,59,Alta,3,Produção,Backend,Sim
2828,2025-04-03,2025-04-04,Crítica,Fechado,Relatórios,Sprint 8,Carlos,29,Média,2,Produção,API,Não
2829,2024-06-20,2024-06-20,Crítica,Fechado,API Clientes,Sprint 9,Marcos,6,Média,2,Homologação,API,Sim
2830,2025-03-08,2025-03-09,Alta,Fechado,Login,Sprint 8,João,25,Média,2,Produção,API,Sim
2831,2025-08-10,2025-08-14,Média,Aberto,Dashboard,Sprint 6,Fernanda,99,Baixa,1,Produção,API,Não
2832,2024-09-09,2024-09-11,Baixa,Fechado,Pagamento,Sprint 11,Carlos,57,Alta,3,Homologação,API,Sim
2833,2024-06-03,2024-06-05,Alta,Fechado,Login,Sprint 5,Fernanda,67,Média,2,Produção,Frontend,Sim
2834,2025-03-20,2025-03-21,Alta,Fechado,Login,Sprint 11,Juliana,40,Baixa,1,Produção,Frontend,Sim
2835,2024-05-15,2024-05-18,Baixa,Aberto,API Clientes,Sprint 9,João,83,Média,2,Produção,Backend,Não
2836,2025-04-07,2025-04-11,Baixa,Aberto,Relatórios,Sprint 11,João,105,Alta,3,Homologação,API,Não
2837,2025-10-28,2025-10-30,Média,Aberto,Mobile App,Sprint 5,Rafael,69,Baixa,1,Homologação,Backend,Não
2838,2024-06-24,2024-06-26,Alta,Fechado,API Clientes,Sprint 10,Rafael,66,Média,2,Homologação,Frontend,Sim
2839,2024-11-25,2024-11-29,Crítica,Fechado,Login,Sprint 2,João,105,Média,2,Produção,Frontend,Não
2840,2024-12-04,2024-12-06,Crítica,Aberto,Login,Sprint 6,Marcos,62,Baixa,1,Homologação,Backend,Não
2841,2025-10-23,2025-10-26,Média,Fechado,Pagamento,Sprint 2,Marcos,91,Baixa,1,Homologação,API,Sim
2842,2025-01-17,2025-01-20,Média,Aberto,Dashboard,Sprint 9,Fernanda,91,Baixa,1,Homologação,API,Sim
2843,2025-07-17,2025-07-21,Média,Aberto,Dashboard,Sprint 2,João,106,Baixa,1,Homologação,Frontend,Não
2844,2025-06-06,2025-06-09,Alta,Aberto,Relatórios,Sprint 7,Rafael,81,Alta,3,Homologação,Frontend,Não
2845,2024-09-03,2024-09-07,Alta,Fechado,API Clientes,Sprint 8,Juliana,117,Baixa,1,Homologação,Backend,Sim
2846,2024-06-15,2024-06-18,Alta,Fechado,Relatórios,Sprint 5,Juliana,94,Baixa,1,Produção,API,Não
2847,2025-06-13,2025-06-14,Baixa,Fechado,Login,Sprint 8,Carlos,35,Alta,3,Homologação,Frontend,Sim
2848,2025-04-07,2025-04-11,Baixa,Aberto,API Clientes,Sprint 10,Marcos,115,Baixa,1,Produção,API,Não
2849,2025-04-20,2025-04-24,Média,Fechado,Dashboard,Sprint 11,João,115,Baixa,1,Homologação,API,Sim
2850,2025-02-24,2025-02-27,Alta,Aberto,Mobile App,Sprint 8,Rafael,91,Alta,3,Homologação,Backend,Sim
2851,2025-10-04,2025-10-07,Média,Fechado,Dashboard,Sprint 11,Juliana,95,Baixa,1,Produção,Frontend,Sim
2852,2025-08-28,2025-09-01,Crítica,Fechado,Mobile App,Sprint 1,Marcos,104,Baixa,1,Homologação,API,Sim
2853,2025-09-13,2025-09-13,Média,Fechado,API Clientes,Sprint 8,João,15,Alta,3,Produção,API,Não
2854,2025-06-03,2025-06-05,Crítica,Aberto,Login,Sprint 3,Fernanda,54,Média,2,Homologação,Frontend,Não
2855,2024-07-09,2024-07-09,Média,Aberto,Pagamento,Sprint 11,Juliana,23,Baixa,1,Produção,Backend,Sim
2856,2025-11-19,2025-11-19,Crítica,Fechado,Relatórios,Sprint 4,João,10,Baixa,1,Homologação,Backend,Sim
2857,2024-10-06,2024-10-06,Crítica,Aberto,Dashboard,Sprint 3,Juliana,13,Média,2,Homologação,Backend,Não
2858,2024-07-11,2024-07-11,Alta,Aberto,Relatórios,Sprint 3,Ana,16,Média,2,Produção,Backend,Sim
2859,2024-12-17,2024-12-19,Crítica,Fechado,API Clientes,Sprint 5,Ana,59,Média,2,Homologação,Frontend,Sim
2860,2026-03-01,2026-03-03,Média,Fechado,Pagamento,Sprint 7,Ana,71,Média,2,Produção,API,Não
2861,2026-03-16,2026-03-19,Crítica,Fechado,Dashboard,Sprint 10,Rafael,95,Alta,3,Produção,API,Sim
2862,2026-03-16,2026-03-18,Crítica,Fechado,Dashboard,Sprint 2,Fernanda,63,Alta,3,Produção,Frontend,Sim
2863,2024-06-30,2024-07-04,Alta,Aberto,Pagamento,Sprint 12,Rafael,119,Alta,3,Homologação,Backend,Sim
2864,2025-04-17,2025-04-20,Média,Fechado,Dashboard,Sprint 11,Fernanda,94,Alta,3,Homologação,Backend,Sim
2865,2026-02-24,2026-02-25,Média,Aberto,Dashboard,Sprint 8,Rafael,24,Alta,3,Produção,Frontend,Sim
2866,2025-07-27,2025-07-28,Alta,Fechado,Mobile App,Sprint 12,Juliana,33,Média,2,Produção,Backend,Não
2867,2026-01-28,2026-01-29,Média,Aberto,Dashboard,Sprint 2,Carlos,38,Alta,3,Homologação,API,Não
2868,2026-01-19,2026-01-21,Crítica,Fechado,Pagamento,Sprint 2,Ana,68,Alta,3,Produção,Backend,Sim
2869,2026-01-03,2026-01-06,Alta,Aberto,API Clientes,Sprint 8,Juliana,75,Média,2,Homologação,Backend,Sim
2870,2026-04-29,2026-05-01,Baixa,Fechado,Relatórios,Sprint 1,Carlos,66,Baixa,1,Produção,API,Não
2871,2024-11-27,2024-11-28,Alta,Aberto,Relatórios,Sprint 2,Fernanda,32,Baixa,1,Produção,Frontend,Não
2872,2024-06-04,2024-06-05,Crítica,Fechado,Pagamento,Sprint 11,Carlos,30,Média,2,Produção,Backend,Sim
2873,2025-06-20,2025-06-22,Baixa,Aberto,Relatórios,Sprint 11,João,71,Média,2,Homologação,Backend,Não
2874,2025-06-01,2025-06-01,Crítica,Aberto,API Clientes,Sprint 11,Marcos,17,Média,2,Produção,Frontend,Não
2875,2026-01-07,2026-01-11,Média,Aberto,Mobile App,Sprint 2,Fernanda,106,Alta,3,Homologação,Frontend,Sim
2876,2025-04-08,2025-04-08,Baixa,Aberto,Pagamento,Sprint 4,Carlos,2,Média,2,Produção,API,Não
2877,2024-08-04,2024-08-08,Alta,Aberto,Mobile App,Sprint 6,Rafael,112,Média,2,Produção,Frontend,Não
2878,2024-09-05,2024-09-08,Baixa,Fechado,Pagamento,Sprint 1,João,95,Baixa,1,Homologação,Backend,Sim
2879,2025-01-12,2025-01-12,Baixa,Fechado,Dashboard,Sprint 12,Marcos,14,Média,2,Produção,Frontend,Sim
2880,2025-01-01,2025-01-05,Crítica,Aberto,Pagamento,Sprint 12,Marcos,111,Média,2,Produção,Frontend,Sim
2881,2025-04-08,2025-04-12,Alta,Aberto,Login,Sprint 6,Ana,110,Baixa,1,Produção,Frontend,Sim
2882,2025-03-02,2025-03-02,Crítica,Aberto,Mobile App,Sprint 1,Carlos,7,Média,2,Produção,Frontend,Sim
2883,2024-12-19,2024-12-23,Alta,Fechado,Pagamento,Sprint 4,Marcos,98,Baixa,1,Produção,Frontend,Sim
2884,2024-10-18,2024-10-21,Alta,Aberto,Relatórios,Sprint 7,Carlos,83,Baixa,1,Produção,Frontend,Sim
2885,2024-06-25,2024-06-28,Alta,Fechado,API Clientes,Sprint 11,Fernanda,94,Alta,3,Homologação,Frontend,Sim
2886,2025-10-04,2025-10-05,Crítica,Fechado,Dashboard,Sprint 10,João,39,Baixa,1,Homologação,Frontend,Sim
2887,2024-05-08,2024-05-09,Crítica,Fechado,Pagamento,Sprint 5,Ana,34,Alta,3,Produção,API,Não
2888,2024-05-13,2024-05-14,Crítica,Fechado,Mobile App,Sprint 4,Fernanda,32,Média,2,Homologação,Frontend,Não
2889,2025-09-30,2025-10-04,Alta,Fechado,Login,Sprint 6,Juliana,107,Baixa,1,Produção,Backend,Não
2890,2024-07-15,2024-07-17,Baixa,Fechado,API Clientes,Sprint 7,Ana,48,Média,2,Homologação,Frontend,Sim
2891,2024-07-22,2024-07-25,Crítica,Fechado,Login,Sprint 5,João,80,Média,2,Homologação,Frontend,Sim
2892,2024-06-09,2024-06-11,Alta,Aberto,Dashboard,Sprint 8,Rafael,52,Alta,3,Homologação,Backend,Não
2893,2025-08-10,2025-08-13,Média,Fechado,Pagamento,Sprint 9,Marcos,93,Média,2,Homologação,Frontend,Não
2894,2026-04-06,2026-04-10,Média,Fechado,Pagamento,Sprint 12,Rafael,96,Baixa,1,Homologação,Backend,Sim
2895,2025-01-06,2025-01-07,Alta,Fechado,Login,Sprint 3,Juliana,39,Baixa,1,Homologação,API,Não
2896,2025-03-21,2025-03-22,Média,Fechado,Dashboard,Sprint 4,Juliana,26,Alta,3,Homologação,Backend,Não
2897,2026-01-04,2026-01-06,Crítica,Aberto,Mobile App,Sprint 10,Carlos,65,Alta,3,Homologação,Frontend,Não
2898,2026-03-31,2026-04-03,Média,Fechado,Relatórios,Sprint 8,Marcos,94,Alta,3,Produção,API,Sim
2899,2025-10-18,2025-10-20,Alta,Aberto,Mobile App,Sprint 9,Carlos,54,Baixa,1,Produção,Backend,Sim
2900,2025-03-24,2025-03-27,Baixa,Aberto,Pagamento,Sprint 1,João,89,Média,2,Produção,Backend,Sim
2901,2024-11-16,2024-11-18,Crítica,Aberto,Login,Sprint 2,Fernanda,49,Baixa,1,Homologação,Backend,Sim
2902,2026-04-17,2026-04-20,Crítica,Fechado,Relatórios,Sprint 4,Carlos,72,Baixa,1,Produção,Frontend,Não
2903,2025-11-06,2025-11-08,Alta,Fechado,API Clientes,Sprint 3,Fernanda,51,Baixa,1,Homologação,Frontend,Sim
2904,2025-05-25,2025-05-27,Alta,Fechado,API Clientes,Sprint 4,Rafael,50,Alta,3,Produção,API,Sim
2905,2025-12-16,2025-12-18,Alta,Aberto,Pagamento,Sprint 7,Rafael,59,Baixa,1,Homologação,API,Sim
2906,2025-04-09,2025-04-12,Média,Fechado,Mobile App,Sprint 7,Juliana,86,Baixa,1,Homologação,API,Não
2907,2025-09-12,2025-09-12,Crítica,Fechado,Mobile App,Sprint 1,João,12,Alta,3,Produção,Frontend,Não
2908,2025-05-09,2025-05-10,Baixa,Aberto,Login,Sprint 7,Carlos,29,Alta,3,Produção,Backend,Sim
2909,2025-05-02,2025-05-02,Média,Fechado,Mobile App,Sprint 10,Carlos,15,Média,2,Produção,Frontend,Sim
2910,2025-05-08,2025-05-09,Alta,Aberto,API Clientes,Sprint 11,João,30,Média,2,Homologação,API,Sim
2911,2025-11-10,2025-11-13,Baixa,Fechado,Login,Sprint 10,Marcos,88,Média,2,Homologação,Frontend,Sim
2912,2025-07-02,2025-07-02,Crítica,Aberto,Login,Sprint 2,Fernanda,10,Média,2,Produção,Frontend,Não
2913,2025-09-14,2025-09-14,Baixa,Aberto,Login,Sprint 5,Juliana,2,Média,2,Produção,Frontend,Sim
2914,2026-01-09,2026-01-11,Crítica,Fechado,Login,Sprint 7,Marcos,68,Alta,3,Produção,API,Sim
2915,2025-01-10,2025-01-14,Baixa,Aberto,Dashboard,Sprint 3,Carlos,113,Alta,3,Produção,Backend,Não
2916,2026-02-12,2026-02-13,Alta,Aberto,Login,Sprint 4,Fernanda,39,Alta,3,Produção,Frontend,Não
2917,2024-12-27,2024-12-27,Crítica,Aberto,API Clientes,Sprint 10,Carlos,8,Alta,3,Produção,API,Não
2918,2025-10-12,2025-10-12,Alta,Fechado,Login,Sprint 12,Carlos,8,Baixa,1,Homologação,Frontend,Sim
2919,2025-04-26,2025-04-30,Baixa,Fechado,Login,Sprint 3,Fernanda,113,Baixa,1,Homologação,API,Sim
2920,2024-10-10,2024-10-10,Baixa,Fechado,Login,Sprint 2,Ana,21,Alta,3,Homologação,API,Não
2921,2026-01-13,2026-01-14,Crítica,Aberto,Relatórios,Sprint 4,João,41,Baixa,1,Homologação,API,Não
2922,2026-02-17,2026-02-19,Alta,Fechado,Pagamento,Sprint 10,Carlos,63,Média,2,Produção,API,Sim
2923,2025-04-12,2025-04-12,Crítica,Fechado,Relatórios,Sprint 2,Juliana,5,Alta,3,Homologação,Frontend,Não
2924,2025-05-14,2025-05-14,Média,Aberto,Dashboard,Sprint 5,Carlos,22,Baixa,1,Produção,API,Sim
2925,2026-04-23,2026-04-23,Média,Fechado,Login,Sprint 7,Marcos,11,Média,2,Homologação,API,Sim
2926,2024-12-12,2024-12-14,Crítica,Fechado,Dashboard,Sprint 6,Ana,50,Baixa,1,Homologação,Frontend,Não
2927,2025-05-12,2025-05-15,Baixa,Aberto,Pagamento,Sprint 11,Fernanda,95,Média,2,Homologação,Backend,Sim
2928,2025-03-11,2025-03-16,Crítica,Fechado,Relatórios,Sprint 9,Fernanda,120,Alta,3,Homologação,Backend,Não
2929,2026-02-17,2026-02-19,Média,Aberto,Login,Sprint 6,Carlos,65,Alta,3,Homologação,Backend,Não
2930,2025-10-21,2025-10-22,Crítica,Aberto,Dashboard,Sprint 6,Rafael,45,Alta,3,Homologação,Frontend,Sim
2931,2025-09-27,2025-09-29,Baixa,Fechado,Pagamento,Sprint 7,João,58,Alta,3,Produção,API,Não
2932,2026-03-22,2026-03-24,Baixa,Fechado,API Clientes,Sprint 1,João,52,Média,2,Produção,API,Sim
2933,2025-08-04,2025-08-04,Alta,Aberto,Pagamento,Sprint 1,Rafael,11,Média,2,Homologação,API,Não
2934,2024-07-04,2024-07-08,Alta,Aberto,Mobile App,Sprint 9,João,111,Baixa,1,Produção,Frontend,Sim
2935,2024-07-08,2024-07-11,Crítica,Aberto,Mobile App,Sprint 5,Rafael,82,Média,2,Produção,Backend,Sim
2936,2025-06-28,2025-06-30,Baixa,Fechado,API Clientes,Sprint 3,Ana,69,Baixa,1,Produção,Frontend,Não
2937,2025-07-22,2025-07-26,Média,Aberto,Pagamento,Sprint 3,Marcos,112,Alta,3,Produção,Frontend,Sim
2938,2024-12-19,2024-12-22,Alta,Aberto,Relatórios,Sprint 5,João,72,Baixa,1,Homologação,Frontend,Sim
2939,2025-10-14,2025-10-15,Alta,Aberto,Login,Sprint 5,Carlos,46,Alta,3,Produção,API,Não
2940,2024-09-23,2024-09-25,Baixa,Aberto,Dashboard,Sprint 2,Juliana,58,Alta,3,Produção,Frontend,Não
2941,2024-06-22,2024-06-25,Alta,Aberto,Dashboard,Sprint 8,Ana,86,Baixa,1,Produção,API,Sim
2942,2025-06-06,2025-06-10,Crítica,Fechado,Login,Sprint 11,Juliana,119,Baixa,1,Homologação,Backend,Sim
2943,2025-02-20,2025-02-23,Média,Aberto,Pagamento,Sprint 9,Carlos,77,Média,2,Produção,Frontend,Não
2944,2025-12-24,2025-12-24,Alta,Fechado,Pagamento,Sprint 5,Carlos,14,Alta,3,Homologação,Frontend,Sim
2945,2026-03-19,2026-03-24,Alta,Fechado,API Clientes,Sprint 9,João,120,Alta,3,Homologação,Backend,Sim
2946,2026-03-09,2026-03-11,Média,Aberto,Mobile App,Sprint 9,Juliana,71,Baixa,1,Produção,Frontend,Não
2947,2024-05-29,2024-05-30,Crítica,Aberto,Mobile App,Sprint 4,João,29,Média,2,Produção,API,Sim
2948,2024-12-10,2024-12-10,Crítica,Fechado,Pagamento,Sprint 12,João,13,Baixa,1,Produção,Backend,Não
2949,2025-01-19,2025-01-21,Alta,Fechado,Dashboard,Sprint 10,Marcos,71,Média,2,Homologação,API,Sim
2950,2025-08-23,2025-08-25,Média,Aberto,API Clientes,Sprint 10,João,70,Média,2,Produção,API,Não
2951,2024-07-24,2024-07-25,Crítica,Aberto,API Clientes,Sprint 2,Juliana,46,Baixa,1,Produção,Backend,Não
2952,2026-02-09,2026-02-11,Média,Aberto,API Clientes,Sprint 5,Fernanda,54,Média,2,Homologação,Frontend,Sim
2953,2024-07-20,2024-07-22,Média,Fechado,API Clientes,Sprint 2,Ana,52,Média,2,Homologação,API,Sim
2954,2024-07-27,2024-07-28,Baixa,Aberto,Dashboard,Sprint 4,Juliana,39,Alta,3,Produção,API,Não
2955,2024-07-21,2024-07-22,Crítica,Aberto,Mobile App,Sprint 10,Rafael,25,Média,2,Homologação,Backend,Não
2956,2025-05-02,2025-05-03,Crítica,Aberto,Dashboard,Sprint 1,Marcos,39,Média,2,Homologação,API,Sim
2957,2024-10-25,2024-10-26,Média,Fechado,Pagamento,Sprint 4,Fernanda,31,Alta,3,Produção,Frontend,Não
2958,2025-08-08,2025-08-08,Média,Fechado,Login,Sprint 12,Fernanda,11,Média,2,Homologação,Frontend,Não
2959,2026-03-11,2026-03-14,Alta,Fechado,Dashboard,Sprint 8,Fernanda,77,Baixa,1,Produção,Backend,Sim
2960,2026-03-29,2026-04-02,Crítica,Aberto,Pagamento,Sprint 5,Ana,107,Média,2,Homologação,Backend,Sim
2961,2026-01-27,2026-01-28,Média,Aberto,Relatórios,Sprint 6,Juliana,31,Baixa,1,Homologação,Backend,Sim
2962,2026-03-17,2026-03-22,Baixa,Fechado,Mobile App,Sprint 9,Rafael,120,Baixa,1,Produção,API,Não
2963,2024-06-07,2024-06-08,Alta,Aberto,Pagamento,Sprint 10,João,29,Baixa,1,Homologação,Frontend,Sim
2964,2025-10-09,2025-10-11,Baixa,Fechado,Dashboard,Sprint 3,Marcos,57,Baixa,1,Produção,Frontend,Sim
2965,2025-05-09,2025-05-10,Crítica,Fechado,Relatórios,Sprint 3,Carlos,39,Baixa,1,Homologação,API,Sim
2966,2025-07-14,2025-07-17,Crítica,Fechado,Relatórios,Sprint 4,João,76,Baixa,1,Produção,Backend,Sim
2967,2025-01-07,2025-01-07,Baixa,Aberto,Login,Sprint 4,Marcos,17,Média,2,Produção,API,Sim
2968,2026-01-27,2026-01-28,Alta,Aberto,Pagamento,Sprint 3,Carlos,39,Alta,3,Homologação,Frontend,Sim
2969,2026-02-25,2026-02-25,Média,Aberto,Pagamento,Sprint 6,Marcos,14,Alta,3,Produção,Backend,Não
2970,2026-04-28,2026-04-28,Baixa,Aberto,Login,Sprint 11,Carlos,11,Alta,3,Produção,API,Não
2971,2026-01-05,2026-01-07,Crítica,Aberto,Pagamento,Sprint 6,João,56,Baixa,1,Homologação,API,Não
2972,2024-11-28,2024-11-28,Alta,Fechado,Relatórios,Sprint 5,Carlos,9,Alta,3,Homologação,API,Sim
2973,2025-07-15,2025-07-16,Alta,Fechado,Mobile App,Sprint 4,Ana,30,Baixa,1,Produção,Frontend,Não
2974,2024-11-06,2024-11-09,Crítica,Fechado,Relatórios,Sprint 2,Fernanda,84,Alta,3,Homologação,Backend,Não
2975,2025-03-10,2025-03-12,Alta,Aberto,API Clientes,Sprint 1,Rafael,57,Alta,3,Produção,API,Não
2976,2025-07-19,2025-07-23,Média,Aberto,Login,Sprint 11,João,97,Média,2,Homologação,Backend,Não
2977,2024-05-20,2024-05-23,Alta,Aberto,Dashboard,Sprint 3,Juliana,92,Média,2,Homologação,API,Não
2978,2025-02-25,2025-02-25,Baixa,Aberto,Relatórios,Sprint 2,Rafael,9,Baixa,1,Homologação,Backend,Sim
2979,2025-07-09,2025-07-11,Baixa,Aberto,Pagamento,Sprint 3,Ana,53,Alta,3,Produção,API,Sim
2980,2024-10-07,2024-10-09,Crítica,Aberto,API Clientes,Sprint 11,Rafael,51,Média,2,Homologação,API,Não
2981,2024-07-07,2024-07-08,Média,Aberto,Pagamento,Sprint 4,Juliana,27,Média,2,Homologação,Frontend,Não
2982,2025-08-01,2025-08-04,Baixa,Aberto,API Clientes,Sprint 11,Marcos,75,Baixa,1,Homologação,API,Não
2983,2026-02-05,2026-02-07,Crítica,Aberto,Login,Sprint 5,Rafael,54,Baixa,1,Produção,API,Não
2984,2025-06-18,2025-06-19,Baixa,Aberto,Mobile App,Sprint 4,João,25,Baixa,1,Homologação,Frontend,Sim
2985,2025-09-24,2025-09-28,Baixa,Aberto,Pagamento,Sprint 5,João,112,Baixa,1,Homologação,API,Não
2986,2025-12-07,2025-12-09,Média,Aberto,API Clientes,Sprint 9,Juliana,49,Alta,3,Homologação,Frontend,Não
2987,2024-05-07,2024-05-10,Média,Fechado,API Clientes,Sprint 6,Marcos,85,Alta,3,Produção,Backend,Sim
2988,2025-02-03,2025-02-07,Média,Aberto,Login,Sprint 2,Rafael,118,Alta,3,Homologação,API,Sim
2989,2024-12-23,2024-12-27,Alta,Aberto,Mobile App,Sprint 7,João,105,Média,2,Homologação,Frontend,Não
2990,2026-03-25,2026-03-27,Alta,Aberto,Pagamento,Sprint 8,Ana,57,Baixa,1,Homologação,Backend,Não
2991,2026-01-19,2026-01-20,Crítica,Fechado,Mobile App,Sprint 7,Fernanda,29,Baixa,1,Homologação,API,Não
2992,2026-02-20,2026-02-22,Crítica,Fechado,Relatórios,Sprint 7,Ana,53,Média,2,Produção,Backend,Não
2993,2024-09-13,2024-09-16,Baixa,Aberto,Dashboard,Sprint 7,Juliana,91,Média,2,Produção,Backend,Sim
2994,2026-03-20,2026-03-22,Média,Fechado,Dashboard,Sprint 7,Marcos,53,Alta,3,Homologação,Frontend,Sim
2995,2025-12-28,2026-01-01,Baixa,Fechado,Pagamento,Sprint 8,João,105,Alta,3,Homologação,Frontend,Sim
2996,2024-10-11,2024-10-14,Baixa,Fechado,Relatórios,Sprint 4,Fernanda,95,Média,2,Homologação,Frontend,Sim
2997,2024-11-10,2024-11-10,Baixa,Fechado,API Clientes,Sprint 11,Fernanda,17,Alta,3,Produção,Frontend,Sim
2998,2026-01-04,2026-01-08,Alta,Fechado,API Clientes,Sprint 9,Rafael,101,Baixa,1,Produção,Backend,Não
2999,2025-01-04,2025-01-06,Crítica,Aberto,Dashboard,Sprint 2,Rafael,64,Alta,3,Homologação,API,Sim
3000,2024-10-28,2024-10-30,Média,Aberto,Mobile App,Sprint 10,Marcos,59,Baixa,1,Produção,Frontend,Não
3001,2025-12-05,2025-12-07,Média,Aberto,Pagamento,Sprint 8,Juliana,58,Alta,3,Produção,API,Sim
3002,2025-06-09,2025-06-13,Alta,Fechado,Login,Sprint 12,João,119,Alta,3,Homologação,Backend,Não
3003,2025-11-09,2025-11-09,Média,Fechado,Mobile App,Sprint 4,Juliana,2,Média,2,Produção,API,Não
3004,2025-12-03,2025-12-04,Baixa,Aberto,Pagamento,Sprint 3,Carlos,26,Baixa,1,Produção,API,Não
3005,2024-12-24,2024-12-26,Média,Fechado,Dashboard,Sprint 9,Ana,65,Média,2,Produção,Frontend,Não
3006,2025-02-22,2025-02-26,Crítica,Aberto,Relatórios,Sprint 3,Juliana,109,Média,2,Homologação,Backend,Sim
3007,2024-07-08,2024-07-11,Crítica,Aberto,Dashboard,Sprint 11,Juliana,90,Baixa,1,Homologação,API,Não
3008,2025-10-02,2025-10-06,Média,Aberto,Relatórios,Sprint 6,João,115,Média,2,Homologação,API,Sim
3009,2025-04-29,2025-04-29,Média,Fechado,Relatórios,Sprint 6,Rafael,15,Baixa,1,Produção,API,Sim
3010,2025-11-29,2025-12-01,Baixa,Aberto,Login,Sprint 6,Fernanda,48,Baixa,1,Homologação,Frontend,Não
3011,2025-09-06,2025-09-07,Baixa,Aberto,Pagamento,Sprint 9,Juliana,45,Alta,3,Produção,Backend,Não
3012,2026-05-04,2026-05-07,Baixa,Fechado,Login,Sprint 5,Ana,82,Baixa,1,Produção,Backend,Não
3013,2024-05-07,2024-05-09,Alta,Aberto,Mobile App,Sprint 4,Rafael,50,Alta,3,Homologação,Frontend,Sim
3014,2026-01-09,2026-01-10,Média,Fechado,Dashboard,Sprint 8,Fernanda,36,Alta,3,Homologação,API,Sim
3015,2025-01-02,2025-01-03,Baixa,Aberto,API Clientes,Sprint 9,Fernanda,26,Baixa,1,Homologação,Backend,Não
3016,2025-09-08,2025-09-08,Crítica,Fechado,Login,Sprint 2,Marcos,15,Média,2,Produção,Frontend,Não
3017,2024-12-26,2024-12-30,Baixa,Fechado,Relatórios,Sprint 9,Juliana,102,Alta,3,Produção,Backend,Sim
3018,2025-08-21,2025-08-23,Baixa,Fechado,Relatórios,Sprint 7,João,56,Baixa,1,Homologação,Frontend,Sim
3019,2026-01-17,2026-01-20,Crítica,Fechado,API Clientes,Sprint 6,Marcos,73,Alta,3,Produção,API,Sim
3020,2025-10-22,2025-10-22,Baixa,Fechado,Login,Sprint 12,Fernanda,21,Média,2,Produção,Backend,Sim
3021,2025-02-25,2025-02-27,Alta,Fechado,Mobile App,Sprint 9,Carlos,48,Baixa,1,Homologação,Backend,Não
3022,2025-01-26,2025-01-28,Média,Fechado,Pagamento,Sprint 6,Ana,57,Alta,3,Produção,API,Sim
3023,2026-01-15,2026-01-16,Crítica,Fechado,Mobile App,Sprint 3,Carlos,37,Baixa,1,Homologação,API,Não
3024,2024-06-19,2024-06-20,Baixa,Aberto,Mobile App,Sprint 6,Marcos,43,Alta,3,Homologação,Backend,Não
3025,2025-05-10,2025-05-12,Média,Aberto,Pagamento,Sprint 1,Ana,71,Média,2,Homologação,Frontend,Sim
3026,2025-10-16,2025-10-20,Média,Fechado,API Clientes,Sprint 7,Marcos,116,Média,2,Produção,Backend,Não
3027,2026-03-08,2026-03-08,Alta,Aberto,Pagamento,Sprint 6,Ana,9,Alta,3,Homologação,Backend,Não
3028,2026-03-10,2026-03-10,Baixa,Fechado,Pagamento,Sprint 1,Marcos,14,Baixa,1,Homologação,Frontend,Sim
3029,2024-07-15,2024-07-18,Média,Aberto,API Clientes,Sprint 8,João,82,Média,2,Homologação,API,Sim
3030,2025-05-05,2025-05-05,Alta,Aberto,Dashboard,Sprint 3,Juliana,16,Alta,3,Homologação,API,Não
3031,2024-09-04,2024-09-05,Baixa,Aberto,API Clientes,Sprint 2,Ana,26,Baixa,1,Produção,Frontend,Sim
3032,2024-05-27,2024-05-30,Média,Aberto,Dashboard,Sprint 11,Fernanda,92,Média,2,Homologação,Frontend,Sim
3033,2025-05-02,2025-05-03,Crítica,Fechado,API Clientes,Sprint 2,Rafael,45,Alta,3,Homologação,Frontend,Não
3034,2025-09-23,2025-09-23,Alta,Fechado,Dashboard,Sprint 7,João,14,Média,2,Homologação,Backend,Não
3035,2024-11-13,2024-11-13,Crítica,Aberto,Pagamento,Sprint 5,Rafael,6,Alta,3,Homologação,Frontend,Sim
3036,2024-06-04,2024-06-07,Alta,Aberto,Pagamento,Sprint 5,Ana,79,Alta,3,Homologação,API,Não
3037,2024-12-03,2024-12-04,Média,Aberto,Pagamento,Sprint 2,Marcos,26,Média,2,Produção,Backend,Sim
3038,2025-07-27,2025-07-30,Baixa,Fechado,Login,Sprint 6,Juliana,80,Alta,3,Homologação,Backend,Sim
3039,2024-05-27,2024-05-29,Baixa,Fechado,API Clientes,Sprint 11,Marcos,54,Baixa,1,Produção,Frontend,Não
3040,2025-03-09,2025-03-09,Baixa,Aberto,Login,Sprint 7,Juliana,5,Alta,3,Produção,Backend,Sim
3041,2025-12-07,2025-12-07,Baixa,Aberto,API Clientes,Sprint 6,Marcos,4,Alta,3,Produção,API,Não
3042,2025-03-23,2025-03-27,Alta,Fechado,Relatórios,Sprint 4,Ana,109,Média,2,Homologação,Backend,Sim
3043,2024-08-14,2024-08-15,Baixa,Aberto,Login,Sprint 5,Marcos,46,Média,2,Homologação,Backend,Sim
3044,2024-10-29,2024-11-02,Crítica,Aberto,Mobile App,Sprint 9,João,105,Média,2,Homologação,Backend,Sim
3045,2024-09-13,2024-09-17,Baixa,Aberto,Login,Sprint 8,Juliana,104,Baixa,1,Produção,API,Não
3046,2026-04-27,2026-04-29,Média,Aberto,Dashboard,Sprint 7,Marcos,55,Média,2,Homologação,Backend,Sim
3047,2025-07-25,2025-07-28,Média,Fechado,Login,Sprint 1,Rafael,93,Média,2,Produção,API,Sim
3048,2024-06-02,2024-06-02,Crítica,Aberto,Login,Sprint 5,Juliana,3,Alta,3,Homologação,Frontend,Não
3049,2025-05-01,2025-05-01,Baixa,Fechado,Dashboard,Sprint 4,Rafael,12,Alta,3,Produção,Backend,Sim
3050,2024-10-01,2024-10-03,Média,Aberto,Mobile App,Sprint 12,Juliana,52,Alta,3,Produção,Frontend,Não
3051,2025-02-26,2025-03-02,Média,Fechado,Relatórios,Sprint 12,Rafael,116,Média,2,Produção,Frontend,Sim
3052,2026-04-21,2026-04-25,Baixa,Aberto,Relatórios,Sprint 1,Marcos,117,Baixa,1,Produção,Frontend,Não
3053,2025-03-27,2025-03-29,Baixa,Fechado,Relatórios,Sprint 1,Ana,67,Baixa,1,Produção,Backend,Não
3054,2024-10-29,2024-10-29,Média,Aberto,Relatórios,Sprint 12,Ana,9,Média,2,Produção,Backend,Sim
3055,2025-01-12,2025-01-15,Crítica,Fechado,Login,Sprint 4,Rafael,82,Média,2,Homologação,Backend,Sim
3056,2025-03-02,2025-03-04,Baixa,Aberto,Pagamento,Sprint 3,Juliana,69,Alta,3,Homologação,API,Sim
3057,2024-10-02,2024-10-03,Alta,Fechado,Mobile App,Sprint 5,Rafael,45,Alta,3,Homologação,Frontend,Não
3058,2025-03-01,2025-03-05,Média,Aberto,Login,Sprint 1,Fernanda,117,Alta,3,Produção,API,Sim
3059,2026-04-24,2026-04-24,Crítica,Fechado,Pagamento,Sprint 10,João,2,Alta,3,Homologação,Frontend,Sim
3060,2025-02-07,2025-02-10,Baixa,Fechado,Pagamento,Sprint 11,João,72,Alta,3,Produção,Backend,Não
3061,2025-08-18,2025-08-21,Baixa,Aberto,API Clientes,Sprint 8,João,94,Média,2,Homologação,API,Sim
3062,2026-04-13,2026-04-15,Crítica,Fechado,Pagamento,Sprint 11,Marcos,66,Média,2,Produção,Backend,Sim
3063,2025-02-18,2025-02-20,Alta,Aberto,Login,Sprint 12,Juliana,56,Alta,3,Homologação,API,Sim
3064,2024-12-23,2024-12-25,Média,Aberto,Pagamento,Sprint 7,João,59,Média,2,Homologação,Backend,Sim
3065,2025-04-05,2025-04-08,Média,Fechado,Mobile App,Sprint 7,Carlos,73,Alta,3,Homologação,Backend,Sim
3066,2025-05-02,2025-05-03,Baixa,Fechado,Dashboard,Sprint 10,Marcos,24,Alta,3,Produção,Backend,Sim
3067,2025-01-28,2025-01-28,Alta,Fechado,API Clientes,Sprint 8,Ana,18,Média,2,Homologação,Backend,Não
3068,2026-04-22,2026-04-24,Baixa,Aberto,Relatórios,Sprint 6,Juliana,49,Média,2,Produção,Backend,Sim
3069,2025-12-30,2026-01-03,Alta,Aberto,API Clientes,Sprint 2,Rafael,119,Baixa,1,Homologação,Backend,Não
3070,2025-01-15,2025-01-17,Média,Aberto,Pagamento,Sprint 10,Rafael,71,Alta,3,Homologação,Backend,Não
3071,2024-11-05,2024-11-09,Crítica,Aberto,Mobile App,Sprint 2,Rafael,103,Baixa,1,Homologação,API,Não
3072,2024-12-29,2024-12-29,Alta,Aberto,Login,Sprint 12,Marcos,6,Baixa,1,Produção,Backend,Não
3073,2024-12-15,2024-12-18,Média,Fechado,Relatórios,Sprint 8,Fernanda,77,Alta,3,Homologação,Frontend,Sim
3074,2025-12-13,2025-12-16,Média,Aberto,Login,Sprint 2,Carlos,83,Baixa,1,Produção,Backend,Sim
3075,2024-07-13,2024-07-13,Crítica,Aberto,API Clientes,Sprint 5,Ana,9,Alta,3,Produção,Backend,Não
3076,2025-01-31,2025-01-31,Média,Aberto,Pagamento,Sprint 7,Marcos,20,Baixa,1,Produção,Frontend,Sim
3077,2026-03-02,2026-03-04,Baixa,Aberto,API Clientes,Sprint 11,Ana,50,Baixa,1,Produção,Frontend,Não
3078,2024-07-19,2024-07-23,Crítica,Fechado,Pagamento,Sprint 5,Juliana,101,Baixa,1,Homologação,Backend,Sim
3079,2025-01-30,2025-02-01,Alta,Aberto,Mobile App,Sprint 6,João,61,Alta,3,Produção,API,Não
3080,2025-05-01,2025-05-02,Alta,Fechado,Mobile App,Sprint 8,Fernanda,40,Média,2,Produção,API,Não
3081,2025-03-08,2025-03-10,Média,Fechado,Mobile App,Sprint 5,Fernanda,70,Média,2,Homologação,Frontend,Não
3082,2024-10-15,2024-10-16,Baixa,Fechado,API Clientes,Sprint 11,João,43,Alta,3,Homologação,Backend,Sim
3083,2025-12-24,2025-12-27,Alta,Aberto,Dashboard,Sprint 9,Juliana,86,Alta,3,Produção,API,Não
3084,2025-08-02,2025-08-05,Crítica,Aberto,API Clientes,Sprint 8,Ana,84,Alta,3,Homologação,Backend,Não
3085,2025-10-01,2025-10-03,Média,Aberto,Login,Sprint 11,Rafael,67,Média,2,Homologação,Backend,Não
3086,2026-03-28,2026-03-30,Baixa,Fechado,Pagamento,Sprint 3,Rafael,68,Média,2,Homologação,API,Sim
3087,2025-04-05,2025-04-08,Alta,Fechado,Pagamento,Sprint 12,João,85,Alta,3,Homologação,API,Sim
3088,2025-09-05,2025-09-06,Alta,Fechado,Login,Sprint 6,Juliana,46,Baixa,1,Produção,API,Sim
3089,2026-01-09,2026-01-11,Crítica,Fechado,Pagamento,Sprint 12,Rafael,69,Média,2,Produção,Frontend,Não
3090,2024-09-02,2024-09-03,Média,Aberto,Relatórios,Sprint 1,Juliana,26,Média,2,Homologação,Backend,Sim
3091,2025-02-09,2025-02-13,Crítica,Aberto,Relatórios,Sprint 6,Fernanda,118,Alta,3,Homologação,API,Sim
3092,2025-10-13,2025-10-14,Baixa,Aberto,API Clientes,Sprint 3,Fernanda,31,Alta,3,Homologação,Frontend,Não
3093,2025-03-19,2025-03-19,Média,Aberto,Dashboard,Sprint 6,Carlos,5,Alta,3,Produção,API,Sim
3094,2025-11-16,2025-11-17,Alta,Aberto,Login,Sprint 3,João,40,Baixa,1,Homologação,API,Sim
3095,2025-02-19,2025-02-23,Crítica,Fechado,Pagamento,Sprint 2,Rafael,106,Baixa,1,Produção,Frontend,Sim
3096,2024-11-15,2024-11-16,Alta,Aberto,Dashboard,Sprint 3,João,31,Alta,3,Homologação,Frontend,Não
3097,2024-10-21,2024-10-25,Média,Fechado,Mobile App,Sprint 7,Ana,105,Média,2,Homologação,Frontend,Sim
3098,2024-07-08,2024-07-10,Crítica,Aberto,Relatórios,Sprint 4,Marcos,68,Média,2,Homologação,Backend,Não
3099,2024-08-15,2024-08-16,Alta,Fechado,Login,Sprint 10,Rafael,44,Baixa,1,Produção,API,Sim
3100,2025-07-13,2025-07-14,Baixa,Fechado,Mobile App,Sprint 5,Fernanda,42,Baixa,1,Homologação,Backend,Sim
3101,2025-09-28,2025-10-01,Baixa,Fechado,Pagamento,Sprint 8,Ana,89,Média,2,Produção,Backend,Não
3102,2025-09-24,2025-09-25,Crítica,Fechado,API Clientes,Sprint 2,Rafael,26,Baixa,1,Produção,Frontend,Não
3103,2025-05-14,2025-05-18,Alta,Fechado,Mobile App,Sprint 12,Rafael,107,Média,2,Produção,Backend,Não
3104,2025-04-06,2025-04-10,Média,Fechado,Login,Sprint 9,Fernanda,114,Baixa,1,Produção,API,Não
3105,2025-09-22,2025-09-24,Baixa,Aberto,API Clientes,Sprint 10,Ana,51,Baixa,1,Produção,API,Não
3106,2025-08-19,2025-08-20,Média,Fechado,Login,Sprint 7,Juliana,31,Baixa,1,Homologação,Frontend,Não
3107,2026-04-30,2026-05-01,Alta,Aberto,Pagamento,Sprint 11,Juliana,43,Baixa,1,Homologação,Backend,Sim
3108,2025-03-02,2025-03-05,Média,Aberto,Dashboard,Sprint 4,Rafael,87,Baixa,1,Produção,Backend,Não
3109,2025-10-24,2025-10-28,Alta,Aberto,Login,Sprint 3,Fernanda,109,Baixa,1,Produção,Backend,Não
3110,2024-07-23,2024-07-24,Média,Aberto,Mobile App,Sprint 4,Carlos,47,Baixa,1,Produção,Backend,Sim
3111,2025-12-17,2025-12-19,Alta,Fechado,API Clientes,Sprint 8,Ana,61,Média,2,Produção,Frontend,Não
3112,2024-11-27,2024-11-28,Baixa,Fechado,Mobile App,Sprint 5,Ana,38,Alta,3,Produção,API,Sim
3113,2024-12-13,2024-12-16,Média,Fechado,Relatórios,Sprint 6,Ana,83,Média,2,Produção,Frontend,Sim
3114,2025-06-06,2025-06-09,Crítica,Fechado,Login,Sprint 11,Juliana,86,Alta,3,Produção,Backend,Sim
3115,2026-04-25,2026-04-27,Baixa,Fechado,Relatórios,Sprint 3,João,53,Baixa,1,Homologação,Frontend,Não
3116,2025-04-06,2025-04-07,Baixa,Fechado,Pagamento,Sprint 11,Marcos,28,Baixa,1,Produção,API,Sim
3117,2025-07-31,2025-08-03,Crítica,Aberto,Relatórios,Sprint 3,Ana,94,Alta,3,Produção,API,Sim
3118,2025-04-27,2025-04-29,Baixa,Fechado,API Clientes,Sprint 4,Juliana,51,Alta,3,Homologação,Backend,Não
3119,2024-12-25,2024-12-25,Alta,Aberto,Relatórios,Sprint 9,Juliana,15,Baixa,1,Homologação,Backend,Sim
3120,2024-11-04,2024-11-06,Alta,Fechado,Relatórios,Sprint 12,Marcos,57,Alta,3,Produção,Backend,Sim
3121,2025-05-30,2025-05-30,Alta,Fechado,Login,Sprint 1,Rafael,8,Média,2,Produção,Frontend,Sim
3122,2026-02-13,2026-02-17,Crítica,Aberto,Relatórios,Sprint 8,Marcos,100,Alta,3,Produção,Frontend,Não
3123,2025-11-08,2025-11-11,Baixa,Aberto,Relatórios,Sprint 6,Marcos,82,Média,2,Homologação,Backend,Não
3124,2024-08-25,2024-08-25,Baixa,Fechado,Login,Sprint 10,Rafael,7,Baixa,1,Produção,Backend,Não
3125,2024-08-03,2024-08-06,Crítica,Fechado,Dashboard,Sprint 11,Carlos,88,Alta,3,Produção,Frontend,Não
3126,2025-11-10,2025-11-12,Baixa,Aberto,Login,Sprint 4,Rafael,70,Alta,3,Produção,Backend,Sim
3127,2026-02-28,2026-02-28,Alta,Aberto,Pagamento,Sprint 4,Fernanda,10,Baixa,1,Homologação,Frontend,Sim
3128,2025-01-26,2025-01-28,Média,Aberto,Login,Sprint 2,Ana,70,Média,2,Produção,Backend,Sim
3129,2026-02-11,2026-02-11,Média,Aberto,Mobile App,Sprint 7,Marcos,23,Baixa,1,Produção,API,Não
3130,2024-12-24,2024-12-25,Baixa,Aberto,Relatórios,Sprint 10,Juliana,29,Média,2,Produção,API,Não
3131,2025-04-06,2025-04-07,Crítica,Aberto,API Clientes,Sprint 12,Marcos,32,Alta,3,Homologação,API,Não
3132,2025-11-01,2025-11-03,Média,Aberto,Login,Sprint 1,Fernanda,55,Média,2,Produção,Frontend,Não
3133,2025-09-07,2025-09-10,Baixa,Aberto,API Clientes,Sprint 1,João,90,Alta,3,Produção,Backend,Sim
3134,2025-12-02,2025-12-03,Alta,Aberto,Mobile App,Sprint 11,Marcos,35,Alta,3,Homologação,Frontend,Sim
3135,2024-06-28,2024-06-29,Baixa,Fechado,Login,Sprint 2,Rafael,28,Média,2,Produção,API,Não
3136,2024-08-16,2024-08-20,Alta,Fechado,Dashboard,Sprint 6,João,103,Alta,3,Homologação,Frontend,Não
3137,2024-10-19,2024-10-20,Crítica,Aberto,Relatórios,Sprint 3,João,45,Média,2,Homologação,Backend,Sim
3138,2024-08-09,2024-08-10,Crítica,Aberto,Mobile App,Sprint 11,Marcos,31,Média,2,Homologação,Frontend,Não
3139,2025-02-22,2025-02-23,Alta,Fechado,Login,Sprint 3,Juliana,31,Alta,3,Homologação,Backend,Não
3140,2024-07-15,2024-07-17,Baixa,Fechado,Dashboard,Sprint 8,Ana,70,Baixa,1,Homologação,Frontend,Sim
3141,2025-06-24,2025-06-26,Crítica,Fechado,Login,Sprint 3,Juliana,70,Alta,3,Produção,Frontend,Não
3142,2025-07-26,2025-07-29,Baixa,Fechado,Dashboard,Sprint 7,João,86,Média,2,Produção,Backend,Não
3143,2024-11-12,2024-11-13,Média,Aberto,Dashboard,Sprint 11,Carlos,27,Alta,3,Produção,Backend,Não
3144,2025-12-17,2025-12-21,Alta,Aberto,Mobile App,Sprint 11,Carlos,100,Baixa,1,Homologação,Frontend,Não
3145,2024-11-25,2024-11-27,Baixa,Fechado,Relatórios,Sprint 12,João,66,Baixa,1,Produção,Backend,Não
3146,2024-07-22,2024-07-24,Alta,Fechado,Dashboard,Sprint 7,Marcos,62,Baixa,1,Homologação,API,Não
3147,2025-12-19,2025-12-23,Média,Fechado,Relatórios,Sprint 9,Rafael,119,Baixa,1,Produção,Frontend,Sim
3148,2025-11-07,2025-11-08,Média,Fechado,Mobile App,Sprint 10,Juliana,36,Alta,3,Produção,Backend,Sim
3149,2024-08-15,2024-08-18,Alta,Aberto,Mobile App,Sprint 3,Rafael,89,Baixa,1,Produção,API,Sim
3150,2025-07-13,2025-07-15,Crítica,Fechado,Relatórios,Sprint 4,Fernanda,62,Baixa,1,Produção,Frontend,Não
3151,2025-10-31,2025-10-31,Média,Aberto,Login,Sprint 9,João,7,Média,2,Produção,Frontend,Sim
3152,2024-08-08,2024-08-09,Baixa,Aberto,Login,Sprint 2,Marcos,36,Média,2,Produção,Backend,Não
3153,2025-10-04,2025-10-07,Crítica,Fechado,Mobile App,Sprint 8,Marcos,84,Baixa,1,Homologação,API,Não
3154,2026-04-13,2026-04-17,Crítica,Aberto,Dashboard,Sprint 3,Rafael,115,Média,2,Produção,Frontend,Não
3155,2026-04-05,2026-04-05,Alta,Fechado,Dashboard,Sprint 7,Fernanda,16,Baixa,1,Produção,API,Sim
3156,2026-04-03,2026-04-07,Crítica,Aberto,API Clientes,Sprint 4,Juliana,115,Baixa,1,Homologação,Backend,Sim
3157,2025-07-15,2025-07-15,Média,Aberto,Pagamento,Sprint 10,João,13,Média,2,Homologação,Backend,Não
3158,2025-11-14,2025-11-18,Crítica,Aberto,API Clientes,Sprint 10,Fernanda,105,Baixa,1,Homologação,Frontend,Não
3159,2024-07-31,2024-08-04,Baixa,Aberto,Relatórios,Sprint 4,Marcos,117,Alta,3,Produção,Backend,Sim
3160,2024-11-06,2024-11-09,Baixa,Aberto,Mobile App,Sprint 1,João,90,Baixa,1,Produção,Backend,Não
3161,2025-04-24,2025-04-25,Média,Aberto,API Clientes,Sprint 4,Rafael,45,Baixa,1,Produção,Backend,Sim
3162,2024-09-20,2024-09-24,Baixa,Fechado,Relatórios,Sprint 9,Fernanda,103,Baixa,1,Homologação,API,Sim
3163,2025-10-06,2025-10-10,Alta,Aberto,Pagamento,Sprint 8,Juliana,97,Baixa,1,Produção,API,Não
3164,2025-08-27,2025-08-31,Alta,Fechado,Relatórios,Sprint 4,Fernanda,96,Média,2,Homologação,Frontend,Sim
3165,2024-12-23,2024-12-23,Alta,Aberto,Relatórios,Sprint 11,Ana,20,Média,2,Produção,Backend,Não
3166,2025-08-02,2025-08-02,Alta,Aberto,Relatórios,Sprint 12,Juliana,14,Média,2,Produção,Backend,Sim
3167,2025-02-04,2025-02-07,Alta,Fechado,API Clientes,Sprint 3,Carlos,81,Alta,3,Produção,API,Sim
3168,2025-01-02,2025-01-04,Baixa,Fechado,Pagamento,Sprint 10,Marcos,52,Baixa,1,Homologação,Backend,Não
3169,2024-06-27,2024-06-27,Alta,Fechado,Pagamento,Sprint 2,Fernanda,13,Baixa,1,Homologação,Frontend,Sim
3170,2024-06-25,2024-06-28,Baixa,Fechado,Relatórios,Sprint 7,Marcos,78,Baixa,1,Homologação,API,Sim
3171,2026-04-02,2026-04-05,Crítica,Fechado,Dashboard,Sprint 10,Marcos,84,Alta,3,Homologação,Frontend,Não
3172,2025-10-10,2025-10-14,Baixa,Aberto,Mobile App,Sprint 2,João,118,Alta,3,Homologação,API,Sim
3173,2025-04-04,2025-04-05,Baixa,Fechado,API Clientes,Sprint 9,Carlos,43,Alta,3,Produção,Frontend,Sim
3174,2026-04-04,2026-04-07,Média,Fechado,API Clientes,Sprint 1,João,80,Média,2,Produção,Frontend,Não
3175,2024-12-08,2024-12-11,Alta,Aberto,Mobile App,Sprint 3,Fernanda,85,Baixa,1,Produção,API,Sim
3176,2024-05-15,2024-05-18,Alta,Aberto,Mobile App,Sprint 10,Marcos,83,Baixa,1,Produção,Frontend,Não
3177,2025-06-30,2025-07-03,Média,Aberto,API Clientes,Sprint 6,Fernanda,87,Baixa,1,Produção,Frontend,Sim
3178,2024-10-19,2024-10-22,Alta,Fechado,Pagamento,Sprint 5,Rafael,84,Média,2,Homologação,Frontend,Sim
3179,2025-05-03,2025-05-03,Alta,Aberto,Dashboard,Sprint 1,Juliana,21,Alta,3,Homologação,Backend,Não
3180,2024-10-23,2024-10-24,Baixa,Aberto,Mobile App,Sprint 12,Marcos,45,Alta,3,Homologação,API,Sim
3181,2025-11-01,2025-11-02,Alta,Aberto,Relatórios,Sprint 10,Fernanda,44,Média,2,Produção,Backend,Não
3182,2025-07-11,2025-07-12,Baixa,Aberto,API Clientes,Sprint 1,Fernanda,45,Baixa,1,Homologação,API,Sim
3183,2024-11-16,2024-11-17,Baixa,Aberto,Relatórios,Sprint 3,João,39,Média,2,Produção,API,Sim
3184,2024-09-14,2024-09-14,Média,Fechado,API Clientes,Sprint 6,Marcos,4,Alta,3,Homologação,Frontend,Sim
3185,2025-02-18,2025-02-18,Média,Aberto,API Clientes,Sprint 7,Juliana,5,Alta,3,Homologação,Backend,Não
3186,2024-12-06,2024-12-09,Média,Fechado,Pagamento,Sprint 4,Marcos,77,Baixa,1,Homologação,Frontend,Não
3187,2025-02-14,2025-02-14,Média,Aberto,Relatórios,Sprint 4,Rafael,12,Baixa,1,Homologação,Frontend,Não
3188,2026-04-27,2026-04-30,Média,Fechado,Login,Sprint 7,João,84,Alta,3,Produção,API,Sim
3189,2026-02-24,2026-02-25,Média,Aberto,Dashboard,Sprint 11,Marcos,35,Média,2,Produção,Frontend,Não
3190,2024-08-28,2024-08-29,Alta,Aberto,Mobile App,Sprint 9,João,27,Média,2,Homologação,API,Não
3191,2025-01-11,2025-01-14,Crítica,Fechado,Dashboard,Sprint 3,Fernanda,94,Baixa,1,Produção,API,Sim
3192,2024-12-08,2024-12-10,Média,Fechado,Dashboard,Sprint 1,João,50,Alta,3,Homologação,Frontend,Não
3193,2025-11-05,2025-11-09,Alta,Aberto,Relatórios,Sprint 11,Marcos,106,Baixa,1,Homologação,API,Não
3194,2024-05-16,2024-05-20,Baixa,Aberto,Relatórios,Sprint 7,Rafael,113,Média,2,Homologação,Backend,Não
3195,2025-08-26,2025-08-27,Baixa,Fechado,API Clientes,Sprint 6,Carlos,27,Média,2,Homologação,Backend,Sim
3196,2025-05-27,2025-05-31,Média,Aberto,Login,Sprint 10,Rafael,103,Alta,3,Homologação,Backend,Sim
3197,2024-11-04,2024-11-06,Crítica,Aberto,Dashboard,Sprint 5,Juliana,71,Alta,3,Homologação,API,Não
3198,2024-07-08,2024-07-10,Crítica,Fechado,Relatórios,Sprint 9,Marcos,67,Média,2,Homologação,Backend,Sim
3199,2025-05-02,2025-05-04,Baixa,Fechado,Mobile App,Sprint 11,Carlos,53,Alta,3,Homologação,API,Sim
3200,2025-12-09,2025-12-09,Crítica,Aberto,Login,Sprint 1,Rafael,11,Média,2,Produção,API,Não
3201,2025-06-08,2025-06-12,Crítica,Aberto,Dashboard,Sprint 7,João,102,Alta,3,Homologação,Backend,Não
3202,2026-01-08,2026-01-11,Baixa,Fechado,Login,Sprint 9,Juliana,94,Média,2,Homologação,Frontend,Sim
3203,2025-09-21,2025-09-23,Alta,Fechado,Relatórios,Sprint 12,Juliana,50,Média,2,Produção,Frontend,Não
3204,2025-04-24,2025-04-27,Alta,Fechado,Relatórios,Sprint 9,Fernanda,89,Baixa,1,Produção,Backend,Não
3205,2026-04-09,2026-04-13,Alta,Fechado,API Clientes,Sprint 12,Marcos,98,Baixa,1,Produção,Backend,Não
3206,2026-02-07,2026-02-08,Média,Fechado,Pagamento,Sprint 9,João,40,Baixa,1,Produção,Backend,Sim
3207,2025-11-19,2025-11-23,Crítica,Aberto,Dashboard,Sprint 1,Rafael,116,Média,2,Produção,Backend,Sim
3208,2024-06-21,2024-06-25,Média,Fechado,Mobile App,Sprint 8,João,111,Alta,3,Produção,Backend,Não
3209,2025-11-04,2025-11-06,Crítica,Aberto,Relatórios,Sprint 11,Fernanda,66,Baixa,1,Produção,API,Não
3210,2025-03-08,2025-03-12,Baixa,Fechado,Pagamento,Sprint 6,Marcos,111,Alta,3,Homologação,Frontend,Sim
3211,2025-11-06,2025-11-09,Baixa,Aberto,Pagamento,Sprint 8,Marcos,93,Baixa,1,Homologação,API,Não
3212,2025-05-06,2025-05-06,Média,Aberto,Dashboard,Sprint 11,Marcos,11,Alta,3,Homologação,Frontend,Não
3213,2024-07-25,2024-07-27,Crítica,Fechado,Login,Sprint 4,João,59,Média,2,Homologação,Backend,Sim
3214,2025-04-05,2025-04-05,Crítica,Aberto,Dashboard,Sprint 5,Juliana,7,Baixa,1,Homologação,Frontend,Não
3215,2024-08-23,2024-08-25,Crítica,Aberto,Pagamento,Sprint 2,Marcos,52,Alta,3,Produção,API,Sim
3216,2024-07-13,2024-07-14,Alta,Fechado,Mobile App,Sprint 7,Carlos,26,Baixa,1,Homologação,API,Sim
3217,2024-05-27,2024-05-29,Baixa,Fechado,Dashboard,Sprint 5,Rafael,58,Baixa,1,Homologação,Backend,Não
3218,2025-11-09,2025-11-13,Média,Fechado,Pagamento,Sprint 7,Ana,114,Média,2,Homologação,Backend,Não
3219,2025-08-06,2025-08-09,Crítica,Fechado,Dashboard,Sprint 8,Rafael,90,Baixa,1,Homologação,API,Não
3220,2024-09-12,2024-09-15,Média,Fechado,Relatórios,Sprint 12,Fernanda,88,Média,2,Produção,API,Não
3221,2025-02-24,2025-02-28,Crítica,Fechado,Dashboard,Sprint 1,Rafael,109,Baixa,1,Produção,Backend,Não
3222,2025-08-20,2025-08-22,Crítica,Fechado,Login,Sprint 5,Rafael,60,Média,2,Produção,Frontend,Não
3223,2026-05-04,2026-05-06,Alta,Aberto,Dashboard,Sprint 10,João,54,Média,2,Homologação,Frontend,Não
3224,2025-05-19,2025-05-19,Alta,Fechado,Pagamento,Sprint 11,Rafael,12,Baixa,1,Produção,Frontend,Sim
3225,2024-10-04,2024-10-08,Baixa,Fechado,Mobile App,Sprint 1,Rafael,101,Baixa,1,Homologação,Backend,Não
3226,2025-08-05,2025-08-06,Média,Aberto,Mobile App,Sprint 5,Juliana,46,Alta,3,Homologação,Backend,Sim
3227,2025-02-20,2025-02-22,Crítica,Fechado,Pagamento,Sprint 6,Ana,68,Média,2,Produção,API,Sim
3228,2025-08-17,2025-08-19,Baixa,Aberto,Login,Sprint 5,João,53,Média,2,Produção,API,Sim
3229,2025-04-04,2025-04-04,Média,Fechado,Relatórios,Sprint 11,Fernanda,9,Baixa,1,Homologação,Frontend,Sim
3230,2025-01-12,2025-01-15,Crítica,Fechado,Login,Sprint 2,Marcos,77,Alta,3,Produção,API,Não
3231,2024-11-18,2024-11-20,Crítica,Fechado,API Clientes,Sprint 7,Carlos,65,Baixa,1,Homologação,API,Não
3232,2025-08-18,2025-08-20,Crítica,Aberto,Relatórios,Sprint 11,Rafael,61,Média,2,Homologação,API,Não
3233,2024-06-02,2024-06-05,Alta,Fechado,Mobile App,Sprint 10,João,86,Baixa,1,Homologação,API,Não
3234,2026-01-09,2026-01-11,Baixa,Fechado,Mobile App,Sprint 3,Fernanda,71,Baixa,1,Homologação,Backend,Não
3235,2026-03-22,2026-03-22,Baixa,Fechado,Mobile App,Sprint 3,Juliana,3,Alta,3,Produção,API,Sim
3236,2025-08-08,2025-08-08,Média,Aberto,API Clientes,Sprint 7,Fernanda,1,Alta,3,Produção,Backend,Não
3237,2026-05-06,2026-05-10,Média,Fechado,Pagamento,Sprint 3,Carlos,108,Média,2,Homologação,Frontend,Não
3238,2025-05-09,2025-05-09,Baixa,Fechado,API Clientes,Sprint 1,Fernanda,9,Baixa,1,Homologação,Backend,Não
3239,2025-07-09,2025-07-13,Média,Aberto,Dashboard,Sprint 8,Juliana,112,Baixa,1,Homologação,Frontend,Não
3240,2026-02-05,2026-02-07,Alta,Aberto,Login,Sprint 4,Fernanda,59,Média,2,Homologação,Backend,Sim
3241,2024-08-20,2024-08-20,Média,Aberto,Relatórios,Sprint 8,Juliana,3,Alta,3,Produção,Backend,Sim
3242,2025-08-02,2025-08-04,Crítica,Fechado,Dashboard,Sprint 8,João,69,Alta,3,Homologação,Frontend,Sim
3243,2026-02-01,2026-02-01,Alta,Aberto,Relatórios,Sprint 11,Ana,12,Baixa,1,Produção,Frontend,Não
3244,2024-08-10,2024-08-12,Média,Fechado,API Clientes,Sprint 6,Marcos,66,Média,2,Produção,Backend,Sim
3245,2026-03-26,2026-03-29,Alta,Aberto,Mobile App,Sprint 2,João,80,Alta,3,Homologação,Backend,Sim
3246,2024-12-26,2024-12-30,Alta,Aberto,Pagamento,Sprint 9,João,104,Alta,3,Homologação,Backend,Sim
3247,2024-09-18,2024-09-20,Alta,Aberto,Pagamento,Sprint 9,Ana,49,Média,2,Produção,API,Sim
3248,2026-03-01,2026-03-02,Baixa,Aberto,Mobile App,Sprint 1,Ana,40,Alta,3,Produção,Backend,Não
3249,2025-06-01,2025-06-02,Média,Aberto,Dashboard,Sprint 3,Carlos,25,Média,2,Homologação,API,Não
3250,2025-10-21,2025-10-25,Baixa,Aberto,Pagamento,Sprint 2,Marcos,96,Baixa,1,Homologação,Frontend,Não
3251,2025-07-06,2025-07-10,Alta,Aberto,Login,Sprint 5,Juliana,116,Baixa,1,Homologação,Frontend,Sim
3252,2025-07-08,2025-07-09,Alta,Fechado,Dashboard,Sprint 4,Rafael,32,Baixa,1,Produção,Frontend,Não
3253,2025-04-18,2025-04-19,Média,Aberto,Dashboard,Sprint 5,Carlos,29,Baixa,1,Homologação,Backend,Sim
3254,2024-06-10,2024-06-13,Baixa,Aberto,Relatórios,Sprint 12,João,86,Alta,3,Homologação,API,Não
3255,2025-06-28,2025-07-01,Alta,Fechado,API Clientes,Sprint 12,Rafael,85,Média,2,Homologação,Frontend,Não
3256,2025-08-30,2025-08-31,Baixa,Aberto,Relatórios,Sprint 10,Carlos,42,Média,2,Produção,Backend,Não
3257,2026-04-02,2026-04-03,Baixa,Fechado,Dashboard,Sprint 11,Carlos,44,Baixa,1,Produção,Frontend,Não
3258,2026-04-04,2026-04-04,Crítica,Fechado,Mobile App,Sprint 10,Carlos,14,Alta,3,Produção,Frontend,Sim
3259,2024-10-05,2024-10-05,Alta,Aberto,Mobile App,Sprint 2,João,21,Alta,3,Produção,Backend,Sim
3260,2025-07-14,2025-07-14,Baixa,Fechado,Dashboard,Sprint 11,João,20,Alta,3,Produção,API,Não
3261,2026-04-03,2026-04-07,Crítica,Aberto,Login,Sprint 9,Ana,107,Alta,3,Homologação,Backend,Sim
3262,2024-05-18,2024-05-22,Baixa,Fechado,Relatórios,Sprint 4,Ana,96,Baixa,1,Homologação,Backend,Sim
3263,2025-10-19,2025-10-23,Crítica,Aberto,Mobile App,Sprint 4,Ana,98,Baixa,1,Produção,Frontend,Sim
3264,2024-05-18,2024-05-21,Crítica,Fechado,Relatórios,Sprint 6,Marcos,83,Alta,3,Homologação,API,Sim
3265,2026-05-02,2026-05-03,Crítica,Aberto,Pagamento,Sprint 10,Fernanda,33,Baixa,1,Produção,Backend,Não
3266,2024-10-08,2024-10-09,Baixa,Fechado,Mobile App,Sprint 9,Rafael,24,Alta,3,Produção,API,Sim
3267,2025-08-12,2025-08-16,Crítica,Aberto,API Clientes,Sprint 1,Fernanda,117,Alta,3,Produção,Frontend,Sim
3268,2025-01-02,2025-01-03,Crítica,Fechado,Dashboard,Sprint 8,Fernanda,34,Baixa,1,Homologação,Backend,Não
3269,2025-11-28,2025-11-28,Baixa,Fechado,Login,Sprint 11,Marcos,6,Alta,3,Homologação,Backend,Não
3270,2025-12-17,2025-12-20,Média,Aberto,Login,Sprint 7,Fernanda,89,Média,2,Homologação,Backend,Sim
3271,2025-11-08,2025-11-09,Crítica,Fechado,Mobile App,Sprint 7,Fernanda,29,Alta,3,Homologação,API,Sim
3272,2024-09-13,2024-09-13,Crítica,Aberto,API Clientes,Sprint 11,Ana,10,Baixa,1,Produção,API,Sim
3273,2024-10-13,2024-10-17,Baixa,Aberto,Relatórios,Sprint 7,Carlos,114,Baixa,1,Homologação,Backend,Não
3274,2024-10-26,2024-10-29,Baixa,Aberto,Pagamento,Sprint 9,Carlos,86,Média,2,Produção,Backend,Sim
3275,2025-02-24,2025-02-28,Alta,Fechado,Mobile App,Sprint 4,Marcos,98,Alta,3,Produção,API,Não
3276,2025-10-24,2025-10-25,Baixa,Fechado,API Clientes,Sprint 10,Juliana,40,Baixa,1,Produção,Backend,Sim
3277,2024-09-13,2024-09-14,Média,Aberto,Relatórios,Sprint 6,Carlos,40,Média,2,Homologação,Backend,Sim
3278,2025-03-29,2025-04-01,Alta,Aberto,Pagamento,Sprint 11,Juliana,82,Baixa,1,Homologação,Backend,Sim
3279,2024-06-22,2024-06-26,Alta,Fechado,Mobile App,Sprint 9,Juliana,104,Alta,3,Homologação,Backend,Não
3280,2025-11-16,2025-11-19,Média,Aberto,Dashboard,Sprint 11,Juliana,89,Alta,3,Produção,Frontend,Sim
3281,2025-04-28,2025-05-01,Baixa,Aberto,Relatórios,Sprint 4,Ana,92,Alta,3,Produção,Backend,Sim
3282,2026-01-26,2026-01-26,Alta,Fechado,Relatórios,Sprint 12,Fernanda,6,Média,2,Homologação,Backend,Não
3283,2024-10-12,2024-10-15,Baixa,Fechado,Dashboard,Sprint 6,Rafael,82,Média,2,Produção,Backend,Não
3284,2024-09-28,2024-10-01,Alta,Fechado,Dashboard,Sprint 3,Carlos,94,Média,2,Produção,Backend,Sim
3285,2024-08-16,2024-08-16,Alta,Fechado,Mobile App,Sprint 12,Fernanda,11,Média,2,Produção,API,Não
3286,2026-01-17,2026-01-18,Crítica,Fechado,Login,Sprint 11,Carlos,36,Alta,3,Homologação,API,Não
3287,2026-03-05,2026-03-08,Crítica,Fechado,Dashboard,Sprint 2,Rafael,88,Baixa,1,Produção,API,Não
3288,2025-02-19,2025-02-21,Alta,Aberto,Dashboard,Sprint 10,João,55,Média,2,Homologação,Backend,Sim
3289,2025-06-14,2025-06-18,Crítica,Fechado,Login,Sprint 10,João,99,Média,2,Homologação,API,Não
3290,2026-04-17,2026-04-18,Baixa,Aberto,Relatórios,Sprint 4,Fernanda,31,Alta,3,Produção,Frontend,Sim
3291,2025-12-29,2025-12-31,Baixa,Aberto,Mobile App,Sprint 6,Marcos,51,Baixa,1,Homologação,API,Sim
3292,2025-08-11,2025-08-11,Média,Aberto,Relatórios,Sprint 5,Rafael,23,Média,2,Produção,Backend,Sim
3293,2025-10-30,2025-11-01,Crítica,Aberto,Relatórios,Sprint 11,Marcos,62,Média,2,Homologação,Backend,Sim
3294,2026-04-17,2026-04-17,Baixa,Fechado,Login,Sprint 4,Ana,11,Alta,3,Homologação,API,Sim
3295,2024-06-30,2024-06-30,Média,Fechado,Mobile App,Sprint 4,Fernanda,10,Média,2,Homologação,Backend,Não
3296,2025-03-08,2025-03-08,Alta,Fechado,Dashboard,Sprint 7,Carlos,14,Média,2,Homologação,Frontend,Sim
3297,2026-03-12,2026-03-16,Baixa,Fechado,API Clientes,Sprint 5,Juliana,115,Média,2,Homologação,API,Sim
3298,2024-10-25,2024-10-27,Baixa,Fechado,Mobile App,Sprint 4,João,64,Baixa,1,Homologação,API,Sim
3299,2025-02-22,2025-02-22,Média,Fechado,API Clientes,Sprint 8,Juliana,14,Alta,3,Produção,API,Não
3300,2025-01-28,2025-01-31,Média,Aberto,Dashboard,Sprint 6,Juliana,95,Baixa,1,Produção,API,Sim
3301,2024-08-22,2024-08-26,Crítica,Fechado,Dashboard,Sprint 6,Marcos,111,Baixa,1,Produção,Frontend,Sim
3302,2025-06-27,2025-06-29,Crítica,Fechado,Pagamento,Sprint 10,Fernanda,50,Baixa,1,Homologação,Backend,Não
3303,2025-03-17,2025-03-18,Crítica,Aberto,API Clientes,Sprint 9,Marcos,37,Alta,3,Produção,Backend,Não
3304,2025-11-17,2025-11-17,Baixa,Aberto,API Clientes,Sprint 8,Fernanda,11,Alta,3,Homologação,Frontend,Sim
3305,2025-05-09,2025-05-12,Alta,Fechado,Login,Sprint 5,Marcos,74,Alta,3,Produção,Backend,Sim
3306,2025-03-28,2025-03-31,Crítica,Fechado,Relatórios,Sprint 9,Ana,87,Baixa,1,Produção,API,Não
3307,2025-07-03,2025-07-06,Crítica,Fechado,API Clientes,Sprint 8,João,85,Alta,3,Homologação,Backend,Não
3308,2025-06-16,2025-06-19,Crítica,Aberto,Dashboard,Sprint 6,Fernanda,75,Baixa,1,Homologação,API,Sim
3309,2024-10-10,2024-10-13,Média,Fechado,Relatórios,Sprint 8,Juliana,82,Média,2,Homologação,Frontend,Não
3310,2025-12-12,2025-12-16,Média,Aberto,Mobile App,Sprint 1,Rafael,111,Média,2,Homologação,API,Sim
3311,2024-06-07,2024-06-09,Média,Fechado,Login,Sprint 6,Ana,63,Média,2,Homologação,API,Não
3312,2025-04-07,2025-04-09,Baixa,Aberto,Login,Sprint 2,Fernanda,60,Baixa,1,Homologação,Backend,Não
3313,2025-09-25,2025-09-29,Alta,Fechado,Pagamento,Sprint 11,Carlos,110,Baixa,1,Homologação,API,Não
3314,2025-01-01,2025-01-01,Alta,Fechado,API Clientes,Sprint 9,Fernanda,18,Baixa,1,Homologação,Backend,Sim
3315,2024-12-22,2024-12-23,Alta,Fechado,Dashboard,Sprint 2,João,29,Média,2,Homologação,API,Não
3316,2025-09-21,2025-09-23,Alta,Aberto,Pagamento,Sprint 3,Marcos,60,Baixa,1,Homologação,Backend,Não
3317,2025-09-03,2025-09-05,Alta,Fechado,Mobile App,Sprint 10,Fernanda,71,Baixa,1,Homologação,Backend,Sim
3318,2025-11-25,2025-11-28,Crítica,Aberto,Pagamento,Sprint 9,Rafael,84,Média,2,Homologação,API,Sim
3319,2025-10-22,2025-10-26,Crítica,Aberto,Pagamento,Sprint 4,Juliana,100,Baixa,1,Homologação,Backend,Sim
3320,2024-08-08,2024-08-09,Crítica,Aberto,Dashboard,Sprint 7,Rafael,39,Baixa,1,Homologação,API,Sim
3321,2025-05-10,2025-05-11,Crítica,Fechado,Mobile App,Sprint 12,Ana,33,Alta,3,Homologação,Frontend,Não
3322,2024-11-06,2024-11-09,Alta,Aberto,Relatórios,Sprint 12,Ana,92,Média,2,Homologação,Backend,Não
3323,2026-03-25,2026-03-28,Baixa,Aberto,API Clientes,Sprint 1,Ana,92,Média,2,Homologação,Frontend,Sim
3324,2024-09-21,2024-09-21,Alta,Aberto,Mobile App,Sprint 1,Rafael,10,Média,2,Produção,Backend,Sim
3325,2024-08-17,2024-08-19,Alta,Aberto,API Clientes,Sprint 9,João,50,Média,2,Produção,API,Não
3326,2025-05-30,2025-05-31,Baixa,Fechado,Mobile App,Sprint 3,Carlos,41,Alta,3,Homologação,API,Sim
3327,2025-03-04,2025-03-07,Crítica,Fechado,API Clientes,Sprint 11,Ana,86,Alta,3,Homologação,Frontend,Não
3328,2024-07-29,2024-07-31,Alta,Fechado,Mobile App,Sprint 9,Marcos,63,Baixa,1,Homologação,Frontend,Não
3329,2025-12-31,2025-12-31,Média,Aberto,Relatórios,Sprint 9,Ana,8,Média,2,Homologação,Frontend,Sim
3330,2024-09-12,2024-09-13,Baixa,Aberto,Relatórios,Sprint 1,Carlos,30,Média,2,Homologação,Frontend,Sim
3331,2024-08-05,2024-08-08,Alta,Aberto,API Clientes,Sprint 11,Fernanda,78,Média,2,Produção,Backend,Não
3332,2024-09-12,2024-09-16,Média,Fechado,API Clientes,Sprint 12,Rafael,109,Alta,3,Homologação,Backend,Sim
3333,2025-01-15,2025-01-18,Baixa,Aberto,Mobile App,Sprint 11,Carlos,89,Média,2,Produção,Backend,Sim
3334,2024-10-20,2024-10-24,Crítica,Fechado,Relatórios,Sprint 3,João,103,Média,2,Produção,API,Sim
3335,2024-08-04,2024-08-08,Média,Fechado,Pagamento,Sprint 12,João,109,Média,2,Homologação,API,Sim
3336,2024-12-29,2024-12-29,Crítica,Fechado,Relatórios,Sprint 2,Carlos,19,Alta,3,Produção,API,Sim
3337,2024-06-21,2024-06-22,Baixa,Fechado,Mobile App,Sprint 11,Ana,26,Baixa,1,Homologação,Frontend,Não
3338,2024-10-15,2024-10-15,Crítica,Aberto,Dashboard,Sprint 10,Rafael,11,Baixa,1,Homologação,Backend,Não
3339,2025-12-29,2025-12-31,Alta,Fechado,Dashboard,Sprint 12,Ana,58,Média,2,Produção,Backend,Não
3340,2026-03-24,2026-03-25,Baixa,Aberto,Relatórios,Sprint 2,Rafael,36,Média,2,Homologação,Frontend,Sim
3341,2024-06-24,2024-06-26,Média,Aberto,Mobile App,Sprint 6,Ana,49,Média,2,Produção,Frontend,Sim
3342,2025-07-06,2025-07-09,Média,Fechado,Mobile App,Sprint 7,Marcos,89,Alta,3,Homologação,Frontend,Não
3343,2024-05-17,2024-05-21,Baixa,Fechado,API Clientes,Sprint 11,Ana,111,Média,2,Produção,Frontend,Sim
3344,2025-04-28,2025-04-29,Média,Aberto,Pagamento,Sprint 6,Fernanda,34,Alta,3,Produção,Frontend,Sim
3345,2025-04-11,2025-04-12,Média,Aberto,API Clientes,Sprint 1,Ana,24,Média,2,Produção,API,Não
3346,2024-08-30,2024-09-03,Alta,Fechado,API Clientes,Sprint 1,Juliana,113,Média,2,Produção,Backend,Não
3347,2025-04-18,2025-04-20,Média,Fechado,API Clientes,Sprint 3,Juliana,56,Baixa,1,Homologação,Frontend,Não
3348,2025-08-01,2025-08-03,Crítica,Aberto,Mobile App,Sprint 7,Ana,54,Alta,3,Produção,Backend,Sim
3349,2025-05-07,2025-05-07,Crítica,Aberto,Mobile App,Sprint 5,Carlos,6,Média,2,Homologação,API,Sim
3350,2025-07-06,2025-07-06,Média,Fechado,Dashboard,Sprint 11,Fernanda,6,Baixa,1,Homologação,Backend,Não
3351,2026-03-04,2026-03-06,Baixa,Aberto,API Clientes,Sprint 1,Fernanda,60,Média,2,Produção,API,Sim
3352,2025-09-26,2025-09-28,Baixa,Fechado,Mobile App,Sprint 1,Ana,50,Média,2,Homologação,Frontend,Não
3353,2025-04-14,2025-04-18,Baixa,Fechado,Mobile App,Sprint 1,Carlos,105,Alta,3,Produção,API,Não
3354,2025-04-22,2025-04-25,Baixa,Aberto,API Clientes,Sprint 9,Ana,72,Alta,3,Homologação,Backend,Sim
3355,2026-01-10,2026-01-12,Média,Aberto,Dashboard,Sprint 4,Carlos,60,Média,2,Produção,API,Não
3356,2024-07-11,2024-07-14,Alta,Aberto,API Clientes,Sprint 1,Ana,94,Baixa,1,Produção,Frontend,Não
3357,2026-05-02,2026-05-05,Baixa,Fechado,Dashboard,Sprint 5,Marcos,74,Alta,3,Produção,Frontend,Sim
3358,2024-09-02,2024-09-03,Média,Fechado,Pagamento,Sprint 11,Rafael,26,Média,2,Produção,Frontend,Não
3359,2025-04-09,2025-04-10,Média,Fechado,Login,Sprint 8,Fernanda,47,Média,2,Homologação,Backend,Não
3360,2025-12-26,2025-12-29,Alta,Aberto,Login,Sprint 3,Juliana,74,Baixa,1,Produção,Backend,Sim
3361,2024-07-01,2024-07-05,Média,Aberto,Pagamento,Sprint 2,Marcos,117,Baixa,1,Homologação,Backend,Não
3362,2025-03-07,2025-03-10,Baixa,Aberto,Dashboard,Sprint 10,João,73,Alta,3,Produção,Backend,Não
3363,2024-12-11,2024-12-11,Baixa,Aberto,Login,Sprint 6,João,11,Média,2,Homologação,Frontend,Não
3364,2025-10-05,2025-10-05,Alta,Fechado,Login,Sprint 6,Carlos,10,Baixa,1,Homologação,Backend,Sim
3365,2025-03-22,2025-03-26,Alta,Aberto,Pagamento,Sprint 8,João,98,Alta,3,Homologação,Frontend,Não
3366,2025-11-26,2025-11-30,Crítica,Fechado,Mobile App,Sprint 7,Rafael,98,Média,2,Produção,Frontend,Não
3367,2025-01-04,2025-01-05,Alta,Fechado,Mobile App,Sprint 12,Marcos,36,Baixa,1,Homologação,API,Sim
3368,2025-10-05,2025-10-09,Crítica,Aberto,Login,Sprint 4,Ana,108,Baixa,1,Produção,Backend,Não
3369,2025-11-20,2025-11-24,Crítica,Fechado,API Clientes,Sprint 5,Rafael,96,Alta,3,Homologação,Frontend,Sim
3370,2026-03-27,2026-03-28,Alta,Aberto,Relatórios,Sprint 5,Juliana,39,Alta,3,Homologação,API,Sim
3371,2026-04-22,2026-04-26,Baixa,Fechado,API Clientes,Sprint 1,Rafael,108,Baixa,1,Homologação,Backend,Sim
3372,2026-03-14,2026-03-16,Crítica,Fechado,Relatórios,Sprint 12,Fernanda,62,Baixa,1,Homologação,Backend,Sim
3373,2025-09-09,2025-09-09,Baixa,Fechado,Relatórios,Sprint 8,João,14,Baixa,1,Homologação,Backend,Não
3374,2024-06-10,2024-06-11,Alta,Fechado,Dashboard,Sprint 8,Ana,38,Alta,3,Homologação,Frontend,Sim
3375,2025-10-28,2025-10-30,Média,Fechado,Relatórios,Sprint 6,Fernanda,50,Alta,3,Produção,Frontend,Sim
3376,2024-08-01,2024-08-04,Alta,Fechado,Relatórios,Sprint 6,Juliana,78,Alta,3,Homologação,Frontend,Não
3377,2024-07-11,2024-07-13,Média,Fechado,Login,Sprint 4,Marcos,49,Alta,3,Produção,Backend,Não
3378,2025-03-26,2025-03-26,Crítica,Fechado,API Clientes,Sprint 8,Marcos,5,Alta,3,Homologação,Backend,Sim
3379,2025-05-10,2025-05-14,Média,Fechado,Pagamento,Sprint 7,Ana,97,Alta,3,Homologação,Backend,Sim
3380,2024-12-17,2024-12-21,Crítica,Aberto,Mobile App,Sprint 2,Carlos,113,Alta,3,Homologação,Frontend,Não
3381,2026-05-02,2026-05-02,Crítica,Aberto,Pagamento,Sprint 11,Rafael,16,Baixa,1,Produção,Backend,Sim
3382,2026-05-06,2026-05-07,Média,Aberto,Pagamento,Sprint 11,Rafael,37,Baixa,1,Produção,Frontend,Sim
3383,2024-10-24,2024-10-25,Média,Fechado,Dashboard,Sprint 7,Carlos,28,Alta,3,Homologação,API,Sim
3384,2025-04-07,2025-04-11,Alta,Aberto,Mobile App,Sprint 1,João,107,Média,2,Homologação,API,Sim
3385,2026-02-07,2026-02-08,Crítica,Fechado,Dashboard,Sprint 3,Marcos,25,Média,2,Homologação,Frontend,Sim
3386,2025-08-27,2025-08-29,Média,Fechado,Mobile App,Sprint 1,Carlos,65,Média,2,Homologação,Backend,Não
3387,2025-11-30,2025-12-02,Alta,Fechado,Relatórios,Sprint 8,Rafael,68,Alta,3,Homologação,Frontend,Sim
3388,2025-09-25,2025-09-25,Baixa,Fechado,Pagamento,Sprint 6,Fernanda,15,Alta,3,Homologação,Frontend,Sim
3389,2025-06-08,2025-06-09,Crítica,Fechado,Dashboard,Sprint 3,Fernanda,42,Baixa,1,Homologação,Frontend,Não
3390,2024-08-31,2024-09-03,Crítica,Fechado,Login,Sprint 11,Ana,72,Média,2,Produção,Frontend,Sim
3391,2024-07-12,2024-07-12,Média,Aberto,API Clientes,Sprint 1,Carlos,22,Baixa,1,Homologação,API,Não
3392,2025-01-09,2025-01-11,Média,Fechado,Relatórios,Sprint 9,Rafael,54,Baixa,1,Homologação,Frontend,Não
3393,2025-05-24,2025-05-25,Baixa,Fechado,Pagamento,Sprint 5,Marcos,26,Alta,3,Homologação,Backend,Sim
3394,2026-04-21,2026-04-24,Crítica,Fechado,Dashboard,Sprint 5,Carlos,74,Baixa,1,Homologação,Frontend,Sim
3395,2026-04-10,2026-04-11,Baixa,Fechado,Login,Sprint 1,Fernanda,25,Baixa,1,Produção,API,Sim
3396,2025-07-22,2025-07-22,Crítica,Fechado,Dashboard,Sprint 11,Carlos,23,Alta,3,Produção,Frontend,Sim
3397,2026-04-04,2026-04-07,Baixa,Aberto,Mobile App,Sprint 8,Fernanda,88,Baixa,1,Homologação,Backend,Não
3398,2025-02-15,2025-02-15,Alta,Fechado,Relatórios,Sprint 3,Juliana,9,Média,2,Produção,Frontend,Não
3399,2025-08-02,2025-08-04,Média,Fechado,Dashboard,Sprint 11,Juliana,52,Média,2,Produção,Frontend,Não
3400,2024-07-02,2024-07-02,Crítica,Fechado,Dashboard,Sprint 3,Rafael,22,Média,2,Produção,Frontend,Não
3401,2025-08-08,2025-08-08,Alta,Fechado,Mobile App,Sprint 9,Rafael,8,Média,2,Produção,Frontend,Sim
3402,2025-09-11,2025-09-14,Crítica,Aberto,Pagamento,Sprint 12,Marcos,74,Média,2,Produção,Backend,Sim
3403,2024-06-12,2024-06-14,Baixa,Fechado,Dashboard,Sprint 8,Marcos,55,Baixa,1,Produção,Frontend,Sim
3404,2024-10-31,2024-11-02,Baixa,Fechado,Mobile App,Sprint 11,Marcos,52,Média,2,Homologação,API,Sim
3405,2026-05-03,2026-05-06,Crítica,Aberto,Login,Sprint 6,Carlos,80,Alta,3,Produção,API,Não
3406,2025-02-26,2025-02-28,Crítica,Aberto,Login,Sprint 10,Ana,64,Alta,3,Homologação,Frontend,Sim
3407,2026-04-01,2026-04-01,Média,Fechado,Pagamento,Sprint 4,Ana,6,Baixa,1,Produção,API,Não
3408,2025-07-13,2025-07-17,Alta,Aberto,API Clientes,Sprint 10,Fernanda,108,Baixa,1,Produção,API,Sim
3409,2025-05-11,2025-05-12,Alta,Fechado,Login,Sprint 2,João,44,Alta,3,Produção,API,Não
3410,2025-08-27,2025-08-27,Média,Aberto,API Clientes,Sprint 6,Rafael,11,Média,2,Homologação,Backend,Sim
3411,2024-06-05,2024-06-09,Média,Fechado,Relatórios,Sprint 8,Rafael,102,Média,2,Produção,API,Não
3412,2025-08-10,2025-08-10,Média,Fechado,Relatórios,Sprint 2,Marcos,21,Média,2,Produção,API,Sim
3413,2024-05-24,2024-05-24,Crítica,Fechado,Pagamento,Sprint 11,João,23,Média,2,Homologação,Backend,Sim
3414,2025-02-08,2025-02-12,Alta,Aberto,Mobile App,Sprint 5,Ana,113,Média,2,Homologação,Backend,Não
3415,2025-05-24,2025-05-26,Média,Fechado,Dashboard,Sprint 8,Carlos,67,Média,2,Homologação,Backend,Não
3416,2024-12-18,2024-12-19,Baixa,Aberto,Relatórios,Sprint 10,Carlos,29,Alta,3,Produção,Backend,Sim
3417,2026-04-01,2026-04-04,Média,Fechado,API Clientes,Sprint 10,Rafael,83,Média,2,Homologação,Frontend,Sim
3418,2024-05-12,2024-05-15,Alta,Aberto,Relatórios,Sprint 2,João,93,Baixa,1,Homologação,Backend,Sim
3419,2025-08-21,2025-08-23,Média,Fechado,Pagamento,Sprint 7,João,62,Média,2,Produção,Frontend,Não
3420,2025-05-11,2025-05-12,Média,Aberto,Pagamento,Sprint 7,Rafael,34,Alta,3,Produção,Frontend,Sim
3421,2025-10-02,2025-10-05,Baixa,Aberto,Mobile App,Sprint 6,Ana,92,Média,2,Homologação,Frontend,Sim
3422,2025-09-02,2025-09-05,Crítica,Aberto,Pagamento,Sprint 7,Fernanda,91,Baixa,1,Produção,Backend,Não
3423,2025-02-28,2025-03-04,Crítica,Aberto,Login,Sprint 11,Carlos,111,Média,2,Homologação,Frontend,Sim
3424,2026-04-18,2026-04-19,Alta,Fechado,Dashboard,Sprint 3,Ana,28,Média,2,Produção,API,Não
3425,2024-10-30,2024-11-02,Crítica,Fechado,API Clientes,Sprint 2,Fernanda,79,Média,2,Produção,API,Sim
3426,2025-01-20,2025-01-24,Média,Fechado,Pagamento,Sprint 12,Fernanda,102,Baixa,1,Homologação,API,Sim
3427,2024-05-27,2024-05-29,Baixa,Aberto,Mobile App,Sprint 4,Ana,52,Média,2,Produção,API,Sim
3428,2024-10-02,2024-10-05,Baixa,Fechado,Dashboard,Sprint 8,João,91,Alta,3,Produção,API,Não
3429,2024-05-29,2024-05-30,Crítica,Fechado,Pagamento,Sprint 12,Juliana,39,Baixa,1,Homologação,Backend,Não
3430,2025-11-24,2025-11-27,Alta,Aberto,Mobile App,Sprint 4,Carlos,85,Baixa,1,Homologação,API,Não
3431,2024-06-20,2024-06-23,Baixa,Fechado,API Clientes,Sprint 6,Rafael,77,Baixa,1,Homologação,API,Sim
3432,2024-12-30,2025-01-02,Alta,Aberto,Mobile App,Sprint 10,João,80,Baixa,1,Produção,Backend,Não
3433,2026-03-04,2026-03-08,Média,Fechado,Pagamento,Sprint 9,João,110,Baixa,1,Produção,Backend,Não
3434,2024-09-09,2024-09-10,Baixa,Aberto,Pagamento,Sprint 1,João,26,Baixa,1,Produção,Backend,Não
3435,2025-04-14,2025-04-15,Média,Aberto,Pagamento,Sprint 4,João,32,Alta,3,Homologação,Frontend,Sim
3436,2025-04-04,2025-04-04,Crítica,Fechado,Login,Sprint 11,Marcos,20,Média,2,Homologação,Frontend,Não
3437,2024-10-13,2024-10-13,Média,Aberto,Dashboard,Sprint 1,Fernanda,21,Baixa,1,Produção,Backend,Sim
3438,2024-09-06,2024-09-06,Média,Fechado,Login,Sprint 1,João,17,Baixa,1,Produção,Backend,Não
3439,2025-06-29,2025-06-30,Crítica,Aberto,Relatórios,Sprint 5,Juliana,42,Alta,3,Produção,Backend,Sim
3440,2025-03-02,2025-03-02,Alta,Fechado,API Clientes,Sprint 5,Carlos,20,Alta,3,Produção,API,Sim
3441,2024-07-15,2024-07-17,Baixa,Aberto,Dashboard,Sprint 4,Marcos,48,Média,2,Produção,Backend,Sim
3442,2025-01-14,2025-01-17,Média,Fechado,Login,Sprint 6,Juliana,76,Baixa,1,Produção,API,Não
3443,2024-11-29,2024-12-02,Baixa,Fechado,Login,Sprint 6,Juliana,79,Média,2,Homologação,Backend,Não
3444,2026-03-30,2026-04-01,Crítica,Fechado,Pagamento,Sprint 3,Marcos,64,Baixa,1,Produção,Backend,Não
3445,2026-03-27,2026-03-28,Crítica,Aberto,Mobile App,Sprint 7,Ana,32,Baixa,1,Produção,API,Não
3446,2024-08-03,2024-08-07,Crítica,Aberto,Dashboard,Sprint 3,Carlos,115,Alta,3,Produção,Backend,Não
3447,2025-08-26,2025-08-26,Baixa,Fechado,Pagamento,Sprint 1,Fernanda,10,Média,2,Homologação,API,Não
3448,2024-12-07,2024-12-10,Crítica,Fechado,API Clientes,Sprint 2,Fernanda,86,Alta,3,Produção,API,Sim
3449,2024-12-24,2024-12-27,Baixa,Aberto,Mobile App,Sprint 10,Carlos,89,Média,2,Produção,Frontend,Sim
3450,2024-10-24,2024-10-28,Crítica,Aberto,Login,Sprint 12,Ana,118,Média,2,Produção,Backend,Sim
3451,2024-10-04,2024-10-06,Média,Aberto,Dashboard,Sprint 7,Juliana,69,Alta,3,Produção,Backend,Sim
3452,2026-03-30,2026-04-02,Baixa,Fechado,Relatórios,Sprint 8,Juliana,72,Alta,3,Homologação,Frontend,Não
3453,2025-04-18,2025-04-23,Baixa,Fechado,Mobile App,Sprint 1,Juliana,120,Média,2,Homologação,Backend,Não
3454,2025-07-07,2025-07-11,Média,Fechado,API Clientes,Sprint 3,Marcos,98,Alta,3,Produção,Frontend,Não
3455,2024-12-14,2024-12-14,Crítica,Aberto,Login,Sprint 12,Juliana,20,Alta,3,Produção,API,Não
3456,2025-05-11,2025-05-13,Média,Fechado,Pagamento,Sprint 6,João,58,Baixa,1,Homologação,Frontend,Não
3457,2025-11-10,2025-11-12,Baixa,Aberto,Login,Sprint 7,Marcos,67,Baixa,1,Homologação,API,Não
3458,2024-11-04,2024-11-04,Alta,Fechado,Dashboard,Sprint 10,Marcos,14,Alta,3,Produção,Backend,Não
3459,2024-12-02,2024-12-06,Alta,Fechado,API Clientes,Sprint 5,Marcos,115,Baixa,1,Produção,Backend,Não
3460,2026-01-29,2026-01-31,Crítica,Fechado,Dashboard,Sprint 2,Rafael,68,Alta,3,Homologação,Backend,Sim
3461,2025-01-15,2025-01-15,Alta,Fechado,API Clientes,Sprint 1,Fernanda,11,Média,2,Homologação,Backend,Sim
3462,2025-02-23,2025-02-24,Baixa,Aberto,Mobile App,Sprint 11,João,39,Baixa,1,Produção,API,Sim
3463,2026-02-24,2026-02-24,Baixa,Aberto,Dashboard,Sprint 9,Rafael,3,Alta,3,Homologação,Backend,Não
3464,2026-01-22,2026-01-26,Média,Fechado,Mobile App,Sprint 8,João,98,Baixa,1,Produção,Frontend,Sim
3465,2024-07-01,2024-07-01,Crítica,Fechado,Login,Sprint 10,Rafael,13,Média,2,Produção,Backend,Sim
3466,2025-02-13,2025-02-15,Crítica,Aberto,Login,Sprint 2,Ana,48,Média,2,Homologação,API,Sim
3467,2026-01-04,2026-01-04,Alta,Fechado,Dashboard,Sprint 1,Juliana,18,Média,2,Produção,Backend,Não
3468,2025-10-05,2025-10-08,Baixa,Aberto,Relatórios,Sprint 8,João,76,Baixa,1,Homologação,Frontend,Não
3469,2025-08-01,2025-08-01,Crítica,Aberto,API Clientes,Sprint 4,Carlos,18,Média,2,Produção,Backend,Sim
3470,2025-01-20,2025-01-22,Baixa,Aberto,Login,Sprint 10,Carlos,68,Baixa,1,Homologação,Frontend,Não
3471,2025-08-30,2025-08-30,Alta,Aberto,Login,Sprint 8,Juliana,21,Alta,3,Homologação,Frontend,Não
3472,2024-05-21,2024-05-24,Crítica,Fechado,Dashboard,Sprint 7,Rafael,73,Alta,3,Homologação,Frontend,Não
3473,2024-06-26,2024-06-29,Alta,Aberto,Relatórios,Sprint 10,Rafael,89,Baixa,1,Homologação,Frontend,Sim
3474,2025-06-15,2025-06-16,Crítica,Fechado,Mobile App,Sprint 7,Carlos,44,Baixa,1,Produção,Frontend,Sim
3475,2024-10-06,2024-10-07,Média,Aberto,Dashboard,Sprint 1,Fernanda,32,Baixa,1,Homologação,API,Não
3476,2024-07-25,2024-07-27,Média,Fechado,Login,Sprint 11,Fernanda,58,Baixa,1,Produção,Backend,Sim
3477,2024-11-21,2024-11-25,Média,Aberto,Dashboard,Sprint 2,João,119,Alta,3,Homologação,Backend,Sim
3478,2026-03-13,2026-03-16,Baixa,Aberto,Pagamento,Sprint 10,Ana,91,Alta,3,Homologação,API,Não
3479,2026-04-06,2026-04-10,Crítica,Aberto,Relatórios,Sprint 9,João,99,Média,2,Produção,Backend,Sim
3480,2025-01-22,2025-01-23,Crítica,Fechado,Relatórios,Sprint 6,Rafael,42,Baixa,1,Homologação,Backend,Não
3481,2025-01-30,2025-01-30,Média,Aberto,Dashboard,Sprint 12,Marcos,20,Baixa,1,Produção,Backend,Não
3482,2026-03-19,2026-03-20,Baixa,Aberto,API Clientes,Sprint 4,João,25,Alta,3,Produção,Backend,Não
3483,2026-05-05,2026-05-05,Baixa,Aberto,Relatórios,Sprint 1,Juliana,6,Baixa,1,Produção,Backend,Não
3484,2024-09-04,2024-09-07,Baixa,Fechado,Login,Sprint 10,Rafael,81,Alta,3,Produção,API,Não
3485,2024-06-21,2024-06-21,Baixa,Aberto,Dashboard,Sprint 8,Rafael,1,Média,2,Produção,API,Sim
3486,2025-12-15,2025-12-19,Média,Fechado,API Clientes,Sprint 11,Juliana,107,Baixa,1,Produção,Backend,Não
3487,2025-12-31,2026-01-02,Média,Fechado,Login,Sprint 1,Ana,53,Alta,3,Homologação,Frontend,Não
3488,2024-09-21,2024-09-21,Baixa,Aberto,Login,Sprint 9,Juliana,12,Baixa,1,Produção,Backend,Sim
3489,2025-05-23,2025-05-24,Média,Aberto,Dashboard,Sprint 11,Carlos,44,Baixa,1,Homologação,API,Sim
3490,2024-10-12,2024-10-13,Crítica,Aberto,Relatórios,Sprint 6,João,40,Média,2,Produção,API,Não
3491,2024-07-21,2024-07-25,Crítica,Fechado,Login,Sprint 5,Juliana,102,Baixa,1,Homologação,API,Sim
3492,2024-10-14,2024-10-14,Média,Aberto,Dashboard,Sprint 6,Rafael,9,Baixa,1,Homologação,Backend,Não
3493,2025-06-15,2025-06-17,Média,Fechado,Dashboard,Sprint 11,João,61,Baixa,1,Homologação,Frontend,Não
3494,2024-06-09,2024-06-12,Baixa,Aberto,Pagamento,Sprint 8,Fernanda,93,Média,2,Homologação,API,Não
3495,2025-09-24,2025-09-24,Média,Aberto,Relatórios,Sprint 2,Juliana,1,Alta,3,Produção,Backend,Não
3496,2025-08-27,2025-08-27,Crítica,Fechado,Login,Sprint 1,Rafael,12,Baixa,1,Homologação,Frontend,Sim
3497,2026-02-04,2026-02-04,Crítica,Fechado,Pagamento,Sprint 2,Juliana,22,Média,2,Produção,Backend,Não
3498,2025-09-07,2025-09-11,Média,Aberto,Mobile App,Sprint 1,Carlos,119,Média,2,Produção,API,Não
3499,2025-03-09,2025-03-12,Alta,Fechado,Login,Sprint 3,Fernanda,83,Média,2,Produção,Backend,Sim
3500,2026-03-14,2026-03-16,Baixa,Aberto,Dashboard,Sprint 8,Fernanda,50,Média,2,Homologação,Backend,Não
3501,2024-09-08,2024-09-12,Crítica,Fechado,Relatórios,Sprint 5,Marcos,113,Alta,3,Produção,Backend,Sim
3502,2025-02-22,2025-02-26,Média,Fechado,Login,Sprint 1,Carlos,115,Alta,3,Homologação,Backend,Sim
3503,2025-08-02,2025-08-06,Crítica,Fechado,Pagamento,Sprint 11,João,97,Baixa,1,Homologação,API,Não
3504,2025-05-18,2025-05-21,Média,Aberto,API Clientes,Sprint 9,Carlos,77,Baixa,1,Produção,Frontend,Não
3505,2025-04-03,2025-04-03,Crítica,Aberto,Login,Sprint 5,Marcos,14,Alta,3,Produção,Frontend,Sim
3506,2025-05-19,2025-05-20,Alta,Aberto,Dashboard,Sprint 6,Rafael,35,Média,2,Homologação,Backend,Não
3507,2024-06-02,2024-06-03,Média,Fechado,Mobile App,Sprint 10,Juliana,30,Baixa,1,Homologação,API,Não
3508,2026-04-17,2026-04-19,Média,Aberto,API Clientes,Sprint 11,Carlos,48,Baixa,1,Produção,API,Sim
3509,2024-07-17,2024-07-18,Baixa,Aberto,Dashboard,Sprint 10,Juliana,47,Baixa,1,Produção,Backend,Não
3510,2026-04-14,2026-04-15,Crítica,Aberto,Mobile App,Sprint 10,João,45,Baixa,1,Homologação,Frontend,Sim
3511,2025-10-24,2025-10-26,Alta,Fechado,Mobile App,Sprint 3,Fernanda,59,Baixa,1,Homologação,API,Sim
3512,2024-09-25,2024-09-29,Alta,Fechado,Dashboard,Sprint 11,Ana,119,Baixa,1,Produção,Backend,Não
3513,2025-06-14,2025-06-16,Baixa,Fechado,Mobile App,Sprint 2,Ana,71,Média,2,Homologação,API,Sim
3514,2026-04-25,2026-04-29,Crítica,Fechado,API Clientes,Sprint 1,João,102,Baixa,1,Produção,Backend,Não
3515,2025-04-12,2025-04-15,Baixa,Fechado,Pagamento,Sprint 6,João,72,Alta,3,Produção,Frontend,Sim
3516,2024-11-13,2024-11-15,Alta,Aberto,API Clientes,Sprint 12,Rafael,50,Baixa,1,Produção,Backend,Não
3517,2025-06-09,2025-06-11,Crítica,Aberto,Relatórios,Sprint 9,Juliana,51,Média,2,Homologação,Frontend,Sim
3518,2024-07-17,2024-07-18,Alta,Fechado,API Clientes,Sprint 1,Rafael,38,Alta,3,Produção,API,Sim
3519,2024-05-14,2024-05-15,Média,Fechado,Mobile App,Sprint 2,Juliana,33,Alta,3,Homologação,Backend,Sim
3520,2025-08-21,2025-08-22,Média,Aberto,Dashboard,Sprint 1,Marcos,47,Média,2,Produção,Backend,Sim
3521,2025-04-05,2025-04-05,Baixa,Aberto,Mobile App,Sprint 12,Carlos,1,Baixa,1,Produção,Backend,Não
3522,2025-06-12,2025-06-12,Baixa,Fechado,Pagamento,Sprint 9,Fernanda,10,Média,2,Homologação,API,Sim
3523,2025-11-04,2025-11-04,Média,Aberto,Login,Sprint 11,Juliana,18,Baixa,1,Produção,API,Sim
3524,2025-03-29,2025-03-31,Crítica,Aberto,Mobile App,Sprint 11,Juliana,68,Média,2,Homologação,Backend,Sim
3525,2025-06-10,2025-06-11,Média,Aberto,Login,Sprint 5,Juliana,26,Alta,3,Homologação,API,Sim
3526,2024-10-06,2024-10-08,Crítica,Aberto,Mobile App,Sprint 7,Rafael,64,Alta,3,Homologação,Backend,Não
3527,2025-11-09,2025-11-09,Média,Aberto,Login,Sprint 9,Marcos,9,Alta,3,Produção,Frontend,Sim
3528,2024-12-26,2024-12-28,Baixa,Fechado,Dashboard,Sprint 2,João,53,Baixa,1,Homologação,Frontend,Sim
3529,2025-08-19,2025-08-23,Média,Aberto,API Clientes,Sprint 5,Rafael,107,Baixa,1,Produção,API,Não
3530,2025-03-31,2025-04-03,Crítica,Aberto,Dashboard,Sprint 11,Marcos,78,Baixa,1,Produção,Backend,Não
3531,2024-12-29,2024-12-31,Baixa,Aberto,Pagamento,Sprint 4,Rafael,56,Média,2,Produção,API,Sim
3532,2024-12-16,2024-12-19,Alta,Aberto,Relatórios,Sprint 3,Juliana,85,Baixa,1,Homologação,Backend,Sim
3533,2025-10-12,2025-10-12,Média,Fechado,Relatórios,Sprint 5,Marcos,23,Média,2,Homologação,Frontend,Sim
3534,2024-05-07,2024-05-08,Crítica,Fechado,Dashboard,Sprint 5,Juliana,41,Baixa,1,Homologação,Frontend,Não
3535,2024-05-11,2024-05-15,Crítica,Aberto,Login,Sprint 2,Fernanda,99,Alta,3,Produção,Frontend,Sim
3536,2025-02-16,2025-02-18,Baixa,Aberto,Dashboard,Sprint 9,João,55,Média,2,Homologação,Frontend,Não
3537,2026-03-02,2026-03-03,Alta,Aberto,Mobile App,Sprint 7,Juliana,41,Alta,3,Produção,Backend,Não
3538,2025-12-03,2025-12-07,Baixa,Aberto,Dashboard,Sprint 10,Carlos,119,Alta,3,Produção,Frontend,Não
3539,2025-07-02,2025-07-04,Crítica,Aberto,Login,Sprint 7,Ana,50,Baixa,1,Homologação,Backend,Sim
3540,2025-11-23,2025-11-24,Média,Fechado,Relatórios,Sprint 5,Carlos,28,Baixa,1,Produção,Frontend,Não
3541,2025-09-19,2025-09-20,Crítica,Fechado,Pagamento,Sprint 12,João,45,Alta,3,Produção,API,Não
3542,2025-03-22,2025-03-24,Alta,Fechado,Login,Sprint 10,Juliana,63,Alta,3,Produção,Backend,Não
3543,2025-01-17,2025-01-18,Baixa,Aberto,Login,Sprint 8,Juliana,35,Alta,3,Produção,Backend,Não
3544,2025-03-24,2025-03-24,Crítica,Aberto,Dashboard,Sprint 7,Juliana,2,Baixa,1,Homologação,Backend,Sim
3545,2024-09-06,2024-09-06,Alta,Fechado,Mobile App,Sprint 3,Ana,14,Baixa,1,Produção,Frontend,Sim
3546,2025-02-21,2025-02-23,Alta,Fechado,Pagamento,Sprint 1,Juliana,70,Baixa,1,Produção,API,Sim
3547,2024-10-21,2024-10-24,Média,Fechado,Pagamento,Sprint 3,Rafael,81,Média,2,Produção,Frontend,Não
3548,2025-07-03,2025-07-06,Média,Aberto,Pagamento,Sprint 11,João,88,Alta,3,Produção,API,Não
3549,2024-07-27,2024-07-28,Alta,Aberto,Pagamento,Sprint 1,João,46,Média,2,Produção,Frontend,Sim
3550,2026-01-22,2026-01-25,Baixa,Fechado,Pagamento,Sprint 9,João,79,Média,2,Homologação,API,Sim
3551,2025-12-03,2025-12-05,Média,Fechado,Relatórios,Sprint 12,João,56,Alta,3,Produção,API,Não
3552,2025-02-07,2025-02-08,Média,Fechado,Dashboard,Sprint 6,Carlos,42,Baixa,1,Produção,Frontend,Não
3553,2024-11-20,2024-11-24,Baixa,Aberto,Relatórios,Sprint 5,Juliana,114,Baixa,1,Homologação,API,Sim
3554,2025-06-01,2025-06-01,Média,Aberto,Mobile App,Sprint 1,Carlos,17,Média,2,Produção,Backend,Sim
3555,2024-07-02,2024-07-04,Média,Aberto,Dashboard,Sprint 1,Ana,58,Baixa,1,Produção,Frontend,Sim
3556,2026-01-28,2026-01-31,Média,Fechado,Pagamento,Sprint 8,Fernanda,86,Média,2,Produção,API,Sim
3557,2024-12-31,2025-01-02,Média,Aberto,Relatórios,Sprint 2,Rafael,56,Alta,3,Homologação,API,Não
3558,2024-07-29,2024-07-30,Crítica,Fechado,Relatórios,Sprint 7,Rafael,29,Baixa,1,Homologação,API,Não
3559,2026-01-14,2026-01-14,Média,Aberto,Dashboard,Sprint 6,Fernanda,2,Baixa,1,Homologação,Frontend,Sim
3560,2025-11-20,2025-11-22,Crítica,Fechado,Dashboard,Sprint 10,João,50,Baixa,1,Produção,Frontend,Não
3561,2026-02-19,2026-02-20,Alta,Aberto,Login,Sprint 6,Juliana,38,Alta,3,Produção,Backend,Não
3562,2024-06-10,2024-06-11,Crítica,Aberto,Relatórios,Sprint 1,Marcos,39,Baixa,1,Produção,Backend,Sim
3563,2025-02-07,2025-02-07,Baixa,Fechado,Login,Sprint 11,Marcos,16,Média,2,Homologação,API,Não
3564,2025-06-03,2025-06-03,Média,Aberto,Dashboard,Sprint 3,Juliana,13,Alta,3,Homologação,Backend,Sim
3565,2025-12-08,2025-12-11,Média,Aberto,Mobile App,Sprint 9,Carlos,90,Baixa,1,Homologação,API,Sim
3566,2025-12-10,2025-12-12,Crítica,Fechado,Pagamento,Sprint 6,Fernanda,59,Alta,3,Produção,API,Não
3567,2024-06-07,2024-06-09,Média,Fechado,Mobile App,Sprint 11,Ana,64,Média,2,Homologação,Frontend,Sim
3568,2026-01-01,2026-01-01,Alta,Aberto,Dashboard,Sprint 6,Marcos,12,Baixa,1,Homologação,Frontend,Não
3569,2026-04-08,2026-04-10,Média,Fechado,Login,Sprint 4,Carlos,58,Alta,3,Homologação,Backend,Sim
3570,2025-06-27,2025-06-28,Alta,Fechado,Relatórios,Sprint 9,Carlos,31,Baixa,1,Homologação,Frontend,Não
3571,2025-09-16,2025-09-16,Média,Aberto,Relatórios,Sprint 4,Fernanda,9,Média,2,Homologação,API,Não
3572,2024-11-03,2024-11-06,Alta,Aberto,Login,Sprint 6,Juliana,85,Alta,3,Homologação,API,Não
3573,2026-04-20,2026-04-22,Crítica,Fechado,Relatórios,Sprint 10,Rafael,57,Média,2,Produção,Frontend,Sim
3574,2026-04-03,2026-04-07,Média,Aberto,Mobile App,Sprint 5,Rafael,101,Média,2,Homologação,Backend,Não
3575,2025-12-07,2025-12-07,Alta,Fechado,Mobile App,Sprint 2,Carlos,19,Média,2,Homologação,Frontend,Não
3576,2025-06-13,2025-06-15,Crítica,Aberto,Login,Sprint 6,Juliana,68,Alta,3,Produção,Frontend,Sim
3577,2025-09-04,2025-09-08,Média,Fechado,Mobile App,Sprint 9,Marcos,100,Baixa,1,Homologação,Frontend,Sim
3578,2025-07-04,2025-07-08,Média,Fechado,API Clientes,Sprint 7,Juliana,118,Alta,3,Produção,Frontend,Sim
3579,2024-09-22,2024-09-22,Crítica,Fechado,API Clientes,Sprint 2,Juliana,1,Alta,3,Produção,API,Sim
3580,2025-06-22,2025-06-25,Crítica,Aberto,API Clientes,Sprint 2,Juliana,94,Alta,3,Homologação,API,Não
3581,2024-08-17,2024-08-22,Média,Aberto,Relatórios,Sprint 11,João,120,Baixa,1,Homologação,Frontend,Não
3582,2025-07-29,2025-08-01,Crítica,Aberto,Relatórios,Sprint 5,Rafael,94,Alta,3,Produção,API,Não
3583,2024-11-12,2024-11-14,Média,Aberto,Mobile App,Sprint 10,Carlos,51,Alta,3,Produção,Backend,Sim
3584,2024-09-25,2024-09-27,Alta,Fechado,Dashboard,Sprint 6,João,64,Alta,3,Homologação,Backend,Não
3585,2025-11-19,2025-11-19,Crítica,Fechado,Relatórios,Sprint 3,Juliana,15,Baixa,1,Homologação,Frontend,Não
3586,2025-08-19,2025-08-22,Alta,Aberto,Dashboard,Sprint 8,Rafael,82,Média,2,Homologação,API,Sim
3587,2024-06-26,2024-06-29,Baixa,Fechado,Pagamento,Sprint 6,Marcos,89,Média,2,Produção,API,Não
3588,2026-02-09,2026-02-12,Baixa,Fechado,Relatórios,Sprint 12,Rafael,81,Alta,3,Homologação,Backend,Não
3589,2024-09-18,2024-09-20,Média,Fechado,Dashboard,Sprint 7,Juliana,58,Alta,3,Produção,Backend,Não
3590,2024-07-02,2024-07-04,Média,Fechado,Mobile App,Sprint 1,João,68,Média,2,Produção,Frontend,Não
3591,2025-09-16,2025-09-19,Baixa,Fechado,API Clientes,Sprint 7,Carlos,84,Alta,3,Produção,Backend,Sim
3592,2025-02-22,2025-02-25,Baixa,Fechado,Relatórios,Sprint 9,Ana,83,Alta,3,Homologação,API,Sim
3593,2024-07-20,2024-07-20,Média,Fechado,Dashboard,Sprint 1,Ana,20,Baixa,1,Produção,Backend,Não
3594,2024-12-30,2024-12-30,Alta,Aberto,Mobile App,Sprint 3,Ana,17,Alta,3,Produção,Frontend,Não
3595,2024-11-04,2024-11-05,Média,Fechado,Pagamento,Sprint 6,Juliana,41,Baixa,1,Homologação,Frontend,Não
3596,2024-11-10,2024-11-13,Média,Fechado,Relatórios,Sprint 12,Carlos,80,Média,2,Produção,Frontend,Sim
3597,2025-11-20,2025-11-21,Crítica,Fechado,Login,Sprint 5,João,32,Média,2,Homologação,Frontend,Sim
3598,2024-08-30,2024-09-02,Alta,Fechado,Dashboard,Sprint 12,João,91,Média,2,Produção,Frontend,Sim
3599,2025-07-26,2025-07-26,Baixa,Fechado,Dashboard,Sprint 2,Ana,6,Média,2,Homologação,Backend,Não
3600,2026-01-11,2026-01-16,Alta,Fechado,API Clientes,Sprint 2,Rafael,120,Média,2,Produção,Frontend,Sim
3601,2025-03-17,2025-03-21,Baixa,Aberto,API Clientes,Sprint 11,Juliana,119,Alta,3,Produção,Backend,Não
3602,2025-08-16,2025-08-16,Crítica,Aberto,Pagamento,Sprint 3,Rafael,4,Média,2,Produção,API,Sim
3603,2024-12-17,2024-12-20,Baixa,Fechado,API Clientes,Sprint 5,Fernanda,84,Alta,3,Homologação,API,Não
3604,2024-12-18,2024-12-19,Baixa,Fechado,Dashboard,Sprint 6,Fernanda,32,Alta,3,Homologação,API,Não
3605,2025-05-27,2025-05-27,Crítica,Aberto,Mobile App,Sprint 6,João,7,Baixa,1,Produção,Backend,Não
3606,2025-06-07,2025-06-09,Alta,Aberto,Pagamento,Sprint 11,Ana,63,Alta,3,Homologação,Backend,Sim
3607,2025-02-05,2025-02-08,Baixa,Fechado,Mobile App,Sprint 7,Carlos,74,Alta,3,Produção,API,Sim
3608,2026-04-23,2026-04-26,Média,Fechado,Relatórios,Sprint 7,Juliana,89,Alta,3,Produção,Backend,Sim
3609,2024-09-07,2024-09-08,Média,Aberto,Login,Sprint 10,João,24,Alta,3,Homologação,Backend,Sim
3610,2025-07-27,2025-07-29,Crítica,Aberto,API Clientes,Sprint 11,João,52,Baixa,1,Produção,API,Sim
3611,2024-05-12,2024-05-13,Baixa,Aberto,Login,Sprint 1,Ana,44,Alta,3,Produção,Backend,Não
3612,2025-09-20,2025-09-23,Crítica,Fechado,Relatórios,Sprint 8,Ana,79,Baixa,1,Produção,Backend,Sim
3613,2025-08-05,2025-08-08,Média,Aberto,Mobile App,Sprint 4,Marcos,94,Baixa,1,Produção,API,Sim
3614,2026-02-02,2026-02-05,Média,Aberto,Login,Sprint 6,Ana,74,Média,2,Produção,Backend,Sim
3615,2026-02-28,2026-02-28,Crítica,Aberto,Login,Sprint 9,Ana,21,Baixa,1,Produção,API,Sim
3616,2025-03-07,2025-03-10,Crítica,Fechado,Pagamento,Sprint 8,Rafael,84,Média,2,Produção,Backend,Não
3617,2024-10-28,2024-10-31,Alta,Fechado,Mobile App,Sprint 9,Marcos,80,Alta,3,Homologação,Frontend,Sim
3618,2025-01-05,2025-01-05,Média,Aberto,Pagamento,Sprint 12,Juliana,8,Média,2,Produção,Frontend,Sim
3619,2025-04-17,2025-04-19,Baixa,Fechado,Dashboard,Sprint 7,Juliana,54,Alta,3,Homologação,Backend,Não
3620,2025-10-29,2025-10-29,Alta,Fechado,API Clientes,Sprint 1,Rafael,18,Alta,3,Homologação,API,Sim
3621,2025-12-17,2025-12-20,Alta,Fechado,Pagamento,Sprint 12,Juliana,83,Média,2,Homologação,Backend,Sim
3622,2025-08-02,2025-08-03,Média,Fechado,Relatórios,Sprint 8,Juliana,47,Média,2,Homologação,Backend,Não
3623,2025-05-06,2025-05-08,Alta,Aberto,API Clientes,Sprint 1,Rafael,71,Alta,3,Homologação,Backend,Não
3624,2025-03-16,2025-03-18,Crítica,Aberto,API Clientes,Sprint 2,Ana,62,Média,2,Homologação,Frontend,Não
3625,2025-10-22,2025-10-22,Baixa,Aberto,Relatórios,Sprint 3,João,20,Média,2,Produção,API,Não
3626,2025-01-23,2025-01-24,Crítica,Aberto,Login,Sprint 6,Ana,33,Baixa,1,Homologação,Frontend,Não
3627,2025-03-09,2025-03-09,Crítica,Fechado,Relatórios,Sprint 9,Carlos,5,Média,2,Produção,Frontend,Não
3628,2025-09-28,2025-09-30,Crítica,Fechado,Mobile App,Sprint 2,Ana,49,Média,2,Homologação,API,Sim
3629,2025-04-11,2025-04-15,Média,Fechado,Pagamento,Sprint 9,Juliana,115,Baixa,1,Homologação,Frontend,Não
3630,2025-03-28,2025-03-31,Alta,Aberto,API Clientes,Sprint 1,Carlos,87,Alta,3,Produção,API,Não
3631,2024-07-30,2024-08-02,Crítica,Aberto,Mobile App,Sprint 2,João,72,Baixa,1,Produção,API,Não
3632,2024-06-21,2024-06-23,Alta,Aberto,Login,Sprint 8,João,63,Baixa,1,Produção,API,Sim
3633,2026-04-02,2026-04-04,Baixa,Fechado,Pagamento,Sprint 4,João,61,Média,2,Homologação,API,Não
3634,2024-09-24,2024-09-27,Crítica,Aberto,Mobile App,Sprint 5,João,77,Média,2,Produção,API,Sim
3635,2024-10-22,2024-10-23,Baixa,Aberto,Relatórios,Sprint 1,Carlos,42,Baixa,1,Homologação,Frontend,Sim
3636,2025-02-02,2025-02-04,Alta,Aberto,Mobile App,Sprint 3,Carlos,64,Alta,3,Homologação,Frontend,Sim
3637,2025-05-19,2025-05-20,Alta,Fechado,Pagamento,Sprint 11,Rafael,45,Alta,3,Produção,API,Sim
3638,2025-02-11,2025-02-11,Baixa,Aberto,Relatórios,Sprint 8,Fernanda,5,Baixa,1,Homologação,Backend,Não
3639,2025-08-23,2025-08-26,Alta,Aberto,Relatórios,Sprint 7,Fernanda,87,Alta,3,Homologação,API,Não
3640,2025-09-22,2025-09-23,Alta,Aberto,API Clientes,Sprint 11,Juliana,33,Baixa,1,Homologação,API,Sim
3641,2025-05-13,2025-05-13,Baixa,Fechado,Dashboard,Sprint 2,Fernanda,8,Média,2,Produção,Backend,Não
3642,2025-09-04,2025-09-04,Alta,Aberto,Pagamento,Sprint 4,João,6,Alta,3,Produção,Backend,Não
3643,2026-02-06,2026-02-10,Crítica,Fechado,Relatórios,Sprint 2,Juliana,102,Média,2,Homologação,Frontend,Não
3644,2024-09-26,2024-09-27,Baixa,Fechado,Dashboard,Sprint 10,Juliana,44,Média,2,Produção,Backend,Não
3645,2024-08-18,2024-08-21,Crítica,Aberto,Dashboard,Sprint 5,Marcos,79,Alta,3,Produção,API,Sim
3646,2025-06-18,2025-06-19,Crítica,Aberto,Dashboard,Sprint 12,Carlos,28,Média,2,Homologação,Backend,Não
3647,2024-10-07,2024-10-08,Baixa,Fechado,Pagamento,Sprint 3,Fernanda,34,Média,2,Homologação,Frontend,Não
3648,2025-11-01,2025-11-01,Baixa,Aberto,Login,Sprint 2,Juliana,19,Média,2,Produção,API,Não
3649,2024-09-15,2024-09-19,Baixa,Fechado,API Clientes,Sprint 11,João,103,Alta,3,Homologação,API,Sim
3650,2026-04-08,2026-04-12,Baixa,Aberto,Dashboard,Sprint 10,João,105,Baixa,1,Produção,API,Sim
3651,2025-04-12,2025-04-12,Crítica,Aberto,Mobile App,Sprint 5,Juliana,7,Alta,3,Produção,Frontend,Sim
3652,2026-01-05,2026-01-05,Crítica,Fechado,Pagamento,Sprint 6,Marcos,19,Alta,3,Homologação,API,Sim
3653,2024-11-18,2024-11-18,Alta,Fechado,Relatórios,Sprint 3,Rafael,2,Média,2,Homologação,API,Sim
3654,2024-08-14,2024-08-17,Média,Aberto,Dashboard,Sprint 8,Juliana,92,Alta,3,Homologação,API,Não
3655,2025-07-14,2025-07-16,Crítica,Aberto,Dashboard,Sprint 3,Marcos,58,Média,2,Produção,Backend,Sim
3656,2026-01-15,2026-01-17,Alta,Fechado,Pagamento,Sprint 2,Fernanda,62,Alta,3,Homologação,Frontend,Não
3657,2024-10-15,2024-10-16,Alta,Aberto,Dashboard,Sprint 6,Rafael,24,Média,2,Produção,API,Sim
3658,2025-01-25,2025-01-27,Crítica,Fechado,Relatórios,Sprint 9,Marcos,55,Média,2,Homologação,Backend,Não
3659,2024-07-13,2024-07-14,Alta,Fechado,API Clientes,Sprint 5,Carlos,38,Média,2,Produção,Backend,Sim
3660,2025-11-01,2025-11-01,Média,Aberto,API Clientes,Sprint 1,Juliana,15,Alta,3,Homologação,API,Não
3661,2025-02-11,2025-02-12,Crítica,Fechado,Mobile App,Sprint 2,Juliana,24,Alta,3,Produção,Backend,Não
3662,2025-06-15,2025-06-19,Baixa,Aberto,Pagamento,Sprint 5,Rafael,115,Baixa,1,Homologação,Backend,Não
3663,2025-06-26,2025-06-29,Crítica,Fechado,API Clientes,Sprint 2,Carlos,78,Baixa,1,Homologação,Backend,Não
3664,2025-07-02,2025-07-02,Média,Aberto,Login,Sprint 8,Carlos,18,Alta,3,Homologação,Backend,Não
3665,2025-02-14,2025-02-16,Alta,Aberto,Login,Sprint 7,Carlos,67,Baixa,1,Produção,API,Sim
3666,2024-10-25,2024-10-27,Alta,Aberto,Pagamento,Sprint 1,Ana,58,Alta,3,Homologação,API,Sim
3667,2024-09-07,2024-09-11,Crítica,Aberto,Relatórios,Sprint 7,Juliana,104,Alta,3,Produção,Backend,Não
3668,2026-03-14,2026-03-16,Crítica,Aberto,Login,Sprint 2,Ana,59,Média,2,Produção,Frontend,Sim
3669,2025-02-20,2025-02-22,Média,Fechado,Relatórios,Sprint 1,João,63,Alta,3,Homologação,Frontend,Não
3670,2026-02-07,2026-02-10,Alta,Fechado,Relatórios,Sprint 7,João,90,Média,2,Produção,Backend,Não
3671,2026-01-16,2026-01-17,Alta,Aberto,Relatórios,Sprint 1,Ana,42,Alta,3,Produção,Backend,Sim
3672,2025-07-27,2025-07-27,Crítica,Fechado,Relatórios,Sprint 1,Fernanda,10,Baixa,1,Homologação,Backend,Não
3673,2024-07-07,2024-07-07,Média,Fechado,API Clientes,Sprint 1,Fernanda,23,Alta,3,Produção,Frontend,Sim
3674,2026-03-24,2026-03-24,Média,Aberto,Relatórios,Sprint 9,Marcos,11,Alta,3,Homologação,Frontend,Sim
3675,2024-12-06,2024-12-07,Média,Aberto,Pagamento,Sprint 7,João,27,Alta,3,Homologação,Backend,Sim
3676,2024-06-27,2024-07-01,Crítica,Fechado,Pagamento,Sprint 7,Marcos,101,Média,2,Homologação,Frontend,Não
3677,2025-03-25,2025-03-25,Crítica,Fechado,Login,Sprint 12,Ana,19,Alta,3,Produção,Frontend,Não
3678,2026-03-02,2026-03-04,Média,Fechado,API Clientes,Sprint 2,Juliana,58,Alta,3,Produção,Backend,Sim
3679,2024-10-27,2024-10-30,Média,Aberto,Dashboard,Sprint 11,Juliana,86,Alta,3,Homologação,API,Não
3680,2025-09-16,2025-09-18,Alta,Fechado,Pagamento,Sprint 4,Juliana,62,Baixa,1,Produção,Backend,Não
3681,2025-03-26,2025-03-29,Baixa,Aberto,Dashboard,Sprint 6,Ana,83,Alta,3,Homologação,API,Não
3682,2024-07-09,2024-07-12,Crítica,Aberto,Login,Sprint 3,Rafael,91,Alta,3,Homologação,Frontend,Sim
3683,2025-06-06,2025-06-06,Alta,Fechado,Login,Sprint 5,Juliana,22,Alta,3,Produção,Backend,Sim
3684,2026-03-26,2026-03-30,Média,Fechado,Dashboard,Sprint 6,Fernanda,98,Alta,3,Homologação,API,Sim
3685,2024-11-14,2024-11-17,Crítica,Aberto,Dashboard,Sprint 2,Carlos,75,Média,2,Homologação,Backend,Sim
3686,2025-06-09,2025-06-10,Crítica,Fechado,API Clientes,Sprint 11,João,47,Alta,3,Produção,API,Não
3687,2026-03-11,2026-03-15,Crítica,Aberto,Dashboard,Sprint 5,Marcos,108,Média,2,Homologação,API,Não
3688,2025-07-18,2025-07-20,Média,Aberto,Pagamento,Sprint 12,Ana,64,Alta,3,Produção,API,Sim
3689,2026-02-11,2026-02-12,Alta,Fechado,Relatórios,Sprint 8,Juliana,37,Alta,3,Homologação,Frontend,Sim
3690,2026-03-05,2026-03-08,Média,Aberto,Mobile App,Sprint 10,Fernanda,85,Média,2,Homologação,API,Não
3691,2025-08-01,2025-08-01,Alta,Aberto,API Clientes,Sprint 7,Carlos,21,Média,2,Homologação,Frontend,Sim
3692,2024-07-23,2024-07-23,Baixa,Aberto,Pagamento,Sprint 10,Marcos,11,Baixa,1,Produção,API,Sim
3693,2024-12-05,2024-12-06,Crítica,Aberto,API Clientes,Sprint 3,Marcos,31,Alta,3,Produção,Frontend,Não
3694,2024-12-12,2024-12-14,Baixa,Fechado,Relatórios,Sprint 2,Carlos,55,Alta,3,Produção,Frontend,Não
3695,2025-08-08,2025-08-12,Média,Fechado,Dashboard,Sprint 4,Fernanda,105,Baixa,1,Homologação,Backend,Sim
3696,2026-04-23,2026-04-23,Crítica,Fechado,Pagamento,Sprint 9,Rafael,17,Alta,3,Homologação,Frontend,Não
3697,2024-09-18,2024-09-22,Alta,Fechado,Mobile App,Sprint 10,Fernanda,119,Média,2,Homologação,API,Não
3698,2025-04-23,2025-04-24,Alta,Fechado,Relatórios,Sprint 10,Fernanda,46,Média,2,Homologação,Frontend,Não
3699,2026-05-01,2026-05-02,Média,Fechado,Pagamento,Sprint 10,Juliana,42,Alta,3,Produção,Backend,Sim
3700,2025-09-11,2025-09-12,Alta,Fechado,Login,Sprint 9,Ana,39,Alta,3,Homologação,Frontend,Não
3701,2026-04-01,2026-04-01,Alta,Aberto,Login,Sprint 8,Juliana,17,Alta,3,Produção,Frontend,Não
3702,2025-07-23,2025-07-26,Baixa,Aberto,Relatórios,Sprint 11,Juliana,84,Média,2,Produção,Frontend,Não
3703,2025-12-09,2025-12-13,Crítica,Fechado,Mobile App,Sprint 5,Fernanda,107,Média,2,Produção,Frontend,Sim
3704,2024-05-27,2024-05-27,Média,Fechado,Mobile App,Sprint 7,Rafael,6,Alta,3,Homologação,Backend,Sim
3705,2024-12-04,2024-12-04,Média,Fechado,Login,Sprint 4,Rafael,4,Alta,3,Homologação,API,Sim
3706,2025-09-19,2025-09-19,Baixa,Aberto,Mobile App,Sprint 5,Fernanda,23,Alta,3,Produção,API,Sim
3707,2024-07-27,2024-07-30,Crítica,Aberto,Dashboard,Sprint 11,Rafael,75,Baixa,1,Produção,API,Não
3708,2026-03-10,2026-03-10,Baixa,Aberto,Dashboard,Sprint 12,Rafael,12,Baixa,1,Produção,Backend,Não
3709,2024-08-05,2024-08-08,Baixa,Aberto,Dashboard,Sprint 8,Marcos,74,Média,2,Homologação,Frontend,Sim
3710,2025-08-22,2025-08-26,Média,Aberto,Dashboard,Sprint 5,João,103,Alta,3,Produção,Frontend,Sim
3711,2025-04-25,2025-04-29,Média,Fechado,Mobile App,Sprint 12,Ana,101,Baixa,1,Homologação,API,Não
3712,2025-05-06,2025-05-08,Média,Aberto,Relatórios,Sprint 11,Marcos,61,Baixa,1,Homologação,API,Sim
3713,2025-04-09,2025-04-13,Crítica,Fechado,Login,Sprint 3,João,115,Média,2,Produção,Backend,Sim
3714,2025-03-07,2025-03-07,Média,Aberto,Pagamento,Sprint 10,Carlos,15,Baixa,1,Produção,API,Sim
3715,2025-07-09,2025-07-10,Baixa,Fechado,Relatórios,Sprint 5,Marcos,29,Baixa,1,Produção,Frontend,Sim
3716,2025-05-10,2025-05-13,Baixa,Fechado,Mobile App,Sprint 7,Fernanda,72,Alta,3,Homologação,Frontend,Sim
3717,2025-10-06,2025-10-06,Baixa,Aberto,Relatórios,Sprint 3,Carlos,15,Alta,3,Produção,Frontend,Não
3718,2026-03-01,2026-03-03,Média,Aberto,API Clientes,Sprint 3,Ana,51,Alta,3,Homologação,API,Não
3719,2024-06-28,2024-06-30,Alta,Aberto,API Clientes,Sprint 2,Carlos,63,Baixa,1,Produção,API,Sim
3720,2025-12-03,2025-12-06,Crítica,Fechado,Login,Sprint 6,Rafael,80,Baixa,1,Produção,Frontend,Sim
3721,2025-06-19,2025-06-22,Média,Aberto,Pagamento,Sprint 5,Rafael,93,Baixa,1,Homologação,API,Não
3722,2026-04-19,2026-04-21,Crítica,Aberto,Dashboard,Sprint 9,João,56,Baixa,1,Homologação,Backend,Sim
3723,2025-04-25,2025-04-29,Crítica,Fechado,Dashboard,Sprint 12,Ana,106,Alta,3,Homologação,API,Não
3724,2024-10-14,2024-10-14,Baixa,Fechado,Mobile App,Sprint 4,Carlos,20,Baixa,1,Homologação,Frontend,Sim
3725,2025-09-25,2025-09-28,Baixa,Aberto,Mobile App,Sprint 11,Juliana,85,Média,2,Produção,Backend,Não
3726,2024-11-06,2024-11-10,Média,Fechado,Pagamento,Sprint 1,João,109,Baixa,1,Homologação,Backend,Sim
3727,2025-03-09,2025-03-09,Alta,Fechado,Relatórios,Sprint 7,João,2,Média,2,Produção,API,Sim
3728,2024-08-17,2024-08-21,Média,Fechado,Login,Sprint 1,João,99,Baixa,1,Produção,API,Não
3729,2025-08-07,2025-08-09,Baixa,Fechado,Login,Sprint 5,Juliana,67,Baixa,1,Produção,API,Não
3730,2025-11-07,2025-11-08,Média,Aberto,Dashboard,Sprint 4,Rafael,26,Baixa,1,Produção,Backend,Não
3731,2025-06-30,2025-07-04,Crítica,Fechado,Dashboard,Sprint 12,Marcos,114,Alta,3,Produção,API,Sim
3732,2024-05-26,2024-05-27,Alta,Aberto,Relatórios,Sprint 8,Ana,32,Média,2,Produção,API,Não
3733,2024-12-17,2024-12-21,Média,Fechado,Relatórios,Sprint 6,Juliana,117,Alta,3,Homologação,Backend,Não
3734,2025-09-13,2025-09-17,Média,Aberto,Relatórios,Sprint 7,Rafael,112,Baixa,1,Produção,Frontend,Não
3735,2025-08-17,2025-08-19,Média,Fechado,API Clientes,Sprint 9,Marcos,67,Baixa,1,Produção,API,Não
3736,2026-03-22,2026-03-23,Média,Aberto,Pagamento,Sprint 9,Carlos,26,Média,2,Produção,Backend,Sim
3737,2026-01-21,2026-01-23,Crítica,Fechado,Relatórios,Sprint 5,João,53,Média,2,Homologação,Backend,Não
3738,2025-03-09,2025-03-12,Alta,Aberto,API Clientes,Sprint 4,João,95,Média,2,Produção,Frontend,Sim
3739,2024-12-26,2024-12-28,Baixa,Fechado,Dashboard,Sprint 6,Ana,52,Baixa,1,Homologação,Backend,Não
3740,2026-04-01,2026-04-01,Alta,Fechado,Relatórios,Sprint 5,Carlos,5,Baixa,1,Produção,Frontend,Não
3741,2025-01-15,2025-01-16,Alta,Fechado,Pagamento,Sprint 9,Carlos,33,Baixa,1,Homologação,API,Sim
3742,2024-08-06,2024-08-09,Baixa,Aberto,API Clientes,Sprint 9,João,90,Média,2,Produção,Frontend,Não
3743,2025-09-11,2025-09-13,Média,Fechado,Login,Sprint 2,Marcos,50,Baixa,1,Produção,Backend,Sim
3744,2025-11-18,2025-11-22,Alta,Fechado,Mobile App,Sprint 11,Fernanda,101,Média,2,Homologação,Backend,Não
3745,2025-03-03,2025-03-03,Crítica,Aberto,API Clientes,Sprint 9,Rafael,23,Alta,3,Homologação,Frontend,Não
3746,2025-05-19,2025-05-21,Alta,Aberto,Pagamento,Sprint 5,Rafael,58,Baixa,1,Homologação,API,Não
3747,2024-10-19,2024-10-20,Alta,Fechado,API Clientes,Sprint 1,Carlos,36,Média,2,Produção,Frontend,Sim
3748,2025-04-11,2025-04-11,Crítica,Aberto,Pagamento,Sprint 8,Rafael,12,Alta,3,Produção,Frontend,Não
3749,2024-08-15,2024-08-19,Crítica,Fechado,Mobile App,Sprint 3,Juliana,103,Alta,3,Produção,API,Não
3750,2024-11-02,2024-11-06,Crítica,Aberto,Relatórios,Sprint 6,Juliana,96,Baixa,1,Produção,API,Não
3751,2026-01-13,2026-01-17,Crítica,Aberto,Relatórios,Sprint 4,Fernanda,108,Alta,3,Produção,API,Sim
3752,2025-10-13,2025-10-15,Alta,Aberto,Relatórios,Sprint 2,Carlos,53,Alta,3,Produção,Backend,Não
3753,2025-02-01,2025-02-05,Média,Fechado,Relatórios,Sprint 11,Fernanda,110,Baixa,1,Homologação,Frontend,Não
3754,2024-06-17,2024-06-21,Baixa,Aberto,Mobile App,Sprint 7,Ana,105,Média,2,Homologação,API,Não
3755,2025-08-10,2025-08-13,Alta,Aberto,Dashboard,Sprint 3,Marcos,92,Alta,3,Homologação,Backend,Não
3756,2024-12-27,2024-12-30,Crítica,Fechado,Relatórios,Sprint 6,Fernanda,79,Alta,3,Produção,Frontend,Não
3757,2025-12-03,2025-12-07,Alta,Fechado,Pagamento,Sprint 8,Fernanda,108,Alta,3,Produção,API,Sim
3758,2025-05-14,2025-05-14,Crítica,Aberto,Mobile App,Sprint 8,Ana,2,Baixa,1,Homologação,Backend,Não
3759,2024-07-08,2024-07-11,Alta,Fechado,Relatórios,Sprint 3,Ana,75,Alta,3,Homologação,API,Sim
3760,2025-09-19,2025-09-23,Média,Aberto,Pagamento,Sprint 7,Fernanda,105,Média,2,Homologação,API,Sim
3761,2025-07-02,2025-07-05,Baixa,Aberto,Login,Sprint 8,Carlos,88,Alta,3,Homologação,API,Sim
3762,2024-07-27,2024-07-27,Alta,Fechado,API Clientes,Sprint 7,Carlos,17,Alta,3,Produção,Frontend,Não
3763,2026-03-24,2026-03-28,Alta,Fechado,Login,Sprint 12,Rafael,112,Alta,3,Homologação,Frontend,Sim
3764,2025-07-29,2025-07-30,Alta,Aberto,Relatórios,Sprint 4,Juliana,41,Alta,3,Produção,Backend,Sim
3765,2026-02-02,2026-02-05,Crítica,Fechado,API Clientes,Sprint 11,João,87,Alta,3,Produção,API,Sim
3766,2024-08-17,2024-08-17,Crítica,Fechado,API Clientes,Sprint 5,Juliana,7,Baixa,1,Homologação,API,Não
3767,2025-03-19,2025-03-19,Alta,Aberto,Mobile App,Sprint 12,Carlos,13,Baixa,1,Homologação,Frontend,Não
3768,2025-09-22,2025-09-22,Baixa,Fechado,Mobile App,Sprint 10,Carlos,10,Alta,3,Produção,Backend,Sim
3769,2024-10-24,2024-10-24,Crítica,Fechado,Dashboard,Sprint 7,Juliana,10,Média,2,Produção,Frontend,Sim
3770,2025-11-29,2025-11-29,Crítica,Fechado,Dashboard,Sprint 3,Juliana,8,Alta,3,Homologação,Backend,Sim
3771,2024-11-23,2024-11-26,Alta,Aberto,Pagamento,Sprint 8,Juliana,94,Alta,3,Homologação,Backend,Não
3772,2024-05-09,2024-05-11,Baixa,Fechado,Relatórios,Sprint 9,Carlos,59,Baixa,1,Produção,Backend,Sim
3773,2025-11-05,2025-11-05,Baixa,Aberto,Login,Sprint 11,Juliana,23,Média,2,Produção,API,Sim
3774,2024-11-25,2024-11-29,Crítica,Fechado,Relatórios,Sprint 10,Carlos,97,Baixa,1,Homologação,API,Não
3775,2025-01-30,2025-02-01,Baixa,Aberto,Relatórios,Sprint 7,Fernanda,53,Alta,3,Produção,API,Sim
3776,2025-06-12,2025-06-16,Alta,Fechado,Login,Sprint 7,Fernanda,107,Alta,3,Homologação,API,Sim
3777,2026-02-12,2026-02-12,Baixa,Aberto,Pagamento,Sprint 11,Juliana,14,Alta,3,Homologação,Frontend,Sim
3778,2024-12-21,2024-12-23,Média,Fechado,Relatórios,Sprint 1,Marcos,58,Baixa,1,Homologação,API,Não
3779,2025-03-05,2025-03-09,Média,Aberto,Login,Sprint 8,Rafael,97,Alta,3,Produção,API,Sim
3780,2024-06-15,2024-06-16,Alta,Aberto,Mobile App,Sprint 12,Juliana,35,Alta,3,Homologação,Backend,Não
3781,2026-02-26,2026-02-28,Crítica,Aberto,Relatórios,Sprint 7,Fernanda,70,Média,2,Produção,Backend,Não
3782,2024-10-11,2024-10-14,Alta,Fechado,Dashboard,Sprint 8,Ana,87,Média,2,Homologação,Backend,Não
3783,2025-03-28,2025-03-29,Alta,Aberto,Relatórios,Sprint 9,Ana,47,Alta,3,Produção,Backend,Não
3784,2026-01-16,2026-01-18,Alta,Aberto,Login,Sprint 4,Fernanda,64,Média,2,Homologação,Frontend,Sim
3785,2025-09-24,2025-09-24,Crítica,Aberto,API Clientes,Sprint 10,Ana,8,Baixa,1,Produção,Frontend,Sim
3786,2025-07-10,2025-07-14,Crítica,Fechado,Dashboard,Sprint 3,Fernanda,109,Alta,3,Homologação,Frontend,Sim
3787,2025-08-14,2025-08-14,Baixa,Fechado,Dashboard,Sprint 1,Juliana,2,Alta,3,Homologação,Frontend,Não
3788,2024-09-26,2024-09-26,Alta,Aberto,Mobile App,Sprint 3,Fernanda,12,Média,2,Homologação,Backend,Não
3789,2025-10-06,2025-10-08,Média,Fechado,Mobile App,Sprint 9,Ana,48,Baixa,1,Homologação,API,Sim
3790,2025-12-28,2025-12-28,Alta,Aberto,API Clientes,Sprint 12,Rafael,8,Alta,3,Homologação,API,Sim
3791,2026-02-18,2026-02-19,Crítica,Fechado,Pagamento,Sprint 4,Fernanda,25,Baixa,1,Produção,Frontend,Não
3792,2025-09-01,2025-09-04,Média,Aberto,API Clientes,Sprint 3,Rafael,90,Média,2,Produção,Backend,Sim
3793,2025-06-12,2025-06-13,Média,Aberto,Login,Sprint 4,Rafael,24,Média,2,Produção,API,Não
3794,2025-01-28,2025-02-01,Baixa,Aberto,Relatórios,Sprint 12,Marcos,106,Alta,3,Homologação,Frontend,Sim
3795,2024-10-11,2024-10-12,Média,Fechado,Login,Sprint 5,Ana,33,Baixa,1,Produção,Frontend,Sim
3796,2024-07-11,2024-07-14,Média,Fechado,Dashboard,Sprint 7,Juliana,88,Baixa,1,Produção,Frontend,Não
3797,2025-07-03,2025-07-06,Baixa,Fechado,API Clientes,Sprint 4,João,83,Média,2,Produção,API,Não
3798,2025-03-02,2025-03-06,Baixa,Fechado,API Clientes,Sprint 10,Juliana,97,Alta,3,Homologação,API,Sim
3799,2025-04-22,2025-04-26,Crítica,Fechado,Dashboard,Sprint 12,Fernanda,115,Alta,3,Homologação,Backend,Sim
3800,2025-03-04,2025-03-04,Crítica,Aberto,API Clientes,Sprint 10,Juliana,13,Média,2,Produção,Backend,Não
3801,2025-10-05,2025-10-05,Média,Aberto,Mobile App,Sprint 8,Ana,4,Média,2,Homologação,API,Não
3802,2024-09-09,2024-09-12,Alta,Aberto,Relatórios,Sprint 9,Ana,79,Baixa,1,Produção,Frontend,Não
3803,2025-10-05,2025-10-08,Crítica,Aberto,Mobile App,Sprint 4,Carlos,79,Alta,3,Homologação,Frontend,Sim
3804,2025-03-23,2025-03-23,Alta,Fechado,Dashboard,Sprint 6,Rafael,22,Baixa,1,Produção,API,Sim
3805,2025-09-28,2025-09-28,Baixa,Fechado,API Clientes,Sprint 7,Juliana,17,Média,2,Homologação,API,Sim
3806,2025-02-28,2025-03-02,Crítica,Aberto,Dashboard,Sprint 8,João,52,Alta,3,Homologação,Frontend,Não
3807,2024-06-27,2024-07-01,Crítica,Aberto,Pagamento,Sprint 9,Marcos,107,Alta,3,Homologação,API,Sim
3808,2025-11-16,2025-11-20,Baixa,Aberto,Relatórios,Sprint 6,Ana,114,Alta,3,Homologação,Frontend,Não
3809,2025-08-30,2025-09-01,Média,Aberto,Dashboard,Sprint 6,Marcos,49,Baixa,1,Homologação,Frontend,Não
3810,2025-04-01,2025-04-02,Crítica,Aberto,Relatórios,Sprint 10,Fernanda,38,Baixa,1,Homologação,API,Não
3811,2025-05-05,2025-05-05,Alta,Fechado,Mobile App,Sprint 5,João,1,Baixa,1,Homologação,Backend,Não
3812,2025-06-06,2025-06-07,Crítica,Aberto,Relatórios,Sprint 8,Ana,26,Baixa,1,Produção,Frontend,Sim
3813,2026-05-02,2026-05-05,Baixa,Aberto,Mobile App,Sprint 8,Ana,95,Baixa,1,Homologação,API,Não
3814,2025-12-02,2025-12-03,Média,Fechado,Mobile App,Sprint 7,Juliana,29,Alta,3,Homologação,Frontend,Sim
3815,2025-02-02,2025-02-02,Média,Fechado,Relatórios,Sprint 8,Fernanda,22,Alta,3,Produção,API,Sim
3816,2025-06-07,2025-06-09,Crítica,Aberto,Login,Sprint 10,Carlos,55,Alta,3,Produção,API,Sim
3817,2026-04-03,2026-04-04,Crítica,Fechado,Mobile App,Sprint 12,Carlos,39,Alta,3,Homologação,Frontend,Sim
3818,2025-05-10,2025-05-12,Alta,Fechado,Relatórios,Sprint 10,Juliana,53,Média,2,Produção,API,Não
3819,2025-03-19,2025-03-21,Alta,Fechado,Login,Sprint 8,João,66,Média,2,Produção,API,Sim
3820,2025-04-03,2025-04-06,Crítica,Aberto,API Clientes,Sprint 5,Rafael,77,Baixa,1,Homologação,API,Sim
3821,2024-11-14,2024-11-14,Alta,Fechado,Pagamento,Sprint 12,Fernanda,2,Média,2,Homologação,Backend,Não
3822,2026-04-11,2026-04-12,Média,Aberto,Relatórios,Sprint 8,Rafael,33,Média,2,Produção,API,Não
3823,2024-11-03,2024-11-03,Baixa,Fechado,API Clientes,Sprint 7,Fernanda,17,Alta,3,Produção,API,Sim
3824,2025-09-12,2025-09-14,Alta,Fechado,API Clientes,Sprint 2,Marcos,57,Alta,3,Produção,Backend,Não
3825,2024-07-11,2024-07-12,Alta,Aberto,Relatórios,Sprint 7,Marcos,32,Média,2,Homologação,API,Sim
3826,2025-01-10,2025-01-12,Crítica,Aberto,Mobile App,Sprint 6,Carlos,65,Baixa,1,Produção,Frontend,Sim
3827,2025-11-25,2025-11-27,Crítica,Fechado,API Clientes,Sprint 10,Juliana,66,Alta,3,Produção,Backend,Sim
3828,2024-05-10,2024-05-11,Alta,Fechado,Relatórios,Sprint 7,Marcos,39,Baixa,1,Homologação,Frontend,Sim
3829,2024-07-09,2024-07-10,Alta,Fechado,Login,Sprint 4,Marcos,24,Baixa,1,Homologação,Frontend,Sim
3830,2024-09-09,2024-09-11,Baixa,Aberto,Dashboard,Sprint 5,João,67,Alta,3,Homologação,Backend,Não
3831,2026-01-06,2026-01-06,Baixa,Aberto,API Clientes,Sprint 7,Fernanda,1,Média,2,Homologação,Backend,Não
3832,2024-08-06,2024-08-08,Baixa,Aberto,API Clientes,Sprint 2,Ana,56,Alta,3,Produção,Frontend,Não
3833,2026-03-27,2026-03-27,Crítica,Fechado,Dashboard,Sprint 9,Rafael,6,Baixa,1,Homologação,API,Sim
3834,2026-01-08,2026-01-11,Baixa,Aberto,Dashboard,Sprint 2,Fernanda,82,Alta,3,Produção,Frontend,Sim
3835,2026-03-23,2026-03-25,Crítica,Fechado,Login,Sprint 2,Rafael,48,Baixa,1,Produção,API,Não
3836,2024-07-28,2024-07-29,Baixa,Aberto,Pagamento,Sprint 10,Fernanda,41,Alta,3,Homologação,Frontend,Sim
3837,2025-12-01,2025-12-01,Baixa,Aberto,Dashboard,Sprint 6,Rafael,14,Baixa,1,Homologação,Frontend,Sim
3838,2024-09-19,2024-09-23,Baixa,Fechado,Mobile App,Sprint 11,Rafael,117,Média,2,Produção,API,Não
3839,2025-03-13,2025-03-16,Baixa,Aberto,API Clientes,Sprint 11,Rafael,78,Alta,3,Homologação,Frontend,Não
3840,2025-08-24,2025-08-25,Baixa,Aberto,Relatórios,Sprint 7,Marcos,44,Baixa,1,Homologação,Frontend,Não
3841,2024-05-15,2024-05-19,Crítica,Aberto,API Clientes,Sprint 1,Marcos,102,Alta,3,Produção,API,Não
3842,2026-03-10,2026-03-13,Média,Aberto,Relatórios,Sprint 12,Rafael,79,Baixa,1,Homologação,Frontend,Não
3843,2025-03-21,2025-03-25,Baixa,Fechado,Login,Sprint 3,Marcos,118,Alta,3,Produção,Frontend,Sim
3844,2025-11-02,2025-11-02,Alta,Fechado,Pagamento,Sprint 3,Carlos,10,Baixa,1,Homologação,Frontend,Sim
3845,2025-04-16,2025-04-20,Crítica,Aberto,API Clientes,Sprint 8,Fernanda,106,Baixa,1,Homologação,Backend,Sim
3846,2024-05-24,2024-05-27,Alta,Aberto,API Clientes,Sprint 7,Carlos,92,Média,2,Produção,API,Sim
3847,2026-02-08,2026-02-12,Média,Aberto,Mobile App,Sprint 4,Carlos,116,Média,2,Homologação,API,Não
3848,2025-06-03,2025-06-03,Alta,Fechado,Mobile App,Sprint 2,Ana,10,Média,2,Produção,Frontend,Não
3849,2025-01-05,2025-01-05,Baixa,Aberto,Login,Sprint 11,Juliana,7,Alta,3,Produção,API,Sim
3850,2024-11-05,2024-11-09,Média,Aberto,Login,Sprint 3,Fernanda,112,Alta,3,Homologação,API,Não
3851,2024-06-05,2024-06-08,Média,Aberto,API Clientes,Sprint 3,Ana,75,Alta,3,Produção,Backend,Não
3852,2024-09-26,2024-09-29,Baixa,Aberto,Relatórios,Sprint 12,João,77,Média,2,Produção,API,Não
3853,2024-06-15,2024-06-19,Baixa,Fechado,Dashboard,Sprint 1,Fernanda,111,Alta,3,Produção,Frontend,Sim
3854,2026-01-30,2026-01-30,Média,Fechado,Login,Sprint 9,Carlos,19,Baixa,1,Homologação,Backend,Sim
3855,2025-06-02,2025-06-05,Baixa,Fechado,Dashboard,Sprint 12,Rafael,89,Alta,3,Homologação,Frontend,Sim
3856,2026-02-01,2026-02-04,Crítica,Aberto,Dashboard,Sprint 1,Rafael,89,Alta,3,Produção,Backend,Não
3857,2025-10-20,2025-10-23,Alta,Fechado,Relatórios,Sprint 6,Carlos,73,Média,2,Homologação,Frontend,Não
3858,2025-07-14,2025-07-18,Baixa,Fechado,Pagamento,Sprint 12,João,107,Alta,3,Homologação,Backend,Não
3859,2024-11-18,2024-11-20,Média,Fechado,Relatórios,Sprint 11,Carlos,56,Alta,3,Homologação,Backend,Sim
3860,2025-11-29,2025-12-02,Baixa,Fechado,Pagamento,Sprint 11,Marcos,78,Média,2,Produção,Backend,Não
3861,2025-01-01,2025-01-03,Crítica,Fechado,Pagamento,Sprint 6,Rafael,59,Alta,3,Produção,API,Não
3862,2025-03-06,2025-03-08,Crítica,Aberto,Relatórios,Sprint 6,Ana,59,Média,2,Produção,Frontend,Não
3863,2024-09-26,2024-09-30,Crítica,Aberto,Relatórios,Sprint 11,João,110,Média,2,Produção,Backend,Não
3864,2025-12-05,2025-12-08,Crítica,Fechado,Relatórios,Sprint 1,Ana,87,Alta,3,Homologação,Frontend,Não
3865,2025-12-15,2025-12-17,Baixa,Fechado,API Clientes,Sprint 3,Rafael,50,Baixa,1,Homologação,Backend,Sim
3866,2024-08-08,2024-08-12,Alta,Aberto,Dashboard,Sprint 7,Marcos,99,Baixa,1,Homologação,Backend,Sim
3867,2024-11-26,2024-11-26,Alta,Fechado,Pagamento,Sprint 8,Juliana,16,Média,2,Homologação,API,Não
3868,2024-08-18,2024-08-18,Baixa,Fechado,API Clientes,Sprint 3,Ana,6,Baixa,1,Produção,API,Sim
3869,2026-03-28,2026-03-29,Alta,Aberto,Pagamento,Sprint 6,Ana,42,Baixa,1,Homologação,API,Não
3870,2024-10-03,2024-10-07,Baixa,Fechado,Mobile App,Sprint 9,Rafael,107,Baixa,1,Homologação,API,Não
3871,2024-10-28,2024-11-01,Crítica,Aberto,Login,Sprint 6,Rafael,113,Baixa,1,Produção,Backend,Sim
3872,2024-07-06,2024-07-06,Alta,Aberto,Dashboard,Sprint 4,Rafael,2,Alta,3,Produção,Frontend,Sim
3873,2025-10-25,2025-10-27,Alta,Fechado,Login,Sprint 6,Marcos,66,Média,2,Produção,Backend,Sim
3874,2025-12-02,2025-12-03,Média,Aberto,Login,Sprint 10,Carlos,32,Baixa,1,Produção,API,Não
3875,2025-03-17,2025-03-21,Média,Aberto,Dashboard,Sprint 12,Juliana,118,Média,2,Produção,Backend,Sim
3876,2025-09-26,2025-09-30,Crítica,Aberto,Dashboard,Sprint 12,Rafael,104,Alta,3,Produção,API,Não
3877,2026-04-21,2026-04-25,Média,Fechado,Login,Sprint 3,Carlos,113,Média,2,Produção,Backend,Sim
3878,2024-12-29,2024-12-30,Média,Fechado,Relatórios,Sprint 10,Rafael,30,Baixa,1,Produção,API,Sim
3879,2025-06-22,2025-06-25,Baixa,Fechado,Pagamento,Sprint 5,Ana,84,Baixa,1,Homologação,Backend,Não
3880,2025-09-15,2025-09-17,Crítica,Aberto,Mobile App,Sprint 6,Fernanda,67,Alta,3,Homologação,Backend,Não
3881,2025-02-27,2025-03-03,Média,Fechado,Pagamento,Sprint 12,Fernanda,100,Média,2,Produção,Frontend,Não
3882,2026-03-08,2026-03-12,Média,Fechado,Dashboard,Sprint 5,Juliana,106,Alta,3,Produção,Frontend,Não
3883,2025-01-28,2025-01-29,Baixa,Aberto,API Clientes,Sprint 9,Juliana,26,Média,2,Produção,API,Sim
3884,2026-01-05,2026-01-06,Média,Fechado,Dashboard,Sprint 6,Ana,43,Baixa,1,Produção,API,Não
3885,2026-01-27,2026-01-27,Alta,Fechado,API Clientes,Sprint 8,João,21,Baixa,1,Homologação,Backend,Sim
3886,2026-01-15,2026-01-17,Crítica,Fechado,Dashboard,Sprint 12,Juliana,69,Baixa,1,Homologação,Frontend,Sim
3887,2025-12-29,2025-12-29,Crítica,Fechado,Pagamento,Sprint 2,Juliana,8,Alta,3,Produção,API,Não
3888,2024-06-23,2024-06-26,Média,Aberto,Dashboard,Sprint 12,Ana,72,Média,2,Homologação,Frontend,Sim
3889,2024-11-11,2024-11-14,Baixa,Fechado,Dashboard,Sprint 12,Carlos,85,Alta,3,Homologação,Backend,Sim
3890,2025-07-13,2025-07-13,Baixa,Aberto,API Clientes,Sprint 2,Fernanda,1,Alta,3,Homologação,Backend,Sim
3891,2024-11-26,2024-11-29,Crítica,Fechado,Dashboard,Sprint 12,João,76,Alta,3,Homologação,Backend,Sim
3892,2025-02-21,2025-02-22,Crítica,Aberto,Login,Sprint 11,Rafael,28,Baixa,1,Homologação,Frontend,Sim
3893,2025-07-03,2025-07-07,Alta,Fechado,Pagamento,Sprint 10,João,105,Baixa,1,Homologação,Frontend,Sim
3894,2026-02-23,2026-02-23,Média,Fechado,Pagamento,Sprint 5,Fernanda,4,Baixa,1,Homologação,Backend,Não
3895,2025-04-14,2025-04-18,Crítica,Aberto,Mobile App,Sprint 9,Marcos,105,Alta,3,Produção,Backend,Não
3896,2024-08-14,2024-08-14,Média,Aberto,Dashboard,Sprint 10,Marcos,7,Alta,3,Produção,Backend,Não
3897,2024-07-13,2024-07-14,Crítica,Aberto,Relatórios,Sprint 3,João,28,Média,2,Homologação,API,Sim
3898,2026-04-30,2026-05-04,Média,Aberto,Pagamento,Sprint 3,Ana,118,Baixa,1,Produção,API,Não
3899,2025-12-17,2025-12-18,Baixa,Fechado,Login,Sprint 5,João,34,Alta,3,Produção,API,Sim
3900,2025-04-27,2025-04-28,Média,Fechado,Relatórios,Sprint 8,Fernanda,40,Alta,3,Homologação,Backend,Não
3901,2024-06-13,2024-06-14,Crítica,Aberto,Pagamento,Sprint 7,João,33,Baixa,1,Homologação,Backend,Não
3902,2025-06-28,2025-06-28,Crítica,Fechado,Mobile App,Sprint 3,Ana,2,Baixa,1,Produção,Frontend,Sim
3903,2026-04-05,2026-04-09,Média,Aberto,Relatórios,Sprint 4,Rafael,101,Alta,3,Homologação,API,Sim
3904,2026-03-01,2026-03-03,Alta,Fechado,Pagamento,Sprint 7,Fernanda,62,Alta,3,Produção,API,Sim
3905,2025-11-20,2025-11-21,Alta,Fechado,Mobile App,Sprint 10,Rafael,26,Baixa,1,Homologação,API,Sim
3906,2026-04-06,2026-04-09,Crítica,Fechado,Mobile App,Sprint 7,Carlos,85,Baixa,1,Homologação,API,Não
3907,2024-12-22,2024-12-23,Média,Aberto,Dashboard,Sprint 11,Fernanda,30,Baixa,1,Produção,Backend,Não
3908,2026-03-12,2026-03-15,Baixa,Aberto,Relatórios,Sprint 11,Fernanda,75,Alta,3,Homologação,Backend,Sim
3909,2025-05-09,2025-05-09,Média,Aberto,Login,Sprint 7,Juliana,20,Média,2,Produção,Backend,Sim
3910,2025-03-10,2025-03-12,Baixa,Fechado,Relatórios,Sprint 12,Juliana,61,Alta,3,Produção,Backend,Não
3911,2025-11-09,2025-11-12,Baixa,Aberto,Mobile App,Sprint 7,Juliana,81,Alta,3,Homologação,API,Não
3912,2025-10-10,2025-10-14,Alta,Fechado,Pagamento,Sprint 2,Marcos,119,Média,2,Produção,Backend,Sim
3913,2024-11-22,2024-11-26,Média,Fechado,Pagamento,Sprint 12,João,118,Baixa,1,Homologação,API,Não
3914,2024-12-03,2024-12-03,Crítica,Fechado,API Clientes,Sprint 9,João,23,Média,2,Homologação,Backend,Não
3915,2026-03-19,2026-03-22,Alta,Fechado,Login,Sprint 4,Rafael,73,Baixa,1,Homologação,Frontend,Não
3916,2024-08-23,2024-08-24,Baixa,Fechado,Pagamento,Sprint 9,Carlos,33,Alta,3,Homologação,Frontend,Não
3917,2024-09-23,2024-09-27,Média,Aberto,Pagamento,Sprint 10,Marcos,101,Média,2,Produção,API,Não
3918,2024-10-19,2024-10-23,Baixa,Fechado,Login,Sprint 1,Carlos,109,Média,2,Produção,Frontend,Sim
3919,2025-09-22,2025-09-25,Alta,Fechado,Relatórios,Sprint 1,Fernanda,79,Baixa,1,Homologação,Frontend,Sim
3920,2026-05-03,2026-05-05,Crítica,Aberto,Login,Sprint 5,Marcos,53,Média,2,Produção,Frontend,Sim
3921,2025-01-19,2025-01-23,Crítica,Aberto,API Clientes,Sprint 5,Rafael,111,Alta,3,Homologação,API,Sim
3922,2025-11-22,2025-11-23,Baixa,Fechado,API Clientes,Sprint 4,Marcos,40,Alta,3,Produção,Backend,Não
3923,2025-12-24,2025-12-27,Crítica,Fechado,Mobile App,Sprint 4,João,79,Alta,3,Homologação,Frontend,Sim
3924,2025-01-07,2025-01-10,Crítica,Aberto,Login,Sprint 3,Rafael,75,Alta,3,Produção,Backend,Sim
3925,2025-11-06,2025-11-08,Média,Aberto,Login,Sprint 6,Marcos,56,Média,2,Homologação,API,Não
3926,2025-07-04,2025-07-04,Alta,Fechado,Login,Sprint 11,Rafael,21,Média,2,Homologação,Backend,Não
3927,2026-03-04,2026-03-07,Média,Fechado,API Clientes,Sprint 1,Carlos,80,Baixa,1,Produção,API,Não
3928,2024-10-05,2024-10-06,Baixa,Fechado,Mobile App,Sprint 8,Ana,40,Alta,3,Produção,API,Não
3929,2024-08-23,2024-08-23,Crítica,Fechado,API Clientes,Sprint 9,Marcos,1,Alta,3,Homologação,Frontend,Sim
3930,2025-02-14,2025-02-18,Alta,Fechado,Pagamento,Sprint 6,Marcos,119,Alta,3,Homologação,Backend,Não
3931,2026-03-13,2026-03-17,Média,Fechado,Dashboard,Sprint 5,João,107,Baixa,1,Produção,Frontend,Não
3932,2025-02-17,2025-02-18,Crítica,Fechado,API Clientes,Sprint 11,João,26,Baixa,1,Homologação,API,Não
3933,2024-11-07,2024-11-11,Alta,Fechado,Mobile App,Sprint 12,João,104,Média,2,Homologação,API,Não
3934,2024-12-19,2024-12-23,Alta,Fechado,Mobile App,Sprint 2,Fernanda,105,Alta,3,Homologação,API,Sim
3935,2024-07-15,2024-07-16,Alta,Fechado,Mobile App,Sprint 1,Juliana,36,Média,2,Produção,Backend,Sim
3936,2025-10-16,2025-10-20,Média,Fechado,API Clientes,Sprint 3,Marcos,100,Média,2,Produção,API,Não
3937,2026-02-04,2026-02-07,Crítica,Fechado,Pagamento,Sprint 11,Marcos,87,Alta,3,Homologação,Backend,Sim
3938,2025-10-11,2025-10-12,Alta,Fechado,Relatórios,Sprint 1,Rafael,31,Média,2,Homologação,API,Sim
3939,2025-07-07,2025-07-09,Média,Aberto,Mobile App,Sprint 9,Fernanda,48,Baixa,1,Homologação,API,Sim
3940,2025-01-20,2025-01-21,Baixa,Aberto,API Clientes,Sprint 10,João,24,Alta,3,Homologação,API,Sim
3941,2026-02-26,2026-03-01,Baixa,Fechado,Pagamento,Sprint 8,Ana,90,Média,2,Produção,Backend,Sim
3942,2025-04-27,2025-04-28,Crítica,Aberto,Pagamento,Sprint 12,Fernanda,46,Baixa,1,Produção,Backend,Sim
3943,2024-10-22,2024-10-22,Média,Fechado,Dashboard,Sprint 9,Ana,6,Alta,3,Homologação,API,Não
3944,2024-09-04,2024-09-05,Alta,Fechado,API Clientes,Sprint 5,Juliana,27,Baixa,1,Homologação,Backend,Não
3945,2024-12-23,2024-12-27,Baixa,Aberto,Pagamento,Sprint 3,João,111,Média,2,Produção,API,Não
3946,2024-05-14,2024-05-15,Alta,Aberto,Login,Sprint 12,Rafael,34,Baixa,1,Homologação,Frontend,Sim
3947,2025-02-28,2025-03-04,Baixa,Aberto,Mobile App,Sprint 8,João,113,Baixa,1,Produção,Backend,Sim
3948,2025-08-16,2025-08-19,Alta,Aberto,API Clientes,Sprint 5,Marcos,88,Alta,3,Homologação,API,Não
3949,2025-05-11,2025-05-13,Crítica,Aberto,Relatórios,Sprint 4,Ana,61,Alta,3,Produção,Backend,Sim
3950,2025-08-30,2025-08-31,Média,Fechado,API Clientes,Sprint 11,Fernanda,34,Média,2,Homologação,API,Não
3951,2024-05-12,2024-05-14,Média,Fechado,Login,Sprint 6,Juliana,68,Alta,3,Produção,Backend,Sim
3952,2025-12-25,2025-12-26,Baixa,Fechado,Relatórios,Sprint 8,Fernanda,24,Média,2,Homologação,Backend,Sim
3953,2024-11-12,2024-11-14,Baixa,Aberto,Relatórios,Sprint 3,Ana,62,Baixa,1,Homologação,Frontend,Sim
3954,2025-08-20,2025-08-23,Média,Aberto,API Clientes,Sprint 8,Fernanda,73,Baixa,1,Homologação,API,Não
3955,2025-06-16,2025-06-19,Média,Aberto,API Clientes,Sprint 7,Marcos,87,Baixa,1,Homologação,Frontend,Não
3956,2026-03-10,2026-03-14,Baixa,Fechado,Relatórios,Sprint 2,Rafael,118,Alta,3,Produção,API,Não
3957,2026-05-02,2026-05-06,Alta,Aberto,Login,Sprint 7,Fernanda,109,Alta,3,Produção,Backend,Sim
3958,2025-06-30,2025-07-02,Média,Fechado,API Clientes,Sprint 9,Juliana,59,Alta,3,Homologação,API,Sim
3959,2024-05-18,2024-05-22,Média,Fechado,Relatórios,Sprint 6,João,104,Baixa,1,Produção,Backend,Não
3960,2024-10-27,2024-10-30,Baixa,Fechado,Dashboard,Sprint 10,Ana,85,Média,2,Homologação,Frontend,Sim
3961,2026-02-28,2026-03-03,Média,Aberto,API Clientes,Sprint 9,Rafael,79,Baixa,1,Produção,API,Não
3962,2026-02-25,2026-03-01,Média,Aberto,API Clientes,Sprint 8,Juliana,103,Média,2,Homologação,API,Não
3963,2025-07-18,2025-07-19,Baixa,Fechado,Mobile App,Sprint 10,Ana,34,Média,2,Produção,Frontend,Sim
3964,2025-04-22,2025-04-25,Crítica,Fechado,API Clientes,Sprint 1,Rafael,81,Baixa,1,Homologação,Frontend,Não
3965,2025-01-10,2025-01-13,Baixa,Aberto,Mobile App,Sprint 6,Ana,80,Alta,3,Produção,API,Sim
3966,2025-08-15,2025-08-19,Crítica,Fechado,Pagamento,Sprint 4,Carlos,116,Baixa,1,Produção,Frontend,Não
3967,2025-08-03,2025-08-07,Alta,Fechado,Login,Sprint 4,Carlos,109,Média,2,Homologação,API,Sim
3968,2025-06-17,2025-06-21,Alta,Aberto,Pagamento,Sprint 11,João,103,Média,2,Produção,Frontend,Sim
3969,2024-10-01,2024-10-01,Alta,Aberto,Login,Sprint 9,Fernanda,16,Baixa,1,Produção,Frontend,Não
3970,2025-11-25,2025-11-25,Baixa,Aberto,Mobile App,Sprint 1,Rafael,17,Baixa,1,Homologação,API,Sim
3971,2025-11-18,2025-11-22,Alta,Aberto,Mobile App,Sprint 1,Marcos,104,Baixa,1,Produção,Frontend,Não
3972,2025-06-29,2025-06-30,Alta,Fechado,Pagamento,Sprint 9,Fernanda,39,Alta,3,Homologação,Backend,Não
3973,2026-01-22,2026-01-26,Média,Fechado,Mobile App,Sprint 6,Juliana,114,Baixa,1,Homologação,Frontend,Sim
3974,2026-05-05,2026-05-07,Média,Fechado,Pagamento,Sprint 11,Ana,48,Baixa,1,Produção,Backend,Não
3975,2026-01-11,2026-01-15,Alta,Aberto,Relatórios,Sprint 6,Ana,110,Baixa,1,Homologação,Backend,Não
3976,2026-01-27,2026-01-30,Baixa,Fechado,Dashboard,Sprint 10,Carlos,88,Média,2,Produção,Frontend,Sim
3977,2025-12-24,2025-12-27,Alta,Fechado,Dashboard,Sprint 12,Marcos,74,Média,2,Homologação,Backend,Sim
3978,2025-11-13,2025-11-16,Baixa,Fechado,Relatórios,Sprint 9,Fernanda,87,Média,2,Produção,API,Não
3979,2026-02-27,2026-03-02,Média,Fechado,Dashboard,Sprint 7,Juliana,95,Baixa,1,Homologação,Frontend,Sim
3980,2024-12-29,2025-01-02,Baixa,Fechado,API Clientes,Sprint 10,Fernanda,118,Média,2,Homologação,Backend,Sim
3981,2025-05-03,2025-05-05,Baixa,Aberto,Relatórios,Sprint 12,Ana,48,Média,2,Produção,Backend,Não
3982,2026-02-25,2026-03-01,Alta,Fechado,API Clientes,Sprint 11,João,100,Média,2,Homologação,Backend,Não
3983,2025-12-03,2025-12-06,Alta,Fechado,Mobile App,Sprint 2,Ana,74,Baixa,1,Produção,API,Não
3984,2025-12-25,2025-12-25,Média,Fechado,Relatórios,Sprint 8,Marcos,19,Média,2,Produção,Frontend,Não
3985,2026-03-25,2026-03-25,Alta,Fechado,Dashboard,Sprint 10,Fernanda,8,Alta,3,Homologação,API,Não
3986,2025-05-12,2025-05-14,Baixa,Fechado,API Clientes,Sprint 3,Ana,60,Média,2,Homologação,Backend,Não
3987,2025-11-15,2025-11-15,Alta,Fechado,Relatórios,Sprint 4,Fernanda,16,Baixa,1,Produção,Frontend,Não
3988,2025-09-24,2025-09-26,Alta,Aberto,API Clientes,Sprint 5,Carlos,56,Média,2,Produção,Frontend,Não
3989,2024-06-08,2024-06-08,Crítica,Fechado,Dashboard,Sprint 4,Rafael,19,Alta,3,Produção,Backend,Não
3990,2025-01-08,2025-01-08,Média,Fechado,Login,Sprint 8,Juliana,15,Alta,3,Produção,Frontend,Não
3991,2024-10-27,2024-10-28,Alta,Aberto,Dashboard,Sprint 6,Fernanda,37,Média,2,Homologação,Backend,Não
3992,2025-04-02,2025-04-06,Baixa,Fechado,Relatórios,Sprint 11,Ana,103,Baixa,1,Produção,Backend,Não
3993,2025-04-12,2025-04-15,Crítica,Aberto,Relatórios,Sprint 10,Fernanda,90,Média,2,Produção,Backend,Sim
3994,2025-10-21,2025-10-21,Crítica,Aberto,Dashboard,Sprint 4,Carlos,4,Alta,3,Homologação,Frontend,Não
3995,2026-02-22,2026-02-26,Crítica,Fechado,Pagamento,Sprint 2,Juliana,117,Média,2,Homologação,API,Sim
3996,2025-08-20,2025-08-21,Crítica,Aberto,Relatórios,Sprint 11,Ana,29,Média,2,Produção,API,Não
3997,2025-12-22,2025-12-22,Alta,Aberto,Login,Sprint 1,Fernanda,5,Alta,3,Homologação,API,Sim
3998,2024-10-10,2024-10-13,Baixa,Aberto,Dashboard,Sprint 4,Ana,77,Baixa,1,Produção,Frontend,Não
3999,2025-08-17,2025-08-18,Baixa,Aberto,Mobile App,Sprint 11,Juliana,37,Baixa,1,Produção,API,Sim
4000,2026-05-02,2026-05-05,Média,Fechado,Relatórios,Sprint 1,Ana,74,Média,2,Produção,API,Sim
4001,2025-04-22,2025-04-24,Crítica,Aberto,Mobile App,Sprint 2,Marcos,70,Alta,3,Produção,API,Não
4002,2026-03-06,2026-03-07,Baixa,Fechado,API Clientes,Sprint 7,João,37,Média,2,Produção,API,Não
4003,2024-08-22,2024-08-26,Baixa,Aberto,Dashboard,Sprint 9,Juliana,113,Baixa,1,Produção,Frontend,Não
4004,2025-04-21,2025-04-22,Crítica,Fechado,Dashboard,Sprint 8,Fernanda,24,Alta,3,Produção,API,Não
4005,2024-12-22,2024-12-23,Baixa,Fechado,API Clientes,Sprint 11,Marcos,40,Média,2,Produção,API,Sim
4006,2025-02-10,2025-02-14,Crítica,Fechado,Pagamento,Sprint 8,Marcos,98,Média,2,Homologação,API,Sim
4007,2025-09-22,2025-09-25,Crítica,Fechado,Dashboard,Sprint 5,Marcos,88,Alta,3,Produção,Backend,Não
4008,2024-06-11,2024-06-13,Baixa,Fechado,Dashboard,Sprint 7,Rafael,68,Média,2,Produção,API,Não
4009,2026-02-22,2026-02-23,Alta,Fechado,API Clientes,Sprint 7,Fernanda,32,Baixa,1,Produção,Frontend,Não
4010,2024-11-06,2024-11-06,Crítica,Aberto,Relatórios,Sprint 10,Rafael,2,Baixa,1,Homologação,Backend,Não
4011,2024-08-24,2024-08-26,Baixa,Aberto,Mobile App,Sprint 9,Ana,50,Média,2,Produção,API,Sim
4012,2026-04-06,2026-04-07,Média,Fechado,API Clientes,Sprint 9,João,32,Alta,3,Produção,Frontend,Sim
4013,2024-08-04,2024-08-05,Média,Aberto,API Clientes,Sprint 12,Marcos,29,Média,2,Homologação,Frontend,Não
4014,2024-05-10,2024-05-13,Baixa,Aberto,Relatórios,Sprint 7,João,87,Alta,3,Homologação,API,Não
4015,2025-04-10,2025-04-12,Média,Aberto,Dashboard,Sprint 6,Fernanda,64,Alta,3,Homologação,API,Não
4016,2024-12-20,2024-12-23,Crítica,Fechado,API Clientes,Sprint 9,João,87,Média,2,Produção,Frontend,Não
4017,2025-05-31,2025-06-01,Média,Fechado,Mobile App,Sprint 12,João,44,Baixa,1,Homologação,Backend,Não
4018,2025-04-18,2025-04-21,Média,Fechado,Pagamento,Sprint 3,João,78,Média,2,Produção,Backend,Não
4019,2024-10-30,2024-10-30,Crítica,Fechado,Pagamento,Sprint 5,Rafael,14,Média,2,Homologação,Frontend,Sim
4020,2024-10-30,2024-10-30,Média,Aberto,Mobile App,Sprint 9,João,8,Média,2,Homologação,Backend,Não
4021,2026-03-14,2026-03-17,Alta,Aberto,Login,Sprint 4,Fernanda,92,Baixa,1,Produção,API,Sim
4022,2025-10-28,2025-10-31,Alta,Aberto,Dashboard,Sprint 7,Fernanda,74,Alta,3,Produção,Frontend,Sim
4023,2025-10-06,2025-10-07,Alta,Aberto,Relatórios,Sprint 2,Juliana,41,Alta,3,Homologação,Frontend,Sim
4024,2024-06-17,2024-06-21,Crítica,Fechado,API Clientes,Sprint 12,Ana,107,Baixa,1,Produção,Backend,Sim
4025,2025-08-19,2025-08-23,Média,Aberto,Pagamento,Sprint 9,Carlos,100,Média,2,Produção,Backend,Sim
4026,2024-07-15,2024-07-19,Baixa,Fechado,Login,Sprint 1,Fernanda,118,Alta,3,Produção,Frontend,Sim
4027,2025-09-06,2025-09-08,Alta,Fechado,Mobile App,Sprint 5,Marcos,68,Média,2,Homologação,Backend,Sim
4028,2025-11-05,2025-11-06,Crítica,Aberto,Mobile App,Sprint 3,Fernanda,43,Baixa,1,Homologação,Frontend,Sim
4029,2024-05-25,2024-05-29,Média,Fechado,Relatórios,Sprint 4,Carlos,103,Média,2,Homologação,Frontend,Não
4030,2024-06-07,2024-06-09,Alta,Aberto,Pagamento,Sprint 1,João,62,Alta,3,Produção,Frontend,Sim
4031,2024-06-22,2024-06-26,Baixa,Fechado,Relatórios,Sprint 10,João,115,Baixa,1,Homologação,Backend,Sim
4032,2026-01-06,2026-01-10,Baixa,Fechado,API Clientes,Sprint 4,Rafael,106,Média,2,Produção,Frontend,Não
4033,2025-05-06,2025-05-07,Média,Fechado,Dashboard,Sprint 4,Rafael,32,Baixa,1,Produção,Frontend,Não
4034,2025-08-06,2025-08-08,Alta,Fechado,Login,Sprint 3,Ana,55,Média,2,Produção,Backend,Sim
4035,2024-07-06,2024-07-10,Alta,Fechado,Relatórios,Sprint 1,João,116,Média,2,Produção,Backend,Não
4036,2025-06-10,2025-06-11,Alta,Aberto,API Clientes,Sprint 8,Ana,42,Média,2,Produção,API,Sim
4037,2025-02-16,2025-02-18,Crítica,Aberto,Pagamento,Sprint 8,Juliana,52,Alta,3,Homologação,Frontend,Sim
4038,2024-10-25,2024-10-25,Crítica,Fechado,Login,Sprint 7,Marcos,1,Média,2,Produção,Backend,Não
4039,2024-05-09,2024-05-09,Média,Aberto,Mobile App,Sprint 9,Carlos,10,Baixa,1,Homologação,Backend,Sim
4040,2025-12-12,2025-12-16,Média,Fechado,Pagamento,Sprint 10,Rafael,104,Baixa,1,Produção,API,Sim
4041,2024-06-23,2024-06-23,Alta,Fechado,Relatórios,Sprint 5,Juliana,3,Alta,3,Homologação,Frontend,Não
4042,2025-07-31,2025-08-01,Baixa,Fechado,Relatórios,Sprint 5,Ana,43,Média,2,Produção,Frontend,Sim
4043,2025-06-09,2025-06-09,Alta,Aberto,API Clientes,Sprint 11,Fernanda,5,Baixa,1,Homologação,API,Não
4044,2024-12-07,2024-12-10,Alta,Aberto,Relatórios,Sprint 1,Ana,81,Alta,3,Produção,Backend,Sim
4045,2025-01-30,2025-02-03,Baixa,Fechado,Mobile App,Sprint 5,Marcos,110,Alta,3,Produção,Backend,Sim
4046,2024-10-23,2024-10-23,Média,Aberto,Dashboard,Sprint 7,Rafael,7,Alta,3,Homologação,API,Sim
4047,2025-09-27,2025-09-28,Média,Aberto,Login,Sprint 6,João,29,Média,2,Homologação,API,Não
4048,2025-03-10,2025-03-11,Baixa,Aberto,Relatórios,Sprint 9,Fernanda,25,Média,2,Produção,Backend,Não
4049,2024-09-23,2024-09-24,Crítica,Aberto,Mobile App,Sprint 11,Ana,30,Média,2,Produção,Backend,Sim
4050,2024-08-12,2024-08-16,Alta,Fechado,Login,Sprint 2,Rafael,107,Alta,3,Produção,Backend,Sim
4051,2025-08-05,2025-08-07,Média,Aberto,Mobile App,Sprint 10,Juliana,71,Alta,3,Homologação,Frontend,Não
4052,2024-09-04,2024-09-07,Alta,Fechado,Relatórios,Sprint 2,João,83,Alta,3,Homologação,API,Não
4053,2025-03-16,2025-03-18,Alta,Aberto,API Clientes,Sprint 12,Ana,48,Baixa,1,Produção,Frontend,Sim
4054,2025-04-07,2025-04-07,Alta,Fechado,Relatórios,Sprint 2,Rafael,8,Alta,3,Homologação,API,Sim
4055,2025-03-24,2025-03-25,Baixa,Fechado,Relatórios,Sprint 4,João,32,Alta,3,Homologação,API,Não
4056,2025-04-19,2025-04-19,Alta,Fechado,Login,Sprint 7,Fernanda,4,Alta,3,Homologação,Backend,Sim
4057,2024-07-14,2024-07-17,Média,Fechado,API Clientes,Sprint 1,Juliana,95,Média,2,Homologação,Backend,Não
4058,2024-05-19,2024-05-19,Alta,Fechado,Pagamento,Sprint 1,João,1,Alta,3,Homologação,Backend,Sim
4059,2024-06-04,2024-06-07,Média,Fechado,Login,Sprint 10,Juliana,84,Alta,3,Produção,Backend,Sim
4060,2025-02-09,2025-02-13,Crítica,Aberto,Login,Sprint 9,João,98,Baixa,1,Produção,API,Sim
4061,2026-03-18,2026-03-18,Média,Fechado,Login,Sprint 10,Juliana,4,Alta,3,Produção,API,Não
4062,2025-11-10,2025-11-14,Baixa,Aberto,Mobile App,Sprint 8,Carlos,109,Alta,3,Produção,Frontend,Sim
4063,2024-06-14,2024-06-16,Crítica,Aberto,Relatórios,Sprint 1,Fernanda,64,Alta,3,Homologação,Backend,Não
4064,2025-07-23,2025-07-27,Baixa,Aberto,Dashboard,Sprint 11,Marcos,109,Média,2,Homologação,Frontend,Não
4065,2024-10-15,2024-10-17,Baixa,Aberto,Relatórios,Sprint 6,João,65,Baixa,1,Homologação,Backend,Não
4066,2024-11-18,2024-11-18,Crítica,Aberto,Mobile App,Sprint 6,Marcos,4,Média,2,Homologação,Backend,Sim
4067,2024-12-06,2024-12-09,Média,Aberto,Dashboard,Sprint 2,Ana,76,Baixa,1,Homologação,Backend,Sim
4068,2024-11-07,2024-11-11,Crítica,Fechado,Mobile App,Sprint 9,Rafael,110,Alta,3,Produção,Backend,Sim
4069,2025-03-06,2025-03-06,Alta,Aberto,API Clientes,Sprint 8,Juliana,7,Média,2,Homologação,API,Não
4070,2025-04-28,2025-05-01,Média,Fechado,Relatórios,Sprint 2,Marcos,82,Média,2,Produção,API,Sim
4071,2024-10-29,2024-10-31,Crítica,Fechado,Relatórios,Sprint 8,Fernanda,63,Alta,3,Homologação,Backend,Sim
4072,2025-09-06,2025-09-08,Alta,Fechado,Pagamento,Sprint 9,Ana,48,Alta,3,Homologação,Backend,Não
4073,2024-08-27,2024-08-31,Média,Fechado,Pagamento,Sprint 1,Rafael,97,Baixa,1,Produção,API,Sim
4074,2024-07-28,2024-07-28,Crítica,Fechado,API Clientes,Sprint 11,Marcos,8,Alta,3,Produção,Frontend,Não
4075,2024-07-06,2024-07-10,Baixa,Aberto,Relatórios,Sprint 7,Marcos,104,Média,2,Produção,Frontend,Não
4076,2026-01-18,2026-01-19,Baixa,Aberto,Mobile App,Sprint 2,Ana,31,Alta,3,Homologação,API,Sim
4077,2025-08-31,2025-08-31,Crítica,Aberto,Relatórios,Sprint 12,Juliana,6,Média,2,Homologação,Backend,Sim
4078,2024-12-18,2024-12-19,Alta,Aberto,API Clientes,Sprint 12,Ana,31,Média,2,Produção,Frontend,Não
4079,2025-04-08,2025-04-12,Crítica,Fechado,API Clientes,Sprint 9,Carlos,100,Alta,3,Produção,Frontend,Sim
4080,2025-01-27,2025-01-29,Média,Fechado,Mobile App,Sprint 6,Carlos,52,Alta,3,Homologação,Frontend,Sim
4081,2025-09-19,2025-09-23,Média,Aberto,Login,Sprint 8,Juliana,103,Baixa,1,Homologação,API,Não
4082,2024-12-30,2024-12-31,Média,Fechado,Mobile App,Sprint 12,Rafael,43,Baixa,1,Homologação,Backend,Sim
4083,2025-06-12,2025-06-13,Crítica,Fechado,Mobile App,Sprint 8,Rafael,41,Média,2,Produção,Backend,Não
4084,2026-01-06,2026-01-07,Média,Fechado,Pagamento,Sprint 5,Juliana,27,Baixa,1,Homologação,Frontend,Não
4085,2025-10-13,2025-10-14,Baixa,Aberto,Mobile App,Sprint 6,João,32,Alta,3,Homologação,Frontend,Sim
4086,2024-11-28,2024-12-02,Média,Aberto,Relatórios,Sprint 5,Marcos,116,Média,2,Produção,API,Sim
4087,2025-02-26,2025-02-28,Alta,Fechado,Mobile App,Sprint 6,João,49,Alta,3,Produção,API,Não
4088,2026-02-15,2026-02-16,Baixa,Fechado,Relatórios,Sprint 7,Rafael,26,Baixa,1,Homologação,Frontend,Não
4089,2024-12-05,2024-12-06,Crítica,Fechado,Pagamento,Sprint 10,Juliana,42,Baixa,1,Homologação,Backend,Sim
4090,2025-12-02,2025-12-02,Baixa,Aberto,Dashboard,Sprint 3,Rafael,8,Alta,3,Homologação,API,Não
4091,2024-11-05,2024-11-06,Média,Fechado,Dashboard,Sprint 10,Ana,34,Alta,3,Produção,Frontend,Sim
4092,2026-03-23,2026-03-27,Baixa,Fechado,Relatórios,Sprint 10,Juliana,109,Alta,3,Produção,Frontend,Sim
4093,2025-08-14,2025-08-18,Média,Fechado,API Clientes,Sprint 6,Ana,98,Alta,3,Homologação,API,Sim
4094,2024-08-27,2024-08-27,Alta,Fechado,Login,Sprint 4,Fernanda,13,Baixa,1,Homologação,Backend,Não
4095,2024-06-14,2024-06-14,Baixa,Fechado,Dashboard,Sprint 11,Ana,7,Alta,3,Homologação,Frontend,Não
4096,2024-11-16,2024-11-20,Alta,Fechado,API Clientes,Sprint 3,Carlos,107,Média,2,Produção,Frontend,Sim
4097,2026-02-15,2026-02-16,Alta,Fechado,Relatórios,Sprint 12,Juliana,44,Alta,3,Produção,Frontend,Sim
4098,2025-01-21,2025-01-24,Baixa,Fechado,Login,Sprint 8,Ana,73,Média,2,Homologação,Frontend,Não
4099,2025-09-05,2025-09-07,Baixa,Fechado,Dashboard,Sprint 8,Juliana,50,Média,2,Produção,API,Sim
4100,2024-10-26,2024-10-28,Média,Aberto,Login,Sprint 8,Marcos,54,Baixa,1,Homologação,Frontend,Não
4101,2024-05-26,2024-05-27,Média,Aberto,Dashboard,Sprint 11,Rafael,25,Média,2,Produção,API,Sim
4102,2024-07-30,2024-07-30,Média,Fechado,Mobile App,Sprint 2,João,1,Baixa,1,Homologação,Backend,Sim
4103,2026-03-09,2026-03-11,Baixa,Fechado,API Clientes,Sprint 5,Juliana,50,Alta,3,Produção,API,Não
4104,2024-11-26,2024-11-27,Média,Aberto,Mobile App,Sprint 4,João,35,Baixa,1,Homologação,Backend,Sim
4105,2025-12-28,2025-12-28,Alta,Aberto,Dashboard,Sprint 7,Juliana,18,Alta,3,Homologação,API,Sim
4106,2026-01-13,2026-01-15,Baixa,Fechado,Mobile App,Sprint 8,Marcos,57,Alta,3,Produção,API,Sim
4107,2026-03-12,2026-03-15,Média,Fechado,Relatórios,Sprint 3,Ana,91,Média,2,Produção,API,Sim
4108,2025-11-22,2025-11-25,Baixa,Fechado,Pagamento,Sprint 10,Marcos,83,Alta,3,Homologação,API,Sim
4109,2024-11-17,2024-11-18,Alta,Aberto,Login,Sprint 4,Rafael,38,Baixa,1,Homologação,API,Não
4110,2024-05-27,2024-05-31,Média,Aberto,Dashboard,Sprint 3,João,116,Alta,3,Homologação,Frontend,Sim
4111,2026-04-07,2026-04-11,Média,Aberto,Login,Sprint 8,Fernanda,116,Baixa,1,Produção,Frontend,Sim
4112,2024-09-11,2024-09-14,Alta,Fechado,API Clientes,Sprint 10,Marcos,80,Alta,3,Homologação,Backend,Não
4113,2025-02-10,2025-02-13,Baixa,Aberto,API Clientes,Sprint 3,Rafael,80,Média,2,Produção,Frontend,Não
4114,2025-03-07,2025-03-09,Alta,Aberto,API Clientes,Sprint 5,Fernanda,59,Alta,3,Produção,Backend,Sim
4115,2026-02-01,2026-02-05,Baixa,Aberto,Login,Sprint 2,Ana,102,Baixa,1,Produção,API,Não
4116,2025-03-18,2025-03-22,Média,Aberto,Dashboard,Sprint 7,Rafael,113,Baixa,1,Produção,Frontend,Não
4117,2024-08-18,2024-08-19,Alta,Aberto,Mobile App,Sprint 3,Ana,24,Alta,3,Homologação,Backend,Sim
4118,2025-03-25,2025-03-27,Baixa,Aberto,Pagamento,Sprint 1,Ana,51,Média,2,Homologação,Frontend,Não
4119,2024-05-31,2024-05-31,Crítica,Fechado,Login,Sprint 8,João,21,Baixa,1,Homologação,Frontend,Não
4120,2024-10-27,2024-10-31,Média,Fechado,Mobile App,Sprint 12,João,99,Baixa,1,Homologação,Backend,Não
4121,2024-09-02,2024-09-02,Crítica,Fechado,Pagamento,Sprint 2,Carlos,7,Alta,3,Homologação,API,Não
4122,2026-01-13,2026-01-13,Baixa,Aberto,Pagamento,Sprint 4,Juliana,23,Média,2,Produção,Backend,Sim
4123,2024-11-21,2024-11-21,Crítica,Aberto,Dashboard,Sprint 8,Rafael,3,Alta,3,Produção,Backend,Não
4124,2025-02-17,2025-02-18,Alta,Fechado,Login,Sprint 7,Juliana,24,Média,2,Produção,API,Sim
4125,2026-02-03,2026-02-05,Média,Fechado,Mobile App,Sprint 3,Ana,63,Média,2,Produção,API,Sim
4126,2025-03-13,2025-03-17,Média,Fechado,Mobile App,Sprint 4,Juliana,102,Alta,3,Produção,Backend,Não
4127,2025-11-11,2025-11-13,Crítica,Aberto,Dashboard,Sprint 3,Juliana,67,Baixa,1,Produção,Backend,Não
4128,2024-08-31,2024-09-04,Média,Aberto,Relatórios,Sprint 10,Marcos,99,Alta,3,Homologação,API,Sim
4129,2026-01-15,2026-01-15,Crítica,Aberto,Mobile App,Sprint 2,Juliana,10,Baixa,1,Produção,Backend,Sim
4130,2025-04-02,2025-04-03,Crítica,Aberto,Dashboard,Sprint 1,Rafael,40,Alta,3,Homologação,API,Sim
4131,2024-08-27,2024-08-29,Alta,Aberto,Mobile App,Sprint 9,Marcos,64,Média,2,Homologação,API,Não
4132,2026-02-24,2026-02-27,Crítica,Aberto,Dashboard,Sprint 8,João,85,Alta,3,Homologação,API,Não
4133,2024-07-28,2024-07-28,Média,Aberto,Dashboard,Sprint 10,Fernanda,17,Baixa,1,Produção,API,Não
4134,2025-06-12,2025-06-14,Alta,Fechado,Mobile App,Sprint 3,Ana,71,Média,2,Homologação,API,Não
4135,2025-03-27,2025-03-28,Média,Aberto,Mobile App,Sprint 1,Juliana,44,Baixa,1,Homologação,API,Sim
4136,2025-05-21,2025-05-22,Baixa,Fechado,Pagamento,Sprint 11,Juliana,45,Média,2,Homologação,Frontend,Sim
4137,2025-11-06,2025-11-06,Crítica,Fechado,Dashboard,Sprint 6,Carlos,4,Alta,3,Produção,Backend,Sim
4138,2026-04-20,2026-04-22,Baixa,Fechado,Mobile App,Sprint 1,Fernanda,52,Média,2,Produção,Backend,Sim
4139,2024-10-31,2024-11-02,Média,Aberto,Dashboard,Sprint 3,João,64,Baixa,1,Homologação,API,Não
4140,2026-02-17,2026-02-21,Média,Aberto,Pagamento,Sprint 11,Rafael,112,Baixa,1,Produção,Frontend,Sim
4141,2024-10-28,2024-10-30,Média,Fechado,Dashboard,Sprint 11,João,57,Baixa,1,Homologação,Frontend,Sim
4142,2025-12-12,2025-12-12,Crítica,Fechado,Relatórios,Sprint 7,Ana,10,Baixa,1,Homologação,Frontend,Sim
4143,2024-06-18,2024-06-18,Média,Aberto,Login,Sprint 1,Marcos,12,Média,2,Homologação,Frontend,Sim
4144,2024-12-26,2024-12-26,Alta,Fechado,Mobile App,Sprint 1,Carlos,7,Média,2,Produção,API,Sim
4145,2024-07-25,2024-07-27,Média,Fechado,Dashboard,Sprint 9,Fernanda,66,Baixa,1,Produção,API,Sim
4146,2025-05-20,2025-05-24,Média,Aberto,Relatórios,Sprint 3,Fernanda,118,Baixa,1,Produção,API,Não
4147,2025-04-05,2025-04-05,Baixa,Fechado,Login,Sprint 3,Marcos,4,Alta,3,Homologação,Backend,Sim
4148,2026-04-28,2026-04-30,Crítica,Fechado,Mobile App,Sprint 11,Ana,55,Alta,3,Produção,Frontend,Não
4149,2025-08-23,2025-08-26,Crítica,Aberto,Pagamento,Sprint 11,Ana,73,Alta,3,Produção,Backend,Sim
4150,2025-11-23,2025-11-26,Crítica,Fechado,Pagamento,Sprint 12,Ana,83,Média,2,Homologação,Backend,Sim
4151,2025-11-28,2025-11-28,Crítica,Fechado,Login,Sprint 1,Rafael,14,Baixa,1,Produção,Backend,Não
4152,2025-04-27,2025-04-27,Baixa,Fechado,Login,Sprint 4,Carlos,1,Baixa,1,Produção,Backend,Não
4153,2024-11-01,2024-11-02,Crítica,Fechado,Pagamento,Sprint 1,Juliana,43,Alta,3,Homologação,Frontend,Sim
4154,2024-07-31,2024-08-03,Alta,Fechado,Mobile App,Sprint 8,Ana,87,Baixa,1,Produção,Backend,Não
4155,2025-01-28,2025-02-01,Crítica,Fechado,API Clientes,Sprint 7,João,102,Baixa,1,Homologação,Backend,Sim
4156,2026-02-28,2026-03-01,Crítica,Fechado,Mobile App,Sprint 2,Ana,28,Alta,3,Produção,API,Sim
4157,2025-12-07,2025-12-09,Média,Fechado,Mobile App,Sprint 11,Rafael,69,Alta,3,Produção,Frontend,Não
4158,2025-05-26,2025-05-28,Média,Aberto,Dashboard,Sprint 6,Carlos,65,Média,2,Homologação,Backend,Não
4159,2026-03-11,2026-03-14,Crítica,Aberto,Mobile App,Sprint 12,Rafael,95,Alta,3,Homologação,API,Sim
4160,2025-12-05,2025-12-06,Baixa,Fechado,Relatórios,Sprint 11,João,36,Baixa,1,Homologação,API,Sim
4161,2025-04-07,2025-04-08,Baixa,Fechado,API Clientes,Sprint 6,Marcos,32,Alta,3,Homologação,API,Sim
4162,2025-05-12,2025-05-16,Baixa,Fechado,Pagamento,Sprint 11,João,117,Alta,3,Produção,Frontend,Não
4163,2024-05-23,2024-05-27,Alta,Aberto,Pagamento,Sprint 10,Ana,116,Média,2,Homologação,Frontend,Não
4164,2026-04-27,2026-04-28,Crítica,Aberto,Relatórios,Sprint 6,Rafael,33,Baixa,1,Homologação,Backend,Sim
4165,2024-09-15,2024-09-15,Crítica,Aberto,Dashboard,Sprint 4,João,18,Baixa,1,Homologação,Frontend,Sim
4166,2024-07-16,2024-07-19,Alta,Fechado,Mobile App,Sprint 6,Rafael,88,Média,2,Produção,API,Não
4167,2025-11-28,2025-11-29,Baixa,Fechado,Relatórios,Sprint 12,Marcos,35,Média,2,Homologação,Backend,Não
4168,2025-05-31,2025-06-03,Média,Aberto,Login,Sprint 1,Juliana,90,Alta,3,Produção,Backend,Sim
4169,2025-06-05,2025-06-08,Baixa,Fechado,Login,Sprint 10,Fernanda,87,Alta,3,Homologação,Frontend,Sim
4170,2026-04-12,2026-04-16,Alta,Fechado,Login,Sprint 12,João,101,Baixa,1,Homologação,API,Não
4171,2025-04-28,2025-04-30,Baixa,Fechado,Login,Sprint 1,Juliana,69,Alta,3,Homologação,API,Não
4172,2026-01-31,2026-02-02,Baixa,Fechado,Dashboard,Sprint 5,Ana,53,Média,2,Homologação,Frontend,Não
4173,2024-07-13,2024-07-14,Baixa,Fechado,Relatórios,Sprint 9,João,39,Média,2,Homologação,Frontend,Sim
4174,2025-02-03,2025-02-07,Baixa,Fechado,API Clientes,Sprint 1,Ana,104,Baixa,1,Produção,Frontend,Não
4175,2024-08-02,2024-08-04,Alta,Fechado,Pagamento,Sprint 1,João,60,Baixa,1,Produção,Frontend,Não
4176,2024-09-05,2024-09-09,Crítica,Fechado,Mobile App,Sprint 5,Marcos,108,Média,2,Produção,Frontend,Sim
4177,2025-03-13,2025-03-14,Baixa,Fechado,API Clientes,Sprint 10,Marcos,34,Baixa,1,Produção,Backend,Não
4178,2025-01-06,2025-01-10,Média,Fechado,API Clientes,Sprint 1,Fernanda,108,Alta,3,Produção,Frontend,Sim
4179,2026-03-29,2026-03-29,Crítica,Fechado,Pagamento,Sprint 3,Ana,8,Baixa,1,Produção,Backend,Não
4180,2024-07-06,2024-07-09,Alta,Aberto,Relatórios,Sprint 2,Ana,89,Média,2,Homologação,Backend,Sim
4181,2024-08-18,2024-08-22,Baixa,Aberto,Pagamento,Sprint 5,Ana,115,Média,2,Homologação,Backend,Sim
4182,2024-08-08,2024-08-11,Alta,Fechado,Mobile App,Sprint 8,Fernanda,94,Baixa,1,Produção,API,Não
4183,2024-11-19,2024-11-20,Média,Fechado,Login,Sprint 11,Juliana,27,Média,2,Produção,Frontend,Sim
4184,2026-02-20,2026-02-20,Alta,Aberto,Mobile App,Sprint 2,Carlos,10,Média,2,Produção,API,Sim
4185,2025-04-03,2025-04-03,Baixa,Fechado,Login,Sprint 4,Juliana,4,Média,2,Homologação,API,Sim
4186,2025-10-22,2025-10-22,Alta,Aberto,Pagamento,Sprint 2,Juliana,7,Baixa,1,Homologação,Backend,Sim
4187,2024-09-09,2024-09-12,Crítica,Aberto,Mobile App,Sprint 6,Rafael,83,Média,2,Produção,API,Não
4188,2024-06-07,2024-06-10,Alta,Fechado,Login,Sprint 2,Rafael,86,Baixa,1,Homologação,Frontend,Não
4189,2025-03-08,2025-03-11,Alta,Fechado,Mobile App,Sprint 3,João,86,Alta,3,Produção,API,Não
4190,2026-04-28,2026-05-02,Alta,Aberto,API Clientes,Sprint 6,Marcos,109,Média,2,Produção,Backend,Sim
4191,2025-03-22,2025-03-25,Alta,Aberto,Relatórios,Sprint 2,Fernanda,93,Alta,3,Homologação,Frontend,Sim
4192,2025-04-25,2025-04-29,Média,Aberto,Dashboard,Sprint 9,Fernanda,103,Baixa,1,Produção,Backend,Sim
4193,2026-03-08,2026-03-11,Alta,Aberto,Relatórios,Sprint 9,Carlos,89,Baixa,1,Homologação,Frontend,Não
4194,2024-12-03,2024-12-04,Crítica,Aberto,Relatórios,Sprint 11,Juliana,41,Baixa,1,Homologação,Frontend,Não
4195,2026-03-30,2026-03-31,Média,Fechado,Pagamento,Sprint 5,Juliana,34,Média,2,Homologação,Backend,Não
4196,2026-04-07,2026-04-09,Alta,Fechado,Relatórios,Sprint 7,Fernanda,62,Média,2,Produção,Frontend,Não
4197,2025-06-16,2025-06-18,Baixa,Aberto,API Clientes,Sprint 1,João,55,Média,2,Produção,Backend,Não
4198,2025-07-05,2025-07-07,Média,Fechado,Dashboard,Sprint 6,Rafael,70,Média,2,Produção,Backend,Não
4199,2025-01-20,2025-01-23,Alta,Fechado,Mobile App,Sprint 7,Carlos,76,Baixa,1,Produção,Frontend,Sim
4200,2025-09-27,2025-09-27,Baixa,Fechado,Pagamento,Sprint 6,Fernanda,3,Média,2,Homologação,API,Sim
4201,2024-05-13,2024-05-16,Baixa,Aberto,API Clientes,Sprint 1,Marcos,78,Média,2,Produção,Frontend,Não
4202,2024-09-10,2024-09-12,Crítica,Aberto,API Clientes,Sprint 3,Fernanda,60,Baixa,1,Produção,API,Não
4203,2025-03-13,2025-03-14,Baixa,Fechado,Login,Sprint 4,Ana,38,Baixa,1,Homologação,Frontend,Sim
4204,2025-03-25,2025-03-29,Alta,Aberto,Mobile App,Sprint 11,Marcos,96,Alta,3,Homologação,Backend,Sim
4205,2024-06-11,2024-06-13,Alta,Aberto,Mobile App,Sprint 4,João,59,Alta,3,Produção,Backend,Não
4206,2025-09-20,2025-09-23,Alta,Fechado,Dashboard,Sprint 10,Juliana,73,Média,2,Homologação,API,Não
4207,2024-09-29,2024-10-03,Baixa,Aberto,API Clientes,Sprint 12,Ana,108,Média,2,Produção,Backend,Não
4208,2025-09-29,2025-10-02,Média,Fechado,Mobile App,Sprint 2,Marcos,88,Alta,3,Produção,Frontend,Sim
4209,2024-06-10,2024-06-15,Alta,Aberto,Pagamento,Sprint 4,Marcos,120,Alta,3,Produção,Backend,Sim
4210,2024-07-06,2024-07-08,Baixa,Fechado,API Clientes,Sprint 5,Juliana,61,Média,2,Produção,API,Não
4211,2025-01-30,2025-01-30,Crítica,Fechado,Mobile App,Sprint 6,Carlos,6,Média,2,Produção,Frontend,Não
4212,2024-09-26,2024-09-27,Baixa,Aberto,Login,Sprint 6,Carlos,30,Alta,3,Produção,API,Sim
4213,2025-02-10,2025-02-12,Média,Aberto,API Clientes,Sprint 11,Fernanda,69,Alta,3,Homologação,API,Não
4214,2024-06-30,2024-06-30,Média,Fechado,API Clientes,Sprint 8,João,22,Alta,3,Homologação,Frontend,Sim
4215,2025-01-05,2025-01-08,Alta,Fechado,Pagamento,Sprint 4,Rafael,80,Baixa,1,Homologação,Frontend,Sim
4216,2026-04-24,2026-04-27,Média,Fechado,Mobile App,Sprint 10,Ana,92,Média,2,Produção,Backend,Sim
4217,2024-08-05,2024-08-05,Média,Fechado,Login,Sprint 8,João,6,Baixa,1,Produção,Frontend,Não
4218,2026-02-06,2026-02-07,Alta,Fechado,Relatórios,Sprint 11,Rafael,25,Alta,3,Homologação,Backend,Sim
4219,2024-09-09,2024-09-13,Baixa,Fechado,Dashboard,Sprint 8,Ana,112,Média,2,Produção,Frontend,Não
4220,2025-04-03,2025-04-04,Média,Aberto,Relatórios,Sprint 8,Ana,24,Baixa,1,Produção,API,Não
4221,2025-05-08,2025-05-08,Média,Aberto,API Clientes,Sprint 8,Rafael,7,Média,2,Produção,Frontend,Sim
4222,2024-12-20,2024-12-23,Média,Fechado,Login,Sprint 12,Fernanda,79,Média,2,Homologação,Frontend,Sim
4223,2024-11-21,2024-11-24,Crítica,Fechado,Relatórios,Sprint 11,Rafael,88,Alta,3,Produção,API,Sim
4224,2025-06-03,2025-06-05,Baixa,Aberto,Relatórios,Sprint 1,João,53,Alta,3,Produção,Frontend,Sim
4225,2025-03-25,2025-03-28,Crítica,Aberto,Pagamento,Sprint 2,Marcos,72,Alta,3,Homologação,Backend,Sim
4226,2025-12-26,2025-12-27,Alta,Fechado,Login,Sprint 3,Ana,32,Alta,3,Produção,Frontend,Não
4227,2024-11-05,2024-11-09,Crítica,Fechado,Login,Sprint 8,Fernanda,104,Alta,3,Homologação,API,Sim
4228,2025-01-05,2025-01-06,Média,Aberto,Relatórios,Sprint 9,Marcos,26,Baixa,1,Produção,Backend,Sim
4229,2024-09-12,2024-09-16,Alta,Aberto,API Clientes,Sprint 6,Carlos,114,Alta,3,Produção,API,Não
4230,2024-12-30,2024-12-30,Baixa,Aberto,API Clientes,Sprint 9,Juliana,16,Baixa,1,Homologação,Backend,Não
4231,2025-01-27,2025-01-29,Crítica,Fechado,Dashboard,Sprint 11,Marcos,67,Alta,3,Homologação,Frontend,Não
4232,2025-05-24,2025-05-27,Alta,Fechado,Login,Sprint 5,Marcos,74,Baixa,1,Homologação,Frontend,Sim
4233,2025-10-22,2025-10-24,Alta,Fechado,Pagamento,Sprint 8,Ana,51,Média,2,Homologação,Backend,Sim
4234,2026-04-30,2026-05-02,Alta,Aberto,Login,Sprint 5,Rafael,70,Baixa,1,Produção,API,Não
4235,2024-12-25,2024-12-29,Alta,Aberto,Mobile App,Sprint 12,Fernanda,98,Alta,3,Homologação,Frontend,Sim
4236,2025-03-09,2025-03-11,Alta,Aberto,Dashboard,Sprint 10,Rafael,63,Média,2,Produção,API,Não
4237,2024-08-29,2024-08-29,Crítica,Fechado,Dashboard,Sprint 1,João,14,Média,2,Homologação,API,Não
4238,2025-07-27,2025-07-29,Crítica,Fechado,Relatórios,Sprint 2,Rafael,69,Média,2,Produção,Frontend,Não
4239,2025-02-22,2025-02-25,Crítica,Aberto,API Clientes,Sprint 5,Carlos,83,Média,2,Homologação,API,Sim
4240,2025-08-28,2025-08-31,Crítica,Fechado,Pagamento,Sprint 8,João,84,Alta,3,Produção,Frontend,Sim
4241,2024-07-29,2024-07-30,Média,Aberto,API Clientes,Sprint 12,Fernanda,36,Alta,3,Homologação,API,Sim
4242,2024-10-24,2024-10-28,Média,Fechado,Relatórios,Sprint 1,Fernanda,119,Média,2,Homologação,Frontend,Não
4243,2024-10-10,2024-10-10,Média,Fechado,Dashboard,Sprint 2,Rafael,6,Média,2,Homologação,Backend,Não
4244,2026-03-25,2026-03-29,Média,Fechado,Mobile App,Sprint 10,Ana,101,Alta,3,Produção,Frontend,Sim
4245,2025-05-09,2025-05-11,Alta,Fechado,Login,Sprint 3,Fernanda,61,Baixa,1,Homologação,Backend,Sim
4246,2025-09-12,2025-09-12,Média,Aberto,Login,Sprint 9,Rafael,10,Baixa,1,Homologação,Backend,Não
4247,2024-08-04,2024-08-08,Baixa,Fechado,Pagamento,Sprint 3,Juliana,101,Alta,3,Homologação,Frontend,Não
4248,2025-10-04,2025-10-08,Crítica,Aberto,Login,Sprint 10,Marcos,100,Média,2,Produção,Backend,Não
4249,2025-10-01,2025-10-05,Média,Fechado,Mobile App,Sprint 10,Carlos,104,Alta,3,Produção,Frontend,Sim
4250,2024-12-26,2024-12-30,Baixa,Aberto,Mobile App,Sprint 7,Fernanda,116,Média,2,Produção,Frontend,Não
4251,2024-05-12,2024-05-14,Alta,Fechado,Mobile App,Sprint 8,Rafael,56,Alta,3,Produção,API,Não
4252,2024-09-03,2024-09-07,Crítica,Aberto,Login,Sprint 8,Fernanda,103,Baixa,1,Homologação,Frontend,Não
4253,2024-11-19,2024-11-23,Média,Fechado,Login,Sprint 1,Rafael,101,Baixa,1,Homologação,API,Sim
4254,2025-06-22,2025-06-25,Crítica,Fechado,Dashboard,Sprint 4,João,94,Alta,3,Homologação,Frontend,Não
4255,2025-02-25,2025-02-26,Crítica,Fechado,Pagamento,Sprint 2,Fernanda,31,Alta,3,Homologação,API,Não
4256,2025-07-04,2025-07-08,Baixa,Fechado,Dashboard,Sprint 6,Rafael,103,Média,2,Homologação,Backend,Sim
4257,2024-10-30,2024-11-01,Alta,Fechado,Dashboard,Sprint 2,Fernanda,68,Baixa,1,Produção,Backend,Não
4258,2024-09-06,2024-09-10,Baixa,Fechado,Login,Sprint 12,Juliana,113,Baixa,1,Homologação,Frontend,Não
4259,2025-04-15,2025-04-16,Alta,Aberto,Login,Sprint 11,Ana,27,Alta,3,Produção,Frontend,Sim
4260,2024-08-07,2024-08-10,Média,Aberto,Dashboard,Sprint 10,Rafael,74,Alta,3,Produção,Frontend,Não
4261,2024-08-29,2024-09-01,Média,Aberto,Mobile App,Sprint 12,Carlos,90,Baixa,1,Homologação,API,Não
4262,2025-10-11,2025-10-13,Alta,Fechado,API Clientes,Sprint 8,Carlos,66,Média,2,Homologação,API,Não
4263,2026-03-04,2026-03-04,Crítica,Fechado,API Clientes,Sprint 1,Fernanda,15,Alta,3,Homologação,Backend,Sim
4264,2024-11-01,2024-11-04,Baixa,Fechado,Mobile App,Sprint 12,Fernanda,74,Baixa,1,Homologação,Backend,Não
4265,2025-04-13,2025-04-15,Crítica,Fechado,Dashboard,Sprint 8,Juliana,63,Alta,3,Homologação,Backend,Não
4266,2026-03-11,2026-03-15,Crítica,Fechado,Login,Sprint 9,Fernanda,111,Média,2,Produção,Frontend,Não
4267,2024-07-03,2024-07-07,Média,Fechado,Dashboard,Sprint 6,Fernanda,109,Alta,3,Produção,Frontend,Não
4268,2026-03-08,2026-03-09,Alta,Fechado,Relatórios,Sprint 3,Marcos,47,Baixa,1,Homologação,Frontend,Não
4269,2026-03-13,2026-03-14,Alta,Aberto,Pagamento,Sprint 1,João,47,Média,2,Produção,API,Não
4270,2025-01-09,2025-01-12,Crítica,Aberto,Relatórios,Sprint 9,João,89,Baixa,1,Produção,API,Não
4271,2025-10-24,2025-10-28,Alta,Aberto,Login,Sprint 7,Rafael,101,Alta,3,Homologação,Frontend,Não
4272,2025-08-01,2025-08-03,Média,Aberto,Pagamento,Sprint 3,Rafael,54,Média,2,Produção,Backend,Sim
4273,2024-07-03,2024-07-03,Baixa,Aberto,Relatórios,Sprint 4,Ana,8,Baixa,1,Produção,Frontend,Sim
4274,2025-10-22,2025-10-26,Alta,Aberto,API Clientes,Sprint 6,Fernanda,118,Baixa,1,Homologação,Backend,Não
4275,2026-02-06,2026-02-07,Média,Fechado,Dashboard,Sprint 3,Marcos,41,Média,2,Homologação,Frontend,Não
4276,2025-07-26,2025-07-26,Média,Fechado,Relatórios,Sprint 8,Fernanda,10,Média,2,Homologação,Backend,Sim
4277,2025-05-11,2025-05-12,Crítica,Aberto,Mobile App,Sprint 9,João,41,Baixa,1,Produção,API,Sim
4278,2025-05-05,2025-05-06,Crítica,Fechado,Relatórios,Sprint 7,Ana,43,Média,2,Produção,API,Não
4279,2024-11-23,2024-11-26,Crítica,Fechado,Login,Sprint 8,Juliana,91,Alta,3,Produção,Backend,Não
4280,2026-04-24,2026-04-28,Baixa,Aberto,Mobile App,Sprint 7,Ana,116,Baixa,1,Homologação,Backend,Não
4281,2025-12-19,2025-12-22,Crítica,Aberto,Relatórios,Sprint 4,João,82,Média,2,Homologação,Frontend,Não
4282,2024-07-24,2024-07-26,Baixa,Fechado,Relatórios,Sprint 8,Ana,68,Média,2,Homologação,Backend,Sim
4283,2025-05-17,2025-05-17,Média,Fechado,Login,Sprint 10,Rafael,12,Baixa,1,Produção,API,Não
4284,2026-02-14,2026-02-18,Média,Aberto,Pagamento,Sprint 9,Juliana,110,Alta,3,Homologação,Frontend,Sim
4285,2025-01-02,2025-01-06,Baixa,Fechado,Mobile App,Sprint 2,Marcos,118,Baixa,1,Produção,API,Não
4286,2024-08-06,2024-08-10,Crítica,Aberto,Dashboard,Sprint 12,Fernanda,116,Média,2,Homologação,API,Sim
4287,2025-07-13,2025-07-13,Baixa,Fechado,Dashboard,Sprint 7,João,20,Baixa,1,Produção,API,Sim
4288,2025-08-02,2025-08-05,Alta,Aberto,Relatórios,Sprint 3,Fernanda,78,Baixa,1,Produção,API,Sim
4289,2025-03-07,2025-03-09,Alta,Aberto,Mobile App,Sprint 9,Carlos,50,Baixa,1,Homologação,Frontend,Sim
4290,2025-11-21,2025-11-21,Crítica,Fechado,Dashboard,Sprint 10,Rafael,7,Alta,3,Homologação,Frontend,Não
4291,2025-10-02,2025-10-06,Baixa,Aberto,Dashboard,Sprint 9,Fernanda,115,Baixa,1,Produção,Backend,Sim
4292,2024-11-29,2024-12-01,Alta,Aberto,Mobile App,Sprint 10,Ana,63,Média,2,Produção,Frontend,Sim
4293,2026-01-21,2026-01-25,Crítica,Aberto,Pagamento,Sprint 5,Fernanda,110,Alta,3,Produção,Backend,Sim
4294,2025-05-28,2025-05-28,Baixa,Fechado,API Clientes,Sprint 2,Juliana,12,Baixa,1,Produção,Frontend,Não
4295,2025-01-22,2025-01-25,Média,Aberto,API Clientes,Sprint 8,Juliana,90,Alta,3,Produção,Backend,Não
4296,2024-11-08,2024-11-09,Alta,Fechado,API Clientes,Sprint 2,João,46,Média,2,Produção,Backend,Não
4297,2024-05-26,2024-05-28,Alta,Fechado,Dashboard,Sprint 9,Carlos,61,Baixa,1,Homologação,Backend,Sim
4298,2025-08-21,2025-08-22,Crítica,Fechado,Login,Sprint 6,Juliana,24,Média,2,Produção,API,Sim
4299,2026-01-02,2026-01-06,Média,Fechado,Pagamento,Sprint 8,Juliana,103,Alta,3,Produção,Frontend,Sim
4300,2025-09-03,2025-09-04,Baixa,Aberto,Dashboard,Sprint 4,Juliana,45,Baixa,1,Produção,API,Sim
4301,2024-11-25,2024-11-27,Crítica,Fechado,Relatórios,Sprint 3,Fernanda,56,Baixa,1,Homologação,Backend,Sim
4302,2025-10-10,2025-10-11,Baixa,Aberto,Relatórios,Sprint 10,Rafael,28,Alta,3,Produção,Frontend,Não
4303,2024-08-17,2024-08-21,Baixa,Aberto,API Clientes,Sprint 6,Marcos,118,Baixa,1,Produção,API,Não
4304,2025-08-17,2025-08-18,Baixa,Fechado,Pagamento,Sprint 2,Rafael,41,Média,2,Produção,Backend,Sim
4305,2024-11-10,2024-11-10,Crítica,Fechado,Relatórios,Sprint 2,Carlos,23,Baixa,1,Produção,API,Não
4306,2024-06-14,2024-06-18,Média,Fechado,Dashboard,Sprint 4,João,107,Média,2,Homologação,Backend,Não
4307,2025-06-02,2025-06-03,Crítica,Aberto,Dashboard,Sprint 3,Ana,27,Baixa,1,Produção,API,Sim
4308,2025-01-13,2025-01-15,Média,Aberto,API Clientes,Sprint 7,Juliana,60,Alta,3,Produção,Backend,Sim
4309,2025-01-07,2025-01-09,Baixa,Fechado,Relatórios,Sprint 6,Juliana,60,Alta,3,Homologação,Frontend,Sim
4310,2024-06-04,2024-06-07,Média,Fechado,Pagamento,Sprint 1,Carlos,78,Baixa,1,Produção,API,Sim
4311,2025-08-04,2025-08-08,Crítica,Aberto,Mobile App,Sprint 3,Fernanda,116,Baixa,1,Homologação,API,Não
4312,2025-01-22,2025-01-27,Alta,Fechado,API Clientes,Sprint 6,Marcos,120,Média,2,Homologação,Frontend,Não
4313,2024-11-06,2024-11-06,Alta,Fechado,Mobile App,Sprint 1,Ana,22,Alta,3,Homologação,Backend,Não
4314,2024-07-15,2024-07-18,Média,Aberto,Mobile App,Sprint 5,Rafael,82,Baixa,1,Homologação,Backend,Não
4315,2024-10-12,2024-10-16,Alta,Aberto,Dashboard,Sprint 5,Juliana,110,Alta,3,Homologação,API,Sim
4316,2024-11-08,2024-11-09,Crítica,Fechado,API Clientes,Sprint 4,Fernanda,43,Baixa,1,Produção,API,Não
4317,2026-03-10,2026-03-10,Crítica,Fechado,Relatórios,Sprint 11,João,14,Alta,3,Homologação,API,Não
4318,2026-02-15,2026-02-19,Crítica,Fechado,API Clientes,Sprint 1,Carlos,117,Alta,3,Produção,API,Sim
4319,2025-04-02,2025-04-04,Alta,Aberto,Pagamento,Sprint 10,Rafael,58,Alta,3,Homologação,API,Não
4320,2026-01-11,2026-01-13,Média,Aberto,Login,Sprint 10,Ana,67,Média,2,Produção,Frontend,Não
4321,2025-04-15,2025-04-15,Alta,Fechado,Dashboard,Sprint 8,Marcos,12,Alta,3,Homologação,API,Sim
4322,2024-06-09,2024-06-11,Média,Aberto,API Clientes,Sprint 7,João,59,Alta,3,Produção,Backend,Sim
4323,2025-10-29,2025-10-30,Crítica,Fechado,Pagamento,Sprint 1,Ana,37,Baixa,1,Homologação,Frontend,Sim
4324,2024-11-23,2024-11-24,Média,Aberto,Relatórios,Sprint 9,Ana,29,Média,2,Produção,Frontend,Sim
4325,2024-08-24,2024-08-25,Média,Fechado,Mobile App,Sprint 4,Marcos,47,Alta,3,Produção,Frontend,Não
4326,2024-09-04,2024-09-04,Alta,Fechado,Pagamento,Sprint 9,Fernanda,5,Baixa,1,Produção,Backend,Não
4327,2024-08-03,2024-08-06,Alta,Aberto,Relatórios,Sprint 1,Marcos,87,Alta,3,Homologação,API,Sim
4328,2025-06-28,2025-07-01,Alta,Fechado,API Clientes,Sprint 8,Juliana,85,Alta,3,Produção,Frontend,Não
4329,2024-12-08,2024-12-10,Alta,Fechado,API Clientes,Sprint 7,João,65,Baixa,1,Homologação,API,Não
4330,2024-08-21,2024-08-24,Média,Fechado,Mobile App,Sprint 1,Juliana,89,Alta,3,Homologação,Frontend,Não
4331,2025-07-17,2025-07-19,Alta,Aberto,Relatórios,Sprint 6,Fernanda,65,Baixa,1,Produção,Backend,Não
4332,2024-11-11,2024-11-11,Crítica,Aberto,API Clientes,Sprint 7,Marcos,22,Alta,3,Produção,Frontend,Sim
4333,2025-08-19,2025-08-20,Média,Fechado,Pagamento,Sprint 11,Fernanda,42,Média,2,Homologação,API,Sim
4334,2025-05-27,2025-05-29,Alta,Fechado,Pagamento,Sprint 4,Rafael,61,Baixa,1,Produção,Backend,Não
4335,2024-12-16,2024-12-20,Crítica,Fechado,Login,Sprint 1,Fernanda,113,Média,2,Produção,Backend,Não
4336,2025-09-10,2025-09-10,Baixa,Fechado,Relatórios,Sprint 7,Ana,12,Alta,3,Homologação,API,Não
4337,2026-02-13,2026-02-16,Alta,Fechado,Relatórios,Sprint 5,Carlos,79,Baixa,1,Produção,API,Não
4338,2025-07-09,2025-07-09,Crítica,Fechado,API Clientes,Sprint 2,Ana,11,Alta,3,Homologação,Backend,Sim
4339,2026-01-06,2026-01-10,Média,Aberto,Login,Sprint 9,Ana,109,Alta,3,Produção,Frontend,Não
4340,2024-11-15,2024-11-18,Média,Fechado,API Clientes,Sprint 7,Marcos,75,Alta,3,Produção,Frontend,Sim
4341,2024-06-28,2024-06-30,Média,Aberto,Login,Sprint 11,Ana,64,Média,2,Produção,Frontend,Sim
4342,2025-03-04,2025-03-06,Baixa,Fechado,Pagamento,Sprint 1,Carlos,50,Baixa,1,Produção,Frontend,Sim
4343,2025-11-22,2025-11-23,Média,Aberto,Pagamento,Sprint 4,Rafael,47,Baixa,1,Homologação,API,Sim
4344,2026-01-16,2026-01-19,Alta,Aberto,Relatórios,Sprint 9,Ana,87,Baixa,1,Produção,Frontend,Não
4345,2024-07-18,2024-07-18,Média,Aberto,Relatórios,Sprint 10,João,6,Baixa,1,Homologação,Frontend,Sim
4346,2024-09-07,2024-09-11,Média,Fechado,Relatórios,Sprint 1,Rafael,107,Baixa,1,Produção,Frontend,Não
4347,2025-11-01,2025-11-03,Alta,Fechado,Relatórios,Sprint 12,Juliana,63,Alta,3,Produção,Frontend,Sim
4348,2025-11-25,2025-11-28,Baixa,Fechado,API Clientes,Sprint 6,Rafael,89,Baixa,1,Produção,Frontend,Não
4349,2024-05-31,2024-06-04,Média,Fechado,Pagamento,Sprint 9,Rafael,109,Média,2,Homologação,Frontend,Não
4350,2025-03-07,2025-03-11,Alta,Fechado,Mobile App,Sprint 8,Fernanda,117,Baixa,1,Homologação,API,Sim
4351,2024-05-13,2024-05-13,Baixa,Fechado,Login,Sprint 3,João,15,Média,2,Produção,API,Sim
4352,2025-09-09,2025-09-13,Alta,Aberto,Login,Sprint 10,Ana,116,Baixa,1,Produção,API,Sim
4353,2026-02-22,2026-02-23,Baixa,Aberto,Pagamento,Sprint 3,Carlos,37,Alta,3,Homologação,API,Sim
4354,2024-12-09,2024-12-09,Média,Aberto,Dashboard,Sprint 12,Carlos,4,Média,2,Produção,Frontend,Não
4355,2026-03-24,2026-03-25,Crítica,Fechado,Pagamento,Sprint 6,Ana,24,Alta,3,Produção,Frontend,Sim
4356,2024-12-07,2024-12-08,Baixa,Fechado,API Clientes,Sprint 10,Fernanda,29,Baixa,1,Homologação,Frontend,Sim
4357,2025-11-15,2025-11-15,Crítica,Aberto,Login,Sprint 12,Rafael,22,Média,2,Produção,Backend,Não
4358,2025-11-01,2025-11-03,Baixa,Fechado,API Clientes,Sprint 12,Marcos,65,Baixa,1,Homologação,API,Sim
4359,2025-02-16,2025-02-19,Média,Fechado,Login,Sprint 6,Ana,77,Baixa,1,Homologação,Backend,Sim
4360,2024-05-08,2024-05-10,Média,Aberto,Pagamento,Sprint 3,Carlos,56,Média,2,Homologação,Frontend,Não
4361,2024-12-08,2024-12-11,Média,Aberto,Dashboard,Sprint 11,Carlos,88,Média,2,Homologação,Frontend,Sim
4362,2025-06-04,2025-06-07,Alta,Aberto,Login,Sprint 11,Fernanda,78,Alta,3,Produção,Backend,Não
4363,2024-07-31,2024-08-04,Baixa,Fechado,Relatórios,Sprint 6,Ana,102,Média,2,Homologação,Backend,Não
4364,2026-01-02,2026-01-04,Média,Fechado,Relatórios,Sprint 5,João,58,Baixa,1,Homologação,API,Não
4365,2025-07-05,2025-07-05,Baixa,Aberto,Login,Sprint 11,João,7,Alta,3,Homologação,Backend,Não
4366,2024-09-30,2024-10-04,Alta,Aberto,Dashboard,Sprint 6,Juliana,107,Baixa,1,Produção,Frontend,Não
4367,2024-11-26,2024-11-30,Crítica,Aberto,API Clientes,Sprint 11,Marcos,116,Baixa,1,Homologação,Frontend,Sim
4368,2026-01-20,2026-01-22,Baixa,Aberto,Mobile App,Sprint 9,Ana,71,Baixa,1,Produção,Frontend,Não
4369,2024-10-21,2024-10-21,Média,Aberto,Pagamento,Sprint 5,Carlos,14,Baixa,1,Homologação,Frontend,Não
4370,2026-02-25,2026-02-27,Baixa,Aberto,Dashboard,Sprint 1,Ana,69,Baixa,1,Homologação,Frontend,Não
4371,2024-08-09,2024-08-10,Baixa,Fechado,Mobile App,Sprint 12,Rafael,41,Baixa,1,Homologação,Backend,Sim
4372,2025-02-28,2025-03-03,Crítica,Aberto,Mobile App,Sprint 7,Fernanda,93,Baixa,1,Homologação,Backend,Não
4373,2025-05-07,2025-05-11,Crítica,Aberto,Mobile App,Sprint 11,Carlos,117,Alta,3,Produção,Backend,Sim
4374,2024-06-28,2024-06-30,Baixa,Fechado,Mobile App,Sprint 5,Marcos,58,Alta,3,Produção,Frontend,Sim
4375,2025-11-15,2025-11-18,Baixa,Aberto,Dashboard,Sprint 6,Juliana,74,Baixa,1,Homologação,Backend,Não
4376,2024-07-05,2024-07-07,Crítica,Aberto,Relatórios,Sprint 6,Ana,60,Média,2,Homologação,API,Não
4377,2025-05-24,2025-05-27,Baixa,Fechado,Login,Sprint 10,Ana,95,Baixa,1,Produção,Backend,Não
4378,2025-06-02,2025-06-03,Baixa,Fechado,API Clientes,Sprint 1,Ana,40,Média,2,Produção,API,Sim
4379,2024-12-16,2024-12-19,Alta,Fechado,Pagamento,Sprint 5,João,72,Baixa,1,Produção,Backend,Não
4380,2026-02-28,2026-03-03,Alta,Aberto,Mobile App,Sprint 3,Carlos,85,Baixa,1,Homologação,API,Sim
4381,2025-08-05,2025-08-07,Crítica,Aberto,Dashboard,Sprint 12,Marcos,69,Média,2,Homologação,Frontend,Não
4382,2026-02-03,2026-02-03,Média,Aberto,Mobile App,Sprint 12,Fernanda,22,Alta,3,Homologação,API,Sim
4383,2025-08-11,2025-08-11,Alta,Aberto,Relatórios,Sprint 4,Marcos,21,Alta,3,Homologação,API,Não
4384,2026-02-09,2026-02-10,Alta,Fechado,Dashboard,Sprint 9,Fernanda,26,Alta,3,Homologação,Frontend,Não
4385,2024-05-29,2024-05-30,Média,Fechado,Mobile App,Sprint 7,Rafael,32,Alta,3,Homologação,Frontend,Sim
4386,2026-01-02,2026-01-05,Crítica,Fechado,API Clientes,Sprint 3,Rafael,78,Baixa,1,Produção,Backend,Sim
4387,2025-12-10,2025-12-11,Média,Fechado,Login,Sprint 7,Juliana,43,Baixa,1,Produção,Frontend,Sim
4388,2024-12-17,2024-12-19,Média,Aberto,Dashboard,Sprint 1,Carlos,53,Média,2,Homologação,API,Sim
4389,2024-05-13,2024-05-13,Crítica,Aberto,Dashboard,Sprint 12,Fernanda,12,Média,2,Produção,Backend,Sim
4390,2025-05-29,2025-05-31,Crítica,Aberto,Pagamento,Sprint 4,Fernanda,52,Baixa,1,Homologação,Frontend,Não
4391,2025-10-16,2025-10-17,Alta,Fechado,Mobile App,Sprint 2,Juliana,36,Média,2,Homologação,Frontend,Não
4392,2024-06-15,2024-06-19,Média,Aberto,Login,Sprint 2,João,112,Média,2,Homologação,Backend,Não
4393,2025-10-31,2025-11-01,Alta,Fechado,Mobile App,Sprint 5,Ana,38,Alta,3,Produção,API,Não
4394,2025-07-07,2025-07-07,Alta,Fechado,Pagamento,Sprint 9,Carlos,23,Alta,3,Homologação,Frontend,Sim
4395,2024-10-02,2024-10-05,Baixa,Fechado,Dashboard,Sprint 8,Juliana,80,Baixa,1,Produção,Backend,Não
4396,2024-06-11,2024-06-12,Crítica,Aberto,Dashboard,Sprint 8,Juliana,37,Baixa,1,Produção,Backend,Sim
4397,2025-05-22,2025-05-25,Crítica,Fechado,Mobile App,Sprint 10,Rafael,84,Alta,3,Produção,Backend,Sim
4398,2025-10-30,2025-11-03,Baixa,Fechado,Dashboard,Sprint 2,Fernanda,110,Baixa,1,Homologação,API,Sim
4399,2024-07-18,2024-07-22,Média,Fechado,API Clientes,Sprint 10,Ana,103,Alta,3,Produção,Frontend,Não
4400,2026-03-12,2026-03-14,Média,Fechado,Dashboard,Sprint 12,Ana,60,Alta,3,Produção,Frontend,Sim
4401,2025-10-04,2025-10-04,Crítica,Fechado,Pagamento,Sprint 12,João,18,Média,2,Homologação,Frontend,Não
4402,2025-06-07,2025-06-08,Baixa,Aberto,Dashboard,Sprint 11,João,27,Alta,3,Produção,Backend,Não
4403,2025-04-09,2025-04-12,Crítica,Aberto,Mobile App,Sprint 1,João,95,Alta,3,Homologação,Frontend,Não
4404,2025-02-18,2025-02-22,Baixa,Aberto,Login,Sprint 9,João,117,Média,2,Produção,Backend,Não
4405,2025-06-03,2025-06-03,Baixa,Fechado,API Clientes,Sprint 2,Fernanda,2,Média,2,Produção,Frontend,Sim
4406,2025-03-09,2025-03-13,Alta,Aberto,Pagamento,Sprint 12,Ana,116,Baixa,1,Produção,Backend,Sim
4407,2025-02-15,2025-02-15,Baixa,Aberto,API Clientes,Sprint 3,Marcos,1,Média,2,Homologação,API,Sim
4408,2024-08-15,2024-08-18,Baixa,Aberto,Login,Sprint 9,João,82,Baixa,1,Produção,Backend,Não
4409,2025-12-16,2025-12-16,Baixa,Fechado,Relatórios,Sprint 7,Rafael,19,Média,2,Homologação,API,Não
4410,2025-09-20,2025-09-22,Média,Aberto,Login,Sprint 11,Carlos,65,Média,2,Homologação,Frontend,Não
4411,2024-11-29,2024-12-03,Média,Fechado,API Clientes,Sprint 1,Juliana,108,Média,2,Homologação,Frontend,Não
4412,2026-02-19,2026-02-19,Crítica,Aberto,Mobile App,Sprint 6,Marcos,22,Baixa,1,Homologação,Frontend,Não
4413,2026-01-10,2026-01-13,Alta,Fechado,Dashboard,Sprint 11,João,95,Alta,3,Homologação,Frontend,Não
4414,2024-07-17,2024-07-20,Média,Aberto,Login,Sprint 6,Fernanda,90,Alta,3,Homologação,Backend,Não
4415,2025-08-16,2025-08-19,Média,Fechado,API Clientes,Sprint 7,Carlos,85,Alta,3,Homologação,Backend,Sim
4416,2024-09-29,2024-09-29,Média,Fechado,Mobile App,Sprint 11,Marcos,6,Média,2,Produção,Backend,Sim
4417,2025-01-15,2025-01-19,Média,Aberto,Pagamento,Sprint 6,Rafael,99,Média,2,Homologação,API,Sim
4418,2025-07-31,2025-08-04,Alta,Fechado,Relatórios,Sprint 11,João,112,Baixa,1,Homologação,API,Sim
4419,2025-08-12,2025-08-16,Crítica,Aberto,Dashboard,Sprint 5,Juliana,110,Alta,3,Homologação,Backend,Sim
4420,2024-05-25,2024-05-29,Alta,Aberto,Pagamento,Sprint 2,Carlos,117,Média,2,Produção,API,Não
4421,2025-01-28,2025-01-28,Média,Aberto,API Clientes,Sprint 5,Rafael,17,Média,2,Homologação,Frontend,Sim
4422,2024-07-14,2024-07-18,Alta,Fechado,Relatórios,Sprint 5,Carlos,113,Baixa,1,Homologação,API,Sim
4423,2024-06-13,2024-06-14,Alta,Aberto,Dashboard,Sprint 3,Rafael,42,Média,2,Homologação,API,Sim
4424,2026-01-03,2026-01-05,Alta,Aberto,API Clientes,Sprint 12,João,61,Média,2,Homologação,Backend,Não
4425,2026-01-19,2026-01-23,Crítica,Fechado,Relatórios,Sprint 12,Rafael,115,Baixa,1,Homologação,API,Sim
4426,2024-11-13,2024-11-14,Média,Aberto,Dashboard,Sprint 12,Marcos,43,Baixa,1,Homologação,Backend,Não
4427,2026-02-09,2026-02-13,Baixa,Aberto,Mobile App,Sprint 8,Rafael,102,Alta,3,Homologação,Frontend,Sim
4428,2026-03-30,2026-04-03,Média,Fechado,Relatórios,Sprint 11,Rafael,110,Média,2,Homologação,Backend,Sim
4429,2025-02-24,2025-02-25,Crítica,Fechado,Dashboard,Sprint 11,Rafael,27,Alta,3,Produção,Frontend,Sim
4430,2025-05-10,2025-05-14,Alta,Fechado,Login,Sprint 8,Carlos,105,Baixa,1,Produção,API,Não
4431,2025-03-09,2025-03-13,Alta,Aberto,Pagamento,Sprint 5,Ana,98,Baixa,1,Homologação,API,Não
4432,2024-05-22,2024-05-24,Média,Fechado,Login,Sprint 12,Ana,61,Média,2,Homologação,Backend,Sim
4433,2025-08-02,2025-08-03,Alta,Fechado,Login,Sprint 5,Ana,43,Baixa,1,Homologação,API,Sim
4434,2024-08-13,2024-08-13,Baixa,Fechado,Pagamento,Sprint 1,João,3,Média,2,Produção,Frontend,Não
4435,2026-02-19,2026-02-23,Baixa,Aberto,Relatórios,Sprint 10,João,114,Média,2,Homologação,Frontend,Não
4436,2024-12-16,2024-12-16,Média,Fechado,Dashboard,Sprint 10,Rafael,19,Alta,3,Produção,API,Sim
4437,2025-04-23,2025-04-26,Baixa,Fechado,Login,Sprint 12,Marcos,89,Alta,3,Produção,Backend,Sim
4438,2024-07-02,2024-07-06,Baixa,Aberto,Pagamento,Sprint 12,Rafael,103,Média,2,Produção,Frontend,Não
4439,2024-07-25,2024-07-26,Baixa,Fechado,Pagamento,Sprint 7,Juliana,38,Média,2,Homologação,Frontend,Sim
4440,2026-04-12,2026-04-15,Média,Aberto,Pagamento,Sprint 8,Marcos,87,Baixa,1,Produção,API,Sim
4441,2026-04-13,2026-04-16,Baixa,Aberto,API Clientes,Sprint 8,Juliana,88,Baixa,1,Homologação,Backend,Não
4442,2024-10-16,2024-10-20,Crítica,Aberto,API Clientes,Sprint 6,Rafael,101,Média,2,Homologação,Backend,Não
4443,2025-03-19,2025-03-20,Alta,Fechado,Relatórios,Sprint 1,Ana,46,Média,2,Homologação,API,Sim
4444,2025-09-24,2025-09-27,Alta,Aberto,Dashboard,Sprint 12,Juliana,79,Média,2,Produção,Frontend,Sim
4445,2024-06-12,2024-06-12,Média,Fechado,Dashboard,Sprint 4,Ana,18,Média,2,Produção,API,Sim
4446,2024-06-12,2024-06-13,Média,Aberto,Mobile App,Sprint 2,Ana,25,Alta,3,Homologação,API,Sim
4447,2026-03-03,2026-03-04,Alta,Fechado,Mobile App,Sprint 1,João,40,Alta,3,Produção,Frontend,Não
4448,2025-03-13,2025-03-14,Crítica,Aberto,API Clientes,Sprint 1,João,33,Baixa,1,Homologação,Backend,Sim
4449,2024-09-07,2024-09-08,Baixa,Fechado,Dashboard,Sprint 9,João,41,Alta,3,Homologação,Frontend,Sim
4450,2025-04-15,2025-04-20,Alta,Aberto,Mobile App,Sprint 5,Juliana,120,Média,2,Produção,Backend,Não
4451,2024-07-11,2024-07-12,Média,Fechado,Login,Sprint 7,Marcos,32,Baixa,1,Homologação,Backend,Sim
4452,2026-02-09,2026-02-10,Baixa,Aberto,Pagamento,Sprint 12,Rafael,45,Baixa,1,Homologação,API,Sim
4453,2025-11-16,2025-11-18,Baixa,Aberto,Dashboard,Sprint 9,Ana,59,Média,2,Homologação,API,Sim
4454,2024-06-22,2024-06-25,Alta,Fechado,Login,Sprint 7,Juliana,76,Alta,3,Homologação,API,Sim
4455,2024-05-18,2024-05-22,Alta,Fechado,API Clientes,Sprint 11,Fernanda,96,Alta,3,Homologação,Backend,Não
4456,2025-09-16,2025-09-20,Média,Aberto,Relatórios,Sprint 1,Carlos,99,Média,2,Homologação,Frontend,Não
4457,2024-05-25,2024-05-25,Média,Fechado,API Clientes,Sprint 9,Fernanda,22,Média,2,Homologação,Backend,Não
4458,2024-11-06,2024-11-10,Baixa,Fechado,API Clientes,Sprint 10,Juliana,114,Baixa,1,Homologação,Frontend,Sim
4459,2025-01-12,2025-01-16,Alta,Fechado,API Clientes,Sprint 1,Juliana,115,Alta,3,Produção,Backend,Não
4460,2024-10-14,2024-10-14,Alta,Aberto,Mobile App,Sprint 3,Marcos,19,Alta,3,Produção,Frontend,Não
4461,2025-05-11,2025-05-14,Crítica,Fechado,Mobile App,Sprint 1,Rafael,86,Baixa,1,Homologação,Frontend,Não
4462,2024-10-14,2024-10-17,Baixa,Aberto,Login,Sprint 7,Carlos,90,Média,2,Produção,API,Não
4463,2024-08-24,2024-08-24,Crítica,Aberto,Mobile App,Sprint 12,Carlos,2,Alta,3,Homologação,Backend,Não
4464,2025-11-11,2025-11-13,Média,Fechado,Dashboard,Sprint 5,Juliana,62,Média,2,Produção,API,Sim
4465,2024-07-27,2024-07-31,Crítica,Fechado,Mobile App,Sprint 9,Fernanda,112,Baixa,1,Produção,Backend,Sim
4466,2025-08-19,2025-08-21,Baixa,Fechado,Dashboard,Sprint 12,João,55,Média,2,Produção,API,Não
4467,2026-01-25,2026-01-26,Crítica,Aberto,API Clientes,Sprint 7,Marcos,47,Média,2,Homologação,Frontend,Sim
4468,2024-11-17,2024-11-19,Média,Fechado,Dashboard,Sprint 7,Juliana,54,Alta,3,Produção,Backend,Não
4469,2024-09-05,2024-09-06,Crítica,Aberto,Login,Sprint 4,Ana,41,Baixa,1,Homologação,Backend,Sim
4470,2026-02-13,2026-02-14,Alta,Fechado,Login,Sprint 9,Ana,24,Baixa,1,Homologação,Backend,Não
4471,2025-05-31,2025-05-31,Média,Aberto,Pagamento,Sprint 11,Juliana,9,Alta,3,Homologação,API,Não
4472,2025-10-10,2025-10-14,Alta,Fechado,Relatórios,Sprint 8,Marcos,109,Alta,3,Homologação,API,Não
4473,2025-05-12,2025-05-15,Crítica,Aberto,Login,Sprint 10,João,74,Alta,3,Produção,Frontend,Não
4474,2024-12-12,2024-12-12,Baixa,Fechado,Mobile App,Sprint 4,João,21,Média,2,Produção,Frontend,Não
4475,2024-07-31,2024-08-04,Baixa,Fechado,Dashboard,Sprint 3,Ana,105,Alta,3,Produção,Frontend,Sim
4476,2026-02-05,2026-02-07,Crítica,Aberto,Login,Sprint 8,João,62,Média,2,Produção,Frontend,Sim
4477,2024-12-01,2024-12-04,Crítica,Aberto,API Clientes,Sprint 11,Juliana,74,Alta,3,Produção,API,Não
4478,2024-11-25,2024-11-28,Média,Fechado,Login,Sprint 7,Rafael,86,Média,2,Produção,Frontend,Sim
4479,2025-04-24,2025-04-24,Média,Fechado,API Clientes,Sprint 8,Ana,2,Média,2,Homologação,Backend,Não
4480,2024-08-24,2024-08-26,Alta,Aberto,Relatórios,Sprint 9,Fernanda,48,Média,2,Produção,Frontend,Não
4481,2024-08-25,2024-08-29,Baixa,Aberto,Mobile App,Sprint 3,João,113,Baixa,1,Produção,Frontend,Sim
4482,2024-09-26,2024-09-30,Alta,Aberto,Mobile App,Sprint 8,Fernanda,97,Baixa,1,Homologação,Frontend,Não
4483,2024-11-01,2024-11-01,Média,Fechado,API Clientes,Sprint 2,Carlos,17,Alta,3,Produção,Frontend,Sim
4484,2025-07-23,2025-07-27,Baixa,Fechado,Mobile App,Sprint 12,Juliana,107,Alta,3,Homologação,API,Não
4485,2025-11-23,2025-11-23,Baixa,Fechado,Pagamento,Sprint 11,Juliana,18,Alta,3,Produção,API,Sim
4486,2025-10-17,2025-10-17,Média,Aberto,API Clientes,Sprint 8,Rafael,13,Alta,3,Produção,Frontend,Não
4487,2026-04-16,2026-04-18,Crítica,Aberto,API Clientes,Sprint 11,Juliana,55,Média,2,Homologação,Backend,Sim
4488,2024-12-06,2024-12-08,Média,Aberto,API Clientes,Sprint 6,Marcos,65,Baixa,1,Homologação,Backend,Sim
4489,2025-06-05,2025-06-06,Crítica,Aberto,Mobile App,Sprint 3,Juliana,25,Baixa,1,Homologação,Frontend,Sim
4490,2026-03-08,2026-03-10,Média,Fechado,Mobile App,Sprint 12,Ana,63,Média,2,Produção,API,Sim
4491,2026-04-18,2026-04-18,Alta,Fechado,Pagamento,Sprint 12,João,20,Alta,3,Homologação,Backend,Não
4492,2025-03-04,2025-03-08,Alta,Aberto,Mobile App,Sprint 4,Carlos,107,Baixa,1,Homologação,Backend,Não
4493,2024-10-11,2024-10-14,Crítica,Aberto,Pagamento,Sprint 12,Rafael,72,Baixa,1,Homologação,Backend,Sim
4494,2026-02-26,2026-02-27,Alta,Aberto,Relatórios,Sprint 6,Ana,37,Alta,3,Produção,API,Sim
4495,2025-03-02,2025-03-06,Baixa,Fechado,Login,Sprint 5,Marcos,117,Baixa,1,Homologação,Backend,Não
4496,2025-07-01,2025-07-03,Baixa,Aberto,API Clientes,Sprint 12,Carlos,53,Média,2,Homologação,Backend,Não
4497,2024-12-18,2024-12-20,Média,Aberto,Pagamento,Sprint 12,Rafael,53,Média,2,Homologação,Frontend,Não
4498,2026-04-11,2026-04-14,Baixa,Aberto,Relatórios,Sprint 5,Marcos,85,Média,2,Homologação,API,Não
4499,2025-12-21,2025-12-22,Alta,Fechado,API Clientes,Sprint 8,Rafael,25,Alta,3,Homologação,Backend,Sim
4500,2025-07-31,2025-08-03,Crítica,Fechado,Mobile App,Sprint 6,Carlos,93,Baixa,1,Produção,API,Sim
4501,2025-09-24,2025-09-27,Alta,Fechado,Mobile App,Sprint 8,Marcos,90,Média,2,Produção,Frontend,Sim
4502,2025-08-06,2025-08-09,Alta,Aberto,API Clientes,Sprint 1,Carlos,73,Alta,3,Homologação,Frontend,Sim
4503,2025-10-31,2025-11-03,Baixa,Fechado,API Clientes,Sprint 2,Marcos,82,Média,2,Homologação,API,Sim
4504,2024-06-17,2024-06-19,Crítica,Aberto,API Clientes,Sprint 3,Carlos,53,Baixa,1,Produção,Frontend,Sim
4505,2025-03-15,2025-03-19,Média,Aberto,Login,Sprint 3,Carlos,119,Alta,3,Homologação,Backend,Não
4506,2025-03-29,2025-03-31,Crítica,Aberto,Login,Sprint 4,Juliana,55,Baixa,1,Homologação,Frontend,Não
4507,2025-05-13,2025-05-17,Média,Fechado,Dashboard,Sprint 7,João,100,Média,2,Produção,Backend,Sim
4508,2024-12-21,2024-12-24,Baixa,Fechado,API Clientes,Sprint 11,Rafael,75,Alta,3,Homologação,Backend,Não
4509,2026-03-07,2026-03-11,Crítica,Fechado,API Clientes,Sprint 1,Fernanda,108,Baixa,1,Homologação,Backend,Não
4510,2024-09-30,2024-10-01,Média,Aberto,API Clientes,Sprint 5,Juliana,26,Alta,3,Produção,API,Não
4511,2026-04-23,2026-04-24,Crítica,Aberto,Mobile App,Sprint 11,Carlos,35,Média,2,Homologação,API,Não
4512,2024-12-11,2024-12-13,Baixa,Aberto,Dashboard,Sprint 4,Carlos,69,Baixa,1,Produção,API,Sim
4513,2025-05-08,2025-05-10,Média,Fechado,Dashboard,Sprint 8,Rafael,55,Média,2,Produção,API,Sim
4514,2025-08-17,2025-08-20,Baixa,Fechado,Login,Sprint 2,Rafael,73,Média,2,Homologação,Backend,Sim
4515,2026-02-05,2026-02-09,Crítica,Aberto,Login,Sprint 1,Carlos,107,Média,2,Produção,Frontend,Não
4516,2024-10-28,2024-10-29,Alta,Fechado,API Clientes,Sprint 8,Rafael,27,Alta,3,Produção,API,Não
4517,2025-12-18,2025-12-21,Alta,Aberto,API Clientes,Sprint 10,Ana,94,Média,2,Produção,API,Não
4518,2024-10-17,2024-10-17,Baixa,Fechado,Relatórios,Sprint 7,João,14,Baixa,1,Produção,API,Sim
4519,2025-05-22,2025-05-22,Média,Aberto,Dashboard,Sprint 5,Ana,19,Baixa,1,Homologação,API,Sim
4520,2025-08-28,2025-08-29,Baixa,Aberto,Login,Sprint 10,Juliana,46,Alta,3,Produção,Frontend,Não
4521,2024-06-11,2024-06-14,Baixa,Fechado,Pagamento,Sprint 11,Marcos,77,Média,2,Homologação,Frontend,Sim
4522,2025-06-26,2025-06-27,Crítica,Aberto,Mobile App,Sprint 11,Ana,41,Alta,3,Produção,Frontend,Não
4523,2024-12-03,2024-12-06,Crítica,Fechado,API Clientes,Sprint 1,Juliana,87,Média,2,Homologação,Frontend,Não
4524,2025-10-06,2025-10-10,Média,Fechado,Login,Sprint 11,Ana,115,Baixa,1,Homologação,API,Sim
4525,2026-04-01,2026-04-03,Alta,Fechado,Mobile App,Sprint 12,Juliana,69,Média,2,Produção,Frontend,Sim
4526,2026-04-23,2026-04-25,Crítica,Aberto,Pagamento,Sprint 12,Rafael,66,Baixa,1,Produção,API,Não
4527,2025-11-29,2025-12-02,Média,Fechado,API Clientes,Sprint 4,Marcos,91,Baixa,1,Produção,Frontend,Não
4528,2025-09-06,2025-09-06,Alta,Aberto,Relatórios,Sprint 6,Carlos,16,Média,2,Produção,Frontend,Sim
4529,2025-05-15,2025-05-15,Crítica,Aberto,Dashboard,Sprint 8,Rafael,10,Média,2,Homologação,Backend,Não
4530,2026-01-08,2026-01-10,Média,Aberto,Login,Sprint 4,Carlos,64,Baixa,1,Produção,API,Não
4531,2026-01-21,2026-01-22,Alta,Aberto,Dashboard,Sprint 9,Marcos,41,Média,2,Produção,Frontend,Sim
4532,2025-02-19,2025-02-20,Baixa,Fechado,API Clientes,Sprint 8,Marcos,27,Média,2,Homologação,Frontend,Sim
4533,2026-02-28,2026-03-01,Crítica,Aberto,API Clientes,Sprint 6,Fernanda,35,Alta,3,Homologação,Frontend,Sim
4534,2024-09-11,2024-09-15,Alta,Fechado,API Clientes,Sprint 5,Juliana,119,Média,2,Homologação,Frontend,Não
4535,2025-07-08,2025-07-09,Crítica,Fechado,Pagamento,Sprint 6,João,41,Baixa,1,Homologação,Backend,Sim
4536,2024-07-24,2024-07-28,Média,Fechado,Mobile App,Sprint 10,Marcos,110,Média,2,Produção,API,Sim
4537,2026-04-09,2026-04-13,Alta,Aberto,Login,Sprint 2,Fernanda,105,Alta,3,Homologação,Backend,Sim
4538,2025-05-19,2025-05-23,Alta,Aberto,Dashboard,Sprint 8,João,101,Baixa,1,Homologação,API,Não
4539,2024-08-07,2024-08-09,Alta,Aberto,Mobile App,Sprint 7,Rafael,64,Baixa,1,Produção,API,Sim
4540,2025-02-02,2025-02-04,Média,Aberto,Relatórios,Sprint 4,Fernanda,65,Alta,3,Homologação,Backend,Sim
4541,2026-02-08,2026-02-08,Alta,Fechado,Login,Sprint 4,Juliana,23,Média,2,Homologação,API,Não
4542,2025-08-15,2025-08-17,Média,Aberto,Relatórios,Sprint 10,Ana,49,Baixa,1,Produção,Backend,Não
4543,2025-09-09,2025-09-09,Alta,Fechado,Login,Sprint 6,Carlos,18,Média,2,Homologação,Backend,Não
4544,2025-09-13,2025-09-17,Média,Fechado,Pagamento,Sprint 9,Marcos,110,Alta,3,Produção,API,Sim
4545,2025-09-25,2025-09-29,Alta,Aberto,API Clientes,Sprint 2,João,103,Baixa,1,Produção,API,Não
4546,2024-06-15,2024-06-19,Crítica,Fechado,Mobile App,Sprint 5,João,99,Baixa,1,Homologação,API,Sim
4547,2025-03-02,2025-03-06,Crítica,Aberto,Pagamento,Sprint 11,Marcos,115,Baixa,1,Homologação,API,Não
4548,2024-12-21,2024-12-23,Crítica,Aberto,API Clientes,Sprint 9,Carlos,61,Alta,3,Produção,Frontend,Sim
4549,2025-11-21,2025-11-21,Alta,Aberto,Mobile App,Sprint 3,Juliana,23,Alta,3,Produção,Frontend,Sim
4550,2025-01-16,2025-01-20,Média,Fechado,Pagamento,Sprint 11,Marcos,111,Média,2,Homologação,API,Sim
4551,2024-09-20,2024-09-24,Alta,Fechado,Dashboard,Sprint 6,Fernanda,117,Alta,3,Produção,API,Sim
4552,2024-12-06,2024-12-07,Média,Aberto,Dashboard,Sprint 1,Carlos,41,Alta,3,Produção,Backend,Não
4553,2025-05-15,2025-05-16,Média,Aberto,Relatórios,Sprint 3,João,29,Baixa,1,Homologação,Frontend,Não
4554,2025-12-28,2025-12-31,Baixa,Fechado,API Clientes,Sprint 10,Rafael,86,Média,2,Homologação,Backend,Não
4555,2025-10-23,2025-10-23,Crítica,Aberto,Login,Sprint 4,Ana,13,Média,2,Homologação,Frontend,Não
4556,2024-08-22,2024-08-22,Crítica,Fechado,API Clientes,Sprint 5,Juliana,23,Alta,3,Produção,Backend,Não
4557,2024-06-02,2024-06-04,Média,Aberto,Login,Sprint 10,Ana,50,Baixa,1,Homologação,API,Não
4558,2024-12-17,2024-12-17,Alta,Fechado,API Clientes,Sprint 11,Ana,23,Alta,3,Homologação,Frontend,Sim
4559,2025-07-01,2025-07-03,Média,Aberto,Relatórios,Sprint 5,João,51,Baixa,1,Produção,Frontend,Não
4560,2024-07-20,2024-07-20,Crítica,Aberto,Relatórios,Sprint 1,Ana,21,Alta,3,Produção,API,Não
4561,2025-12-05,2025-12-06,Baixa,Fechado,Mobile App,Sprint 8,Fernanda,40,Alta,3,Produção,API,Sim
4562,2026-02-24,2026-02-26,Alta,Aberto,Mobile App,Sprint 1,Ana,56,Baixa,1,Produção,Frontend,Sim
4563,2025-05-26,2025-05-28,Média,Fechado,API Clientes,Sprint 3,Rafael,50,Média,2,Produção,API,Não
4564,2024-08-13,2024-08-14,Alta,Aberto,Dashboard,Sprint 1,Marcos,47,Média,2,Homologação,Backend,Não
4565,2026-03-14,2026-03-14,Alta,Aberto,Login,Sprint 11,Carlos,20,Baixa,1,Homologação,API,Não
4566,2025-10-30,2025-10-30,Crítica,Fechado,Mobile App,Sprint 1,Juliana,11,Baixa,1,Produção,Frontend,Não
4567,2025-02-22,2025-02-26,Alta,Fechado,Relatórios,Sprint 1,Juliana,115,Baixa,1,Produção,Backend,Não
4568,2024-08-18,2024-08-21,Alta,Aberto,Relatórios,Sprint 11,Marcos,79,Alta,3,Produção,API,Não
4569,2025-08-13,2025-08-17,Alta,Fechado,Login,Sprint 1,João,115,Baixa,1,Homologação,API,Não
4570,2024-06-17,2024-06-19,Alta,Fechado,API Clientes,Sprint 4,Rafael,70,Alta,3,Produção,Frontend,Não
4571,2025-03-31,2025-04-01,Média,Fechado,Pagamento,Sprint 4,Rafael,45,Baixa,1,Produção,Backend,Não
4572,2026-01-02,2026-01-06,Baixa,Fechado,Login,Sprint 2,Juliana,96,Média,2,Produção,API,Não
4573,2025-05-24,2025-05-28,Alta,Aberto,Pagamento,Sprint 4,Juliana,97,Baixa,1,Produção,Backend,Sim
4574,2024-08-21,2024-08-25,Crítica,Fechado,Login,Sprint 5,Marcos,108,Média,2,Homologação,Frontend,Sim
4575,2025-08-03,2025-08-06,Baixa,Fechado,Login,Sprint 5,João,85,Baixa,1,Homologação,Backend,Não
4576,2026-04-26,2026-04-29,Média,Aberto,Dashboard,Sprint 10,Ana,95,Baixa,1,Produção,Frontend,Sim
4577,2025-12-11,2025-12-13,Baixa,Fechado,Mobile App,Sprint 3,Carlos,65,Alta,3,Homologação,Frontend,Sim
4578,2025-05-29,2025-06-02,Crítica,Aberto,Login,Sprint 3,João,109,Média,2,Homologação,Frontend,Não
4579,2025-10-22,2025-10-22,Baixa,Fechado,Mobile App,Sprint 4,Juliana,6,Média,2,Produção,Backend,Sim
4580,2024-05-24,2024-05-25,Alta,Aberto,Login,Sprint 4,Rafael,30,Alta,3,Produção,Backend,Sim
4581,2025-12-17,2025-12-20,Crítica,Fechado,Relatórios,Sprint 7,Rafael,95,Baixa,1,Produção,Frontend,Sim
4582,2026-03-24,2026-03-26,Alta,Aberto,Mobile App,Sprint 4,João,65,Média,2,Homologação,Backend,Não
4583,2024-07-08,2024-07-09,Alta,Aberto,Mobile App,Sprint 9,Rafael,27,Alta,3,Homologação,API,Sim
4584,2024-11-30,2024-12-01,Baixa,Fechado,Mobile App,Sprint 5,Rafael,25,Baixa,1,Produção,Backend,Não
4585,2024-09-14,2024-09-17,Média,Aberto,Relatórios,Sprint 6,Rafael,84,Baixa,1,Produção,Backend,Sim
4586,2026-03-14,2026-03-18,Crítica,Aberto,Dashboard,Sprint 10,Carlos,97,Média,2,Homologação,Frontend,Sim
4587,2024-10-05,2024-10-09,Crítica,Fechado,Pagamento,Sprint 2,Carlos,117,Baixa,1,Produção,Backend,Não
4588,2025-11-16,2025-11-17,Crítica,Aberto,Relatórios,Sprint 2,Juliana,37,Média,2,Produção,Backend,Sim
4589,2024-10-27,2024-10-29,Baixa,Aberto,Pagamento,Sprint 12,Fernanda,63,Média,2,Homologação,Backend,Não
4590,2024-07-21,2024-07-25,Crítica,Fechado,Mobile App,Sprint 8,Rafael,118,Alta,3,Produção,Backend,Não
4591,2024-12-19,2024-12-23,Crítica,Fechado,API Clientes,Sprint 1,João,100,Média,2,Produção,Frontend,Não
4592,2024-07-26,2024-07-28,Baixa,Fechado,API Clientes,Sprint 5,Carlos,49,Alta,3,Produção,Frontend,Sim
4593,2024-10-06,2024-10-08,Média,Fechado,Relatórios,Sprint 10,Ana,70,Baixa,1,Produção,Backend,Sim
4594,2025-10-26,2025-10-30,Alta,Aberto,Dashboard,Sprint 4,Marcos,102,Alta,3,Produção,Backend,Sim
4595,2024-11-01,2024-11-03,Média,Fechado,Relatórios,Sprint 12,Fernanda,52,Baixa,1,Homologação,Backend,Não
4596,2025-12-07,2025-12-07,Crítica,Fechado,Relatórios,Sprint 5,Marcos,17,Alta,3,Produção,Frontend,Sim
4597,2025-10-20,2025-10-22,Crítica,Fechado,Relatórios,Sprint 2,João,55,Baixa,1,Homologação,Frontend,Não
4598,2024-10-30,2024-11-03,Baixa,Aberto,Dashboard,Sprint 4,João,107,Alta,3,Homologação,Backend,Sim
4599,2025-05-09,2025-05-12,Média,Aberto,Login,Sprint 4,Marcos,79,Alta,3,Homologação,Frontend,Não
4600,2024-08-24,2024-08-24,Crítica,Aberto,Relatórios,Sprint 11,Marcos,18,Alta,3,Homologação,Frontend,Sim
4601,2024-08-23,2024-08-26,Crítica,Aberto,Dashboard,Sprint 12,Rafael,77,Alta,3,Produção,Frontend,Sim
4602,2026-04-01,2026-04-02,Crítica,Fechado,API Clientes,Sprint 6,Fernanda,33,Alta,3,Homologação,Frontend,Não
4603,2026-04-12,2026-04-16,Baixa,Fechado,Relatórios,Sprint 10,Carlos,110,Média,2,Homologação,Backend,Sim
4604,2025-11-03,2025-11-06,Alta,Fechado,Dashboard,Sprint 10,João,78,Média,2,Homologação,Frontend,Não
4605,2025-04-02,2025-04-02,Média,Fechado,Login,Sprint 6,João,13,Baixa,1,Produção,Backend,Sim
4606,2025-12-19,2025-12-23,Baixa,Fechado,Login,Sprint 12,Juliana,119,Baixa,1,Homologação,Backend,Não
4607,2024-11-12,2024-11-15,Alta,Aberto,Login,Sprint 8,Rafael,80,Alta,3,Produção,Frontend,Não
4608,2025-09-19,2025-09-22,Baixa,Fechado,Relatórios,Sprint 10,Carlos,85,Média,2,Homologação,Backend,Não
4609,2024-09-02,2024-09-03,Crítica,Aberto,Dashboard,Sprint 2,Carlos,24,Baixa,1,Produção,Backend,Não
4610,2026-04-30,2026-05-02,Crítica,Fechado,Login,Sprint 3,João,57,Alta,3,Homologação,Backend,Sim
4611,2025-09-10,2025-09-12,Média,Aberto,Pagamento,Sprint 8,Rafael,71,Baixa,1,Homologação,API,Sim
4612,2024-11-13,2024-11-14,Baixa,Fechado,Login,Sprint 11,Marcos,34,Alta,3,Homologação,Frontend,Não
4613,2025-05-05,2025-05-08,Alta,Fechado,Pagamento,Sprint 8,Juliana,87,Alta,3,Produção,Frontend,Não
4614,2025-09-23,2025-09-24,Crítica,Aberto,Login,Sprint 9,Fernanda,28,Média,2,Homologação,API,Não
4615,2026-03-17,2026-03-19,Crítica,Aberto,API Clientes,Sprint 10,Rafael,64,Baixa,1,Homologação,Backend,Sim
4616,2025-04-21,2025-04-22,Alta,Aberto,Login,Sprint 1,Juliana,35,Alta,3,Homologação,Frontend,Não
4617,2024-10-03,2024-10-05,Baixa,Aberto,Pagamento,Sprint 2,Carlos,48,Média,2,Homologação,Backend,Sim
4618,2025-09-28,2025-09-30,Crítica,Aberto,Relatórios,Sprint 7,Marcos,57,Alta,3,Produção,Frontend,Não
4619,2024-10-09,2024-10-13,Média,Fechado,Pagamento,Sprint 12,Fernanda,96,Média,2,Homologação,API,Não
4620,2025-07-24,2025-07-27,Média,Fechado,Login,Sprint 11,Marcos,74,Alta,3,Homologação,API,Sim
4621,2025-08-14,2025-08-18,Crítica,Fechado,Dashboard,Sprint 8,Juliana,104,Média,2,Homologação,API,Não
4622,2026-01-23,2026-01-27,Média,Fechado,Login,Sprint 1,Rafael,108,Alta,3,Homologação,Frontend,Sim
4623,2026-05-02,2026-05-03,Baixa,Fechado,Mobile App,Sprint 8,João,46,Alta,3,Produção,API,Não
4624,2024-07-18,2024-07-19,Crítica,Aberto,Mobile App,Sprint 2,João,25,Alta,3,Homologação,Frontend,Sim
4625,2025-06-26,2025-06-27,Média,Fechado,API Clientes,Sprint 1,Carlos,33,Baixa,1,Homologação,Frontend,Sim
4626,2025-01-13,2025-01-17,Crítica,Fechado,API Clientes,Sprint 8,Fernanda,116,Baixa,1,Produção,Backend,Sim
4627,2025-01-20,2025-01-22,Média,Fechado,Relatórios,Sprint 12,Juliana,57,Baixa,1,Homologação,Frontend,Não
4628,2024-08-16,2024-08-18,Alta,Aberto,API Clientes,Sprint 5,Ana,56,Baixa,1,Homologação,Frontend,Sim
4629,2025-01-20,2025-01-23,Média,Aberto,API Clientes,Sprint 12,João,89,Média,2,Homologação,Backend,Sim
4630,2024-12-12,2024-12-17,Crítica,Aberto,Pagamento,Sprint 12,Fernanda,120,Baixa,1,Homologação,Frontend,Sim
4631,2024-11-05,2024-11-07,Média,Aberto,Dashboard,Sprint 9,Fernanda,51,Alta,3,Homologação,Backend,Não
4632,2025-07-26,2025-07-26,Crítica,Aberto,Dashboard,Sprint 7,Rafael,17,Média,2,Homologação,API,Sim
4633,2025-07-11,2025-07-14,Média,Fechado,Relatórios,Sprint 1,João,84,Baixa,1,Produção,Backend,Não
4634,2025-07-15,2025-07-15,Média,Fechado,Login,Sprint 4,Fernanda,5,Alta,3,Produção,API,Não
4635,2025-11-19,2025-11-20,Média,Aberto,Mobile App,Sprint 1,Rafael,29,Baixa,1,Homologação,Backend,Não
4636,2026-03-23,2026-03-25,Alta,Fechado,Mobile App,Sprint 1,Fernanda,56,Média,2,Produção,API,Sim
4637,2024-05-23,2024-05-24,Baixa,Fechado,Relatórios,Sprint 5,Ana,36,Baixa,1,Homologação,Frontend,Sim
4638,2024-08-23,2024-08-25,Crítica,Aberto,API Clientes,Sprint 9,Juliana,65,Alta,3,Produção,Backend,Sim
4639,2026-01-18,2026-01-19,Baixa,Fechado,API Clientes,Sprint 4,Ana,31,Alta,3,Produção,Frontend,Não
4640,2025-02-24,2025-02-28,Crítica,Fechado,Dashboard,Sprint 6,Rafael,100,Média,2,Homologação,Frontend,Não
4641,2025-06-24,2025-06-24,Baixa,Aberto,API Clientes,Sprint 1,Juliana,15,Média,2,Homologação,API,Não
4642,2025-10-16,2025-10-18,Alta,Aberto,Relatórios,Sprint 6,Carlos,64,Baixa,1,Homologação,API,Não
4643,2025-12-02,2025-12-06,Alta,Aberto,Pagamento,Sprint 4,Fernanda,114,Média,2,Homologação,API,Sim
4644,2025-05-27,2025-06-01,Crítica,Aberto,API Clientes,Sprint 4,Fernanda,120,Média,2,Homologação,Frontend,Sim
4645,2025-11-14,2025-11-16,Média,Fechado,Mobile App,Sprint 6,Carlos,50,Alta,3,Homologação,Frontend,Não
4646,2024-09-24,2024-09-28,Crítica,Fechado,Login,Sprint 10,Ana,103,Alta,3,Homologação,API,Não
4647,2026-03-07,2026-03-10,Média,Aberto,Pagamento,Sprint 8,Rafael,76,Média,2,Produção,Backend,Não
4648,2024-07-20,2024-07-24,Baixa,Aberto,Relatórios,Sprint 8,João,104,Média,2,Produção,Frontend,Sim
4649,2025-07-18,2025-07-19,Baixa,Fechado,Dashboard,Sprint 11,João,35,Média,2,Produção,Backend,Sim
4650,2024-05-08,2024-05-11,Alta,Aberto,Pagamento,Sprint 3,Ana,90,Média,2,Homologação,Backend,Sim
4651,2025-05-10,2025-05-13,Baixa,Aberto,Login,Sprint 5,Marcos,95,Alta,3,Produção,Frontend,Não
4652,2025-03-03,2025-03-03,Alta,Aberto,Relatórios,Sprint 10,Juliana,10,Alta,3,Homologação,Frontend,Não
4653,2025-10-01,2025-10-05,Baixa,Aberto,API Clientes,Sprint 9,Carlos,99,Média,2,Homologação,API,Sim
4654,2025-11-23,2025-11-23,Baixa,Aberto,Dashboard,Sprint 9,Marcos,2,Alta,3,Produção,Backend,Sim
4655,2025-02-08,2025-02-10,Alta,Aberto,Pagamento,Sprint 4,Fernanda,70,Baixa,1,Produção,Backend,Sim
4656,2025-01-09,2025-01-11,Baixa,Aberto,Dashboard,Sprint 7,Juliana,71,Alta,3,Produção,Backend,Não
4657,2024-08-19,2024-08-23,Baixa,Aberto,Login,Sprint 4,Carlos,104,Alta,3,Produção,Backend,Não
4658,2025-09-17,2025-09-20,Crítica,Aberto,Pagamento,Sprint 11,Carlos,73,Média,2,Produção,Backend,Não
4659,2026-02-11,2026-02-13,Alta,Aberto,Relatórios,Sprint 2,Ana,58,Média,2,Homologação,API,Sim
4660,2025-12-04,2025-12-06,Baixa,Fechado,Dashboard,Sprint 10,Marcos,51,Baixa,1,Homologação,API,Não
4661,2024-10-20,2024-10-23,Média,Fechado,Login,Sprint 10,Ana,77,Baixa,1,Produção,Frontend,Sim
4662,2025-08-09,2025-08-09,Alta,Fechado,Dashboard,Sprint 7,Juliana,11,Alta,3,Homologação,Backend,Sim
4663,2025-11-16,2025-11-20,Crítica,Fechado,API Clientes,Sprint 9,Juliana,98,Média,2,Produção,Frontend,Sim
4664,2025-12-30,2025-12-31,Alta,Aberto,Dashboard,Sprint 4,Marcos,37,Alta,3,Homologação,Backend,Sim
4665,2024-08-27,2024-08-29,Alta,Aberto,Relatórios,Sprint 7,Ana,51,Média,2,Homologação,Frontend,Sim
4666,2025-10-28,2025-11-01,Média,Aberto,API Clientes,Sprint 3,Fernanda,99,Baixa,1,Homologação,Backend,Não
4667,2024-08-01,2024-08-01,Crítica,Aberto,Pagamento,Sprint 11,Rafael,13,Baixa,1,Homologação,Backend,Não
4668,2024-05-31,2024-06-01,Crítica,Aberto,Relatórios,Sprint 12,Carlos,33,Média,2,Homologação,API,Sim
4669,2025-07-23,2025-07-26,Alta,Aberto,Relatórios,Sprint 4,Fernanda,74,Baixa,1,Homologação,API,Não
4670,2025-04-03,2025-04-07,Crítica,Fechado,Relatórios,Sprint 9,Marcos,108,Baixa,1,Produção,API,Sim
4671,2025-03-22,2025-03-22,Crítica,Fechado,API Clientes,Sprint 10,Ana,2,Média,2,Produção,Backend,Não
4672,2024-10-22,2024-10-26,Crítica,Fechado,Mobile App,Sprint 3,Ana,104,Baixa,1,Produção,Backend,Sim
4673,2024-05-11,2024-05-11,Crítica,Fechado,Pagamento,Sprint 5,Carlos,11,Baixa,1,Produção,API,Não
4674,2025-06-18,2025-06-19,Crítica,Aberto,Pagamento,Sprint 3,Marcos,44,Alta,3,Produção,Frontend,Não
4675,2026-02-08,2026-02-10,Baixa,Fechado,Pagamento,Sprint 10,Fernanda,64,Baixa,1,Homologação,Frontend,Sim
4676,2026-05-05,2026-05-09,Alta,Fechado,API Clientes,Sprint 4,Rafael,96,Média,2,Homologação,API,Sim
4677,2025-10-05,2025-10-06,Alta,Aberto,Relatórios,Sprint 2,Carlos,36,Baixa,1,Produção,Frontend,Sim
4678,2025-04-29,2025-05-02,Baixa,Fechado,Mobile App,Sprint 12,João,95,Alta,3,Homologação,API,Sim
4679,2025-10-26,2025-10-30,Crítica,Fechado,Mobile App,Sprint 5,João,114,Média,2,Homologação,API,Sim
4680,2025-07-26,2025-07-30,Baixa,Aberto,Mobile App,Sprint 1,Fernanda,97,Baixa,1,Produção,API,Sim
4681,2024-09-19,2024-09-21,Média,Fechado,Relatórios,Sprint 3,João,66,Média,2,Produção,Frontend,Não
4682,2024-08-12,2024-08-14,Crítica,Fechado,Mobile App,Sprint 4,Ana,61,Alta,3,Homologação,Frontend,Sim
4683,2025-03-07,2025-03-08,Média,Aberto,Pagamento,Sprint 5,Ana,42,Baixa,1,Homologação,Backend,Não
4684,2025-07-18,2025-07-20,Crítica,Fechado,Dashboard,Sprint 6,João,58,Baixa,1,Homologação,Frontend,Sim
4685,2025-01-11,2025-01-11,Alta,Aberto,Login,Sprint 2,Fernanda,14,Alta,3,Homologação,Backend,Sim
4686,2026-05-06,2026-05-07,Crítica,Aberto,Relatórios,Sprint 4,Marcos,30,Alta,3,Homologação,API,Não
4687,2025-03-17,2025-03-19,Alta,Aberto,Login,Sprint 12,Rafael,70,Alta,3,Homologação,Backend,Não
4688,2025-04-18,2025-04-22,Média,Fechado,Mobile App,Sprint 9,Rafael,116,Alta,3,Homologação,Backend,Não
4689,2025-12-21,2025-12-21,Média,Aberto,Relatórios,Sprint 6,Ana,8,Média,2,Produção,API,Sim
4690,2025-09-06,2025-09-06,Alta,Fechado,Login,Sprint 7,Juliana,20,Média,2,Homologação,API,Não
4691,2026-03-05,2026-03-07,Crítica,Fechado,Relatórios,Sprint 11,Rafael,53,Alta,3,Produção,API,Não
4692,2026-02-04,2026-02-05,Crítica,Aberto,Pagamento,Sprint 10,Fernanda,28,Alta,3,Homologação,API,Não
4693,2025-05-15,2025-05-19,Média,Aberto,Login,Sprint 12,Marcos,101,Alta,3,Homologação,API,Não
4694,2025-06-27,2025-06-27,Alta,Aberto,Login,Sprint 10,Fernanda,23,Baixa,1,Homologação,Frontend,Não
4695,2026-04-16,2026-04-18,Crítica,Aberto,API Clientes,Sprint 11,Ana,63,Alta,3,Homologação,Backend,Não
4696,2025-09-03,2025-09-07,Crítica,Fechado,Relatórios,Sprint 2,Juliana,99,Alta,3,Homologação,API,Sim
4697,2025-12-18,2025-12-22,Baixa,Aberto,Relatórios,Sprint 12,Juliana,104,Baixa,1,Produção,Frontend,Sim
4698,2024-12-06,2024-12-06,Alta,Aberto,Relatórios,Sprint 7,Juliana,13,Alta,3,Homologação,API,Sim
4699,2025-12-07,2025-12-09,Alta,Aberto,Dashboard,Sprint 8,Fernanda,51,Baixa,1,Homologação,Frontend,Não
4700,2025-08-09,2025-08-13,Baixa,Fechado,API Clientes,Sprint 2,Juliana,111,Alta,3,Produção,API,Sim
4701,2026-05-04,2026-05-04,Alta,Fechado,Relatórios,Sprint 12,João,1,Alta,3,Produção,Backend,Sim
4702,2025-03-11,2025-03-14,Crítica,Fechado,Mobile App,Sprint 12,Marcos,85,Baixa,1,Homologação,Backend,Não
4703,2024-06-09,2024-06-12,Média,Fechado,Relatórios,Sprint 4,Rafael,91,Alta,3,Produção,Backend,Sim
4704,2024-12-22,2024-12-24,Crítica,Aberto,Mobile App,Sprint 6,Carlos,59,Baixa,1,Produção,API,Sim
4705,2025-12-31,2026-01-04,Média,Aberto,Dashboard,Sprint 4,João,111,Média,2,Homologação,Backend,Não
4706,2025-01-26,2025-01-29,Crítica,Fechado,Pagamento,Sprint 5,Juliana,88,Média,2,Produção,Backend,Não
4707,2024-08-29,2024-08-31,Alta,Aberto,Pagamento,Sprint 11,Carlos,69,Média,2,Produção,Backend,Não
4708,2025-01-08,2025-01-11,Alta,Aberto,API Clientes,Sprint 8,Carlos,77,Baixa,1,Produção,API,Sim
4709,2024-06-24,2024-06-28,Baixa,Aberto,API Clientes,Sprint 5,João,101,Média,2,Homologação,API,Não
4710,2025-05-01,2025-05-04,Alta,Fechado,Pagamento,Sprint 12,Carlos,78,Média,2,Homologação,Frontend,Sim
4711,2024-11-07,2024-11-08,Alta,Fechado,API Clientes,Sprint 9,Juliana,38,Baixa,1,Produção,API,Sim
4712,2025-02-15,2025-02-16,Alta,Aberto,API Clientes,Sprint 10,Fernanda,28,Baixa,1,Produção,Backend,Não
4713,2025-11-08,2025-11-10,Crítica,Fechado,Pagamento,Sprint 6,Juliana,69,Média,2,Produção,Backend,Sim
4714,2025-01-26,2025-01-30,Crítica,Aberto,Relatórios,Sprint 12,Ana,96,Baixa,1,Homologação,Backend,Não
4715,2025-06-17,2025-06-18,Crítica,Aberto,Pagamento,Sprint 11,João,35,Alta,3,Produção,Backend,Sim
4716,2025-09-27,2025-09-30,Média,Aberto,Relatórios,Sprint 7,Ana,85,Média,2,Homologação,Backend,Não
4717,2025-02-25,2025-02-28,Alta,Aberto,Relatórios,Sprint 1,Marcos,90,Média,2,Homologação,Frontend,Não
4718,2025-10-09,2025-10-11,Média,Aberto,Login,Sprint 11,João,51,Média,2,Produção,Backend,Sim
4719,2024-08-24,2024-08-27,Baixa,Fechado,Mobile App,Sprint 2,João,92,Baixa,1,Homologação,Frontend,Não
4720,2024-07-05,2024-07-07,Baixa,Fechado,Relatórios,Sprint 2,Carlos,66,Média,2,Produção,API,Não
4721,2026-05-02,2026-05-06,Crítica,Aberto,Relatórios,Sprint 7,Fernanda,98,Baixa,1,Produção,Backend,Sim
4722,2024-05-12,2024-05-16,Alta,Fechado,API Clientes,Sprint 8,João,98,Alta,3,Produção,Backend,Não
4723,2024-07-01,2024-07-02,Baixa,Fechado,Login,Sprint 3,Juliana,39,Alta,3,Homologação,API,Sim
4724,2025-03-15,2025-03-16,Média,Fechado,Login,Sprint 1,Juliana,42,Média,2,Produção,API,Sim
4725,2025-06-27,2025-06-28,Baixa,Aberto,Pagamento,Sprint 7,Marcos,28,Alta,3,Produção,Backend,Não
4726,2025-10-16,2025-10-18,Média,Aberto,Pagamento,Sprint 7,Rafael,54,Baixa,1,Homologação,Frontend,Não
4727,2024-12-28,2024-12-30,Baixa,Aberto,Mobile App,Sprint 10,Carlos,64,Média,2,Homologação,Frontend,Não
4728,2024-12-27,2024-12-27,Alta,Fechado,Login,Sprint 8,João,9,Alta,3,Homologação,Backend,Sim
4729,2026-01-09,2026-01-09,Alta,Fechado,Pagamento,Sprint 12,Marcos,20,Baixa,1,Homologação,API,Não
4730,2026-05-06,2026-05-09,Crítica,Aberto,Login,Sprint 11,Ana,86,Baixa,1,Produção,API,Sim
4731,2025-03-24,2025-03-27,Média,Fechado,Pagamento,Sprint 9,Rafael,78,Baixa,1,Homologação,API,Não
4732,2025-05-20,2025-05-20,Média,Fechado,Relatórios,Sprint 11,João,14,Média,2,Homologação,Backend,Sim
4733,2025-12-05,2025-12-07,Alta,Fechado,Dashboard,Sprint 7,Fernanda,53,Alta,3,Homologação,Backend,Sim
4734,2026-04-16,2026-04-18,Média,Aberto,Login,Sprint 1,Carlos,59,Alta,3,Homologação,API,Sim
4735,2025-10-17,2025-10-19,Baixa,Fechado,Dashboard,Sprint 7,Juliana,68,Alta,3,Homologação,Backend,Sim
4736,2024-11-19,2024-11-23,Alta,Aberto,Mobile App,Sprint 1,Fernanda,96,Alta,3,Produção,Frontend,Sim
4737,2024-11-14,2024-11-17,Crítica,Fechado,Relatórios,Sprint 8,Rafael,72,Alta,3,Homologação,Backend,Não
4738,2025-10-29,2025-10-31,Média,Fechado,Relatórios,Sprint 12,Marcos,56,Baixa,1,Homologação,Backend,Sim
4739,2025-08-23,2025-08-27,Alta,Fechado,Dashboard,Sprint 4,Ana,107,Média,2,Produção,Backend,Não
4740,2025-05-22,2025-05-24,Crítica,Aberto,Pagamento,Sprint 8,Marcos,57,Média,2,Produção,Frontend,Não
4741,2024-09-29,2024-10-03,Baixa,Aberto,Dashboard,Sprint 1,Ana,118,Baixa,1,Produção,Backend,Não
4742,2024-06-21,2024-06-22,Crítica,Aberto,Dashboard,Sprint 6,Carlos,27,Alta,3,Homologação,Frontend,Sim
4743,2025-09-26,2025-09-29,Baixa,Fechado,Mobile App,Sprint 1,Fernanda,77,Média,2,Homologação,Frontend,Não
4744,2025-05-12,2025-05-12,Crítica,Fechado,Pagamento,Sprint 10,Carlos,4,Alta,3,Homologação,Backend,Não
4745,2024-08-22,2024-08-24,Crítica,Fechado,Login,Sprint 10,Marcos,58,Baixa,1,Homologação,API,Sim
4746,2025-01-27,2025-01-30,Baixa,Fechado,Dashboard,Sprint 8,Juliana,78,Alta,3,Produção,Backend,Não
4747,2025-04-14,2025-04-15,Crítica,Fechado,Relatórios,Sprint 8,Rafael,47,Baixa,1,Homologação,API,Não
4748,2024-12-18,2024-12-22,Alta,Fechado,Login,Sprint 4,Carlos,116,Alta,3,Homologação,Backend,Não
4749,2024-12-12,2024-12-16,Crítica,Aberto,API Clientes,Sprint 4,Rafael,102,Alta,3,Homologação,Frontend,Não
4750,2024-05-14,2024-05-16,Crítica,Fechado,API Clientes,Sprint 5,Ana,62,Média,2,Homologação,API,Sim
4751,2025-02-24,2025-02-24,Média,Fechado,Relatórios,Sprint 8,João,11,Baixa,1,Homologação,Backend,Sim
4752,2025-01-14,2025-01-18,Baixa,Fechado,Dashboard,Sprint 6,João,101,Alta,3,Produção,Frontend,Sim
4753,2024-10-05,2024-10-09,Baixa,Aberto,Login,Sprint 6,Marcos,105,Alta,3,Produção,Backend,Não
4754,2026-01-23,2026-01-24,Baixa,Fechado,Pagamento,Sprint 7,Fernanda,45,Alta,3,Homologação,Backend,Sim
4755,2024-07-20,2024-07-21,Baixa,Aberto,Dashboard,Sprint 5,Ana,42,Alta,3,Homologação,Backend,Sim
4756,2025-03-06,2025-03-10,Crítica,Aberto,Pagamento,Sprint 4,Marcos,111,Alta,3,Produção,Frontend,Sim
4757,2024-12-04,2024-12-08,Alta,Aberto,Pagamento,Sprint 6,Rafael,100,Média,2,Produção,API,Não
4758,2025-02-11,2025-02-14,Alta,Aberto,Relatórios,Sprint 7,Rafael,79,Média,2,Produção,API,Sim
4759,2024-10-08,2024-10-11,Baixa,Fechado,Login,Sprint 9,João,94,Alta,3,Homologação,API,Não
4760,2024-08-14,2024-08-17,Média,Fechado,Pagamento,Sprint 8,Rafael,82,Média,2,Homologação,Frontend,Sim
4761,2025-12-24,2025-12-27,Crítica,Aberto,Relatórios,Sprint 11,Rafael,76,Média,2,Produção,Backend,Não
4762,2025-01-27,2025-01-29,Crítica,Fechado,Relatórios,Sprint 6,Fernanda,53,Baixa,1,Produção,Frontend,Não
4763,2025-01-31,2025-02-01,Baixa,Fechado,Mobile App,Sprint 3,Marcos,36,Média,2,Homologação,Frontend,Sim
4764,2025-05-08,2025-05-11,Baixa,Fechado,Relatórios,Sprint 4,Juliana,88,Baixa,1,Produção,API,Sim
4765,2026-01-11,2026-01-13,Média,Fechado,Relatórios,Sprint 3,Fernanda,52,Média,2,Homologação,Backend,Sim
4766,2025-03-28,2025-03-28,Alta,Aberto,Mobile App,Sprint 6,João,3,Média,2,Homologação,Frontend,Sim
4767,2026-03-05,2026-03-07,Alta,Aberto,Relatórios,Sprint 9,Rafael,59,Média,2,Homologação,Frontend,Não
4768,2024-09-26,2024-09-30,Alta,Aberto,Mobile App,Sprint 10,Rafael,103,Alta,3,Homologação,API,Sim
4769,2025-12-28,2025-12-30,Alta,Aberto,API Clientes,Sprint 6,Juliana,65,Alta,3,Homologação,Frontend,Sim
4770,2024-10-24,2024-10-25,Crítica,Fechado,Relatórios,Sprint 11,João,47,Baixa,1,Produção,Backend,Sim
4771,2024-08-31,2024-09-04,Alta,Aberto,API Clientes,Sprint 12,Juliana,112,Alta,3,Produção,Backend,Sim
4772,2026-02-15,2026-02-19,Baixa,Fechado,Relatórios,Sprint 7,João,103,Baixa,1,Produção,Frontend,Sim
4773,2024-06-24,2024-06-26,Alta,Fechado,Relatórios,Sprint 4,Marcos,69,Baixa,1,Homologação,Frontend,Sim
4774,2026-01-26,2026-01-28,Alta,Aberto,API Clientes,Sprint 10,Rafael,62,Alta,3,Produção,Frontend,Não
4775,2025-09-29,2025-10-02,Média,Fechado,Login,Sprint 4,João,93,Alta,3,Produção,Backend,Sim
4776,2024-10-17,2024-10-17,Média,Aberto,Relatórios,Sprint 6,Marcos,1,Média,2,Produção,Frontend,Não
4777,2026-01-31,2026-02-03,Média,Fechado,Relatórios,Sprint 2,João,72,Média,2,Homologação,Frontend,Sim
4778,2025-06-07,2025-06-09,Crítica,Fechado,Mobile App,Sprint 7,Carlos,69,Média,2,Homologação,Backend,Não
4779,2026-01-17,2026-01-19,Alta,Fechado,Pagamento,Sprint 12,Rafael,48,Média,2,Homologação,Backend,Sim
4780,2024-05-17,2024-05-21,Alta,Fechado,API Clientes,Sprint 11,Ana,104,Baixa,1,Homologação,Frontend,Não
4781,2025-12-15,2025-12-15,Alta,Aberto,Login,Sprint 11,Marcos,6,Baixa,1,Homologação,Backend,Não
4782,2025-01-22,2025-01-22,Alta,Fechado,Relatórios,Sprint 5,Rafael,20,Baixa,1,Homologação,Backend,Sim
4783,2026-02-03,2026-02-03,Baixa,Aberto,Dashboard,Sprint 2,Carlos,6,Alta,3,Homologação,Frontend,Não
4784,2026-04-10,2026-04-10,Alta,Aberto,Login,Sprint 7,João,8,Média,2,Produção,API,Sim
4785,2025-10-26,2025-10-28,Baixa,Aberto,Dashboard,Sprint 11,Fernanda,55,Alta,3,Homologação,Backend,Sim
4786,2025-06-08,2025-06-09,Alta,Aberto,Mobile App,Sprint 5,João,30,Alta,3,Homologação,Frontend,Sim
4787,2025-09-12,2025-09-12,Alta,Fechado,Login,Sprint 11,Marcos,6,Média,2,Produção,Frontend,Não
4788,2024-07-01,2024-07-01,Baixa,Fechado,Dashboard,Sprint 10,Rafael,3,Média,2,Homologação,API,Sim
4789,2025-09-20,2025-09-21,Alta,Aberto,Mobile App,Sprint 4,Rafael,43,Média,2,Homologação,Frontend,Sim
4790,2025-09-30,2025-10-02,Crítica,Aberto,Pagamento,Sprint 5,Fernanda,52,Média,2,Homologação,API,Sim
4791,2024-12-07,2024-12-09,Média,Aberto,Dashboard,Sprint 2,Rafael,63,Baixa,1,Homologação,API,Sim
4792,2025-08-22,2025-08-23,Crítica,Fechado,Mobile App,Sprint 4,Juliana,34,Média,2,Produção,Frontend,Sim
4793,2025-03-21,2025-03-22,Média,Aberto,Dashboard,Sprint 12,Rafael,34,Média,2,Homologação,Backend,Sim
4794,2024-09-21,2024-09-25,Baixa,Fechado,Login,Sprint 11,Marcos,108,Média,2,Homologação,Frontend,Não
4795,2025-05-26,2025-05-26,Crítica,Aberto,Login,Sprint 8,Rafael,7,Alta,3,Produção,API,Sim
4796,2025-01-23,2025-01-27,Crítica,Aberto,Pagamento,Sprint 1,Ana,114,Média,2,Homologação,Backend,Sim
4797,2026-02-10,2026-02-13,Baixa,Fechado,Login,Sprint 2,João,87,Baixa,1,Homologação,Backend,Não
4798,2024-05-14,2024-05-18,Crítica,Aberto,Dashboard,Sprint 8,Ana,119,Média,2,Produção,Frontend,Não
4799,2025-05-14,2025-05-15,Baixa,Aberto,API Clientes,Sprint 7,Marcos,29,Média,2,Homologação,Backend,Sim
4800,2024-09-06,2024-09-10,Alta,Fechado,Mobile App,Sprint 11,Marcos,99,Baixa,1,Homologação,Backend,Não
4801,2024-12-29,2024-12-30,Baixa,Fechado,Login,Sprint 8,Ana,47,Baixa,1,Produção,Frontend,Não
4802,2024-06-18,2024-06-22,Baixa,Fechado,Login,Sprint 5,Ana,100,Média,2,Homologação,Frontend,Não
4803,2024-12-09,2024-12-13,Crítica,Aberto,API Clientes,Sprint 6,Carlos,107,Média,2,Homologação,Backend,Sim
4804,2026-03-08,2026-03-10,Crítica,Fechado,Dashboard,Sprint 6,Juliana,48,Baixa,1,Produção,API,Não
4805,2025-09-02,2025-09-05,Alta,Fechado,Dashboard,Sprint 2,Juliana,95,Alta,3,Produção,Frontend,Não
4806,2024-11-04,2024-11-07,Alta,Fechado,API Clientes,Sprint 3,Carlos,72,Baixa,1,Produção,API,Sim
4807,2024-06-18,2024-06-20,Crítica,Fechado,Mobile App,Sprint 3,Fernanda,57,Baixa,1,Produção,Backend,Não
4808,2024-06-22,2024-06-22,Crítica,Fechado,Mobile App,Sprint 11,Carlos,1,Alta,3,Homologação,Backend,Não
4809,2025-04-05,2025-04-09,Baixa,Aberto,API Clientes,Sprint 12,Carlos,109,Média,2,Produção,Backend,Sim
4810,2026-01-31,2026-02-01,Alta,Fechado,Dashboard,Sprint 7,Carlos,37,Baixa,1,Produção,Frontend,Não
4811,2024-10-07,2024-10-10,Baixa,Aberto,Relatórios,Sprint 5,Carlos,93,Baixa,1,Homologação,Backend,Sim
4812,2025-04-20,2025-04-24,Alta,Fechado,Pagamento,Sprint 11,Fernanda,108,Baixa,1,Produção,Backend,Não
4813,2026-04-23,2026-04-23,Crítica,Aberto,Relatórios,Sprint 5,Juliana,1,Média,2,Produção,API,Sim
4814,2024-11-18,2024-11-20,Crítica,Aberto,Pagamento,Sprint 7,Ana,57,Baixa,1,Produção,Backend,Sim
4815,2025-06-12,2025-06-15,Média,Aberto,API Clientes,Sprint 9,Carlos,89,Alta,3,Produção,Frontend,Não
4816,2025-01-09,2025-01-11,Crítica,Aberto,Pagamento,Sprint 3,João,61,Baixa,1,Produção,Backend,Não
4817,2025-08-30,2025-09-03,Crítica,Fechado,Dashboard,Sprint 7,Marcos,118,Alta,3,Homologação,API,Sim
4818,2024-07-09,2024-07-12,Alta,Fechado,Relatórios,Sprint 8,Juliana,75,Alta,3,Homologação,Backend,Sim
4819,2025-02-10,2025-02-13,Alta,Aberto,Login,Sprint 4,João,74,Média,2,Homologação,Backend,Não
4820,2025-01-31,2025-01-31,Crítica,Fechado,Relatórios,Sprint 5,Juliana,21,Alta,3,Produção,API,Não
4821,2025-10-07,2025-10-08,Crítica,Fechado,Mobile App,Sprint 9,Ana,30,Média,2,Produção,Frontend,Sim
4822,2026-04-04,2026-04-04,Baixa,Aberto,Login,Sprint 8,João,10,Média,2,Produção,Backend,Sim
4823,2025-02-25,2025-02-26,Média,Aberto,Pagamento,Sprint 4,Carlos,39,Baixa,1,Homologação,API,Sim
4824,2025-05-16,2025-05-18,Baixa,Fechado,API Clientes,Sprint 5,Marcos,66,Baixa,1,Produção,Frontend,Sim
4825,2024-09-26,2024-09-28,Baixa,Aberto,Relatórios,Sprint 4,Marcos,55,Baixa,1,Homologação,Frontend,Sim
4826,2025-04-18,2025-04-18,Alta,Aberto,Relatórios,Sprint 8,Marcos,15,Média,2,Produção,Backend,Não
4827,2026-02-01,2026-02-02,Baixa,Fechado,Relatórios,Sprint 2,Carlos,32,Média,2,Homologação,Backend,Sim
4828,2024-11-18,2024-11-20,Média,Aberto,Mobile App,Sprint 7,Fernanda,65,Média,2,Produção,Backend,Não
4829,2024-07-02,2024-07-02,Crítica,Aberto,Pagamento,Sprint 5,Rafael,5,Baixa,1,Homologação,API,Sim
4830,2025-07-16,2025-07-16,Baixa,Aberto,API Clientes,Sprint 11,Carlos,19,Média,2,Produção,Backend,Sim
4831,2025-04-09,2025-04-11,Baixa,Aberto,Relatórios,Sprint 5,Carlos,54,Baixa,1,Produção,Backend,Não
4832,2024-08-17,2024-08-21,Crítica,Aberto,API Clientes,Sprint 3,Juliana,109,Alta,3,Produção,Frontend,Não
4833,2025-07-25,2025-07-28,Média,Fechado,Relatórios,Sprint 7,João,83,Média,2,Homologação,Frontend,Sim
4834,2026-03-22,2026-03-24,Baixa,Fechado,Relatórios,Sprint 11,Ana,54,Alta,3,Produção,Backend,Sim
4835,2024-10-01,2024-10-03,Crítica,Aberto,Login,Sprint 9,Juliana,57,Baixa,1,Homologação,Frontend,Não
4836,2025-05-18,2025-05-22,Baixa,Aberto,Relatórios,Sprint 1,Marcos,97,Baixa,1,Produção,Frontend,Sim
4837,2026-02-05,2026-02-06,Crítica,Aberto,API Clientes,Sprint 1,João,44,Alta,3,Produção,API,Sim
4838,2025-07-29,2025-08-01,Crítica,Fechado,Relatórios,Sprint 6,Juliana,84,Média,2,Homologação,API,Sim
4839,2026-05-01,2026-05-01,Média,Fechado,Pagamento,Sprint 9,Carlos,9,Baixa,1,Homologação,Frontend,Sim
4840,2025-07-17,2025-07-20,Média,Aberto,Relatórios,Sprint 8,Juliana,77,Baixa,1,Produção,Backend,Não
4841,2026-01-17,2026-01-17,Alta,Aberto,Relatórios,Sprint 11,Rafael,5,Baixa,1,Homologação,Backend,Não
4842,2025-06-21,2025-06-22,Baixa,Fechado,Dashboard,Sprint 6,Marcos,38,Baixa,1,Homologação,Backend,Sim
4843,2025-02-07,2025-02-07,Média,Fechado,API Clientes,Sprint 4,João,8,Média,2,Homologação,API,Sim
4844,2024-07-27,2024-07-29,Alta,Fechado,Mobile App,Sprint 1,Fernanda,62,Média,2,Homologação,API,Sim
4845,2024-08-15,2024-08-17,Alta,Aberto,Login,Sprint 12,João,70,Média,2,Homologação,Frontend,Sim
4846,2026-01-08,2026-01-11,Baixa,Fechado,Pagamento,Sprint 2,Juliana,94,Baixa,1,Produção,Frontend,Não
4847,2025-03-09,2025-03-12,Baixa,Fechado,Pagamento,Sprint 4,Ana,76,Alta,3,Produção,Backend,Não
4848,2025-08-03,2025-08-06,Alta,Aberto,Login,Sprint 1,Carlos,75,Média,2,Homologação,Backend,Sim
4849,2025-04-14,2025-04-14,Média,Aberto,Dashboard,Sprint 3,Carlos,12,Alta,3,Homologação,Frontend,Sim
4850,2024-07-30,2024-08-03,Baixa,Aberto,Login,Sprint 7,Juliana,104,Média,2,Homologação,Frontend,Não
4851,2025-12-20,2025-12-22,Média,Aberto,API Clientes,Sprint 2,Fernanda,52,Baixa,1,Produção,API,Sim
4852,2025-04-23,2025-04-24,Baixa,Aberto,API Clientes,Sprint 2,Juliana,25,Baixa,1,Homologação,Frontend,Não
4853,2025-11-27,2025-11-28,Alta,Aberto,Dashboard,Sprint 2,Marcos,41,Média,2,Homologação,Frontend,Sim
4854,2024-07-10,2024-07-13,Baixa,Aberto,Dashboard,Sprint 7,Rafael,77,Alta,3,Homologação,Frontend,Não
4855,2025-07-02,2025-07-02,Média,Fechado,Relatórios,Sprint 6,Carlos,21,Média,2,Homologação,Backend,Sim
4856,2025-06-28,2025-06-29,Alta,Aberto,Pagamento,Sprint 11,Carlos,47,Baixa,1,Produção,API,Sim
4857,2024-11-04,2024-11-08,Crítica,Fechado,Login,Sprint 1,João,104,Alta,3,Homologação,Backend,Não
4858,2024-09-24,2024-09-24,Alta,Aberto,Pagamento,Sprint 6,João,3,Baixa,1,Homologação,Backend,Não
4859,2025-02-22,2025-02-22,Alta,Aberto,Dashboard,Sprint 8,Carlos,11,Alta,3,Homologação,Backend,Sim
4860,2024-09-02,2024-09-02,Crítica,Fechado,Mobile App,Sprint 11,Rafael,20,Baixa,1,Homologação,Frontend,Não
4861,2024-11-23,2024-11-23,Crítica,Aberto,API Clientes,Sprint 12,Marcos,16,Média,2,Produção,Frontend,Não
4862,2024-06-28,2024-06-28,Baixa,Aberto,Login,Sprint 5,Ana,14,Média,2,Homologação,Frontend,Sim
4863,2025-09-06,2025-09-07,Alta,Fechado,Dashboard,Sprint 7,João,38,Alta,3,Produção,Frontend,Sim
4864,2025-07-10,2025-07-12,Crítica,Fechado,Login,Sprint 10,Carlos,57,Baixa,1,Homologação,Backend,Não
4865,2025-08-20,2025-08-21,Baixa,Fechado,API Clientes,Sprint 12,Rafael,40,Média,2,Produção,Frontend,Não
4866,2024-11-24,2024-11-24,Baixa,Fechado,API Clientes,Sprint 2,João,1,Baixa,1,Produção,Backend,Sim
4867,2025-11-16,2025-11-17,Baixa,Aberto,Login,Sprint 11,Ana,27,Alta,3,Homologação,Frontend,Sim
4868,2025-05-09,2025-05-13,Baixa,Fechado,Pagamento,Sprint 1,Ana,110,Baixa,1,Homologação,Backend,Não
4869,2024-08-01,2024-08-02,Alta,Aberto,Login,Sprint 2,Marcos,46,Média,2,Produção,API,Não
4870,2025-07-18,2025-07-19,Crítica,Aberto,Mobile App,Sprint 8,Marcos,38,Baixa,1,Produção,Backend,Sim
4871,2025-11-30,2025-11-30,Alta,Aberto,Dashboard,Sprint 12,Ana,16,Média,2,Homologação,API,Sim
4872,2025-03-30,2025-04-03,Alta,Fechado,Dashboard,Sprint 5,Juliana,108,Baixa,1,Homologação,Backend,Sim
4873,2025-02-18,2025-02-19,Média,Aberto,Pagamento,Sprint 1,Juliana,36,Alta,3,Homologação,Backend,Sim
4874,2024-08-20,2024-08-24,Baixa,Fechado,Relatórios,Sprint 5,João,96,Baixa,1,Produção,Frontend,Não
4875,2026-03-18,2026-03-18,Alta,Aberto,Pagamento,Sprint 5,Juliana,13,Alta,3,Homologação,Backend,Não
4876,2024-06-26,2024-06-26,Crítica,Fechado,API Clientes,Sprint 5,Fernanda,19,Baixa,1,Produção,Frontend,Sim
4877,2024-07-01,2024-07-03,Alta,Aberto,API Clientes,Sprint 1,Rafael,56,Média,2,Homologação,API,Não
4878,2026-02-04,2026-02-04,Média,Fechado,Mobile App,Sprint 2,Ana,14,Baixa,1,Homologação,API,Não
4879,2025-01-18,2025-01-22,Baixa,Aberto,API Clientes,Sprint 9,Marcos,96,Baixa,1,Produção,API,Não
4880,2025-01-03,2025-01-05,Alta,Fechado,Mobile App,Sprint 7,Carlos,69,Média,2,Produção,API,Sim
4881,2026-03-01,2026-03-01,Baixa,Fechado,Mobile App,Sprint 5,Juliana,2,Média,2,Homologação,Backend,Não
4882,2024-12-03,2024-12-07,Média,Aberto,Dashboard,Sprint 12,Ana,108,Média,2,Homologação,API,Não
4883,2025-02-15,2025-02-16,Crítica,Aberto,Login,Sprint 11,João,32,Média,2,Homologação,Frontend,Não
4884,2024-09-06,2024-09-10,Baixa,Fechado,Dashboard,Sprint 1,Fernanda,108,Baixa,1,Produção,API,Sim
4885,2024-12-28,2024-12-30,Baixa,Aberto,Relatórios,Sprint 6,Marcos,61,Baixa,1,Homologação,API,Não
4886,2024-08-14,2024-08-15,Baixa,Fechado,Pagamento,Sprint 10,Carlos,35,Alta,3,Homologação,API,Não
4887,2026-02-24,2026-02-24,Alta,Fechado,Relatórios,Sprint 3,Marcos,5,Alta,3,Produção,API,Não
4888,2024-12-15,2024-12-17,Média,Fechado,API Clientes,Sprint 9,Carlos,58,Alta,3,Homologação,Frontend,Sim
4889,2024-10-10,2024-10-11,Crítica,Aberto,Login,Sprint 10,Fernanda,37,Baixa,1,Homologação,Frontend,Não
4890,2024-05-26,2024-05-26,Crítica,Aberto,Relatórios,Sprint 9,Juliana,23,Alta,3,Produção,Backend,Sim
4891,2025-03-25,2025-03-25,Média,Aberto,API Clientes,Sprint 10,Fernanda,12,Baixa,1,Produção,API,Sim
4892,2024-09-02,2024-09-06,Média,Aberto,Login,Sprint 3,Fernanda,100,Baixa,1,Homologação,Backend,Não
4893,2024-10-24,2024-10-24,Baixa,Aberto,Relatórios,Sprint 6,Rafael,18,Média,2,Homologação,Frontend,Não
4894,2025-11-17,2025-11-17,Crítica,Aberto,Dashboard,Sprint 2,Ana,23,Alta,3,Homologação,Frontend,Não
4895,2025-01-31,2025-02-03,Crítica,Aberto,Pagamento,Sprint 4,Fernanda,84,Alta,3,Homologação,Frontend,Não
4896,2026-03-20,2026-03-24,Média,Aberto,Mobile App,Sprint 5,Juliana,111,Média,2,Produção,Frontend,Não
4897,2025-12-06,2025-12-07,Crítica,Aberto,API Clientes,Sprint 5,Carlos,24,Baixa,1,Homologação,API,Não
4898,2026-04-20,2026-04-20,Alta,Aberto,Dashboard,Sprint 1,Rafael,9,Alta,3,Homologação,API,Sim
4899,2024-10-12,2024-10-15,Média,Aberto,Relatórios,Sprint 6,Fernanda,85,Média,2,Homologação,Backend,Sim
4900,2025-09-21,2025-09-23,Média,Fechado,Pagamento,Sprint 8,Marcos,51,Média,2,Homologação,Backend,Sim
4901,2024-10-12,2024-10-13,Baixa,Fechado,Mobile App,Sprint 2,Ana,29,Alta,3,Produção,Frontend,Sim
4902,2025-06-03,2025-06-04,Baixa,Aberto,Pagamento,Sprint 11,Ana,42,Baixa,1,Produção,Frontend,Sim
4903,2024-09-02,2024-09-04,Média,Fechado,Mobile App,Sprint 1,Ana,61,Média,2,Homologação,Backend,Não
4904,2024-08-30,2024-09-01,Baixa,Aberto,Pagamento,Sprint 3,Rafael,68,Média,2,Produção,Frontend,Sim
4905,2026-02-02,2026-02-06,Baixa,Fechado,Pagamento,Sprint 9,Rafael,110,Baixa,1,Homologação,API,Não
4906,2026-04-24,2026-04-24,Alta,Aberto,Relatórios,Sprint 2,Ana,8,Alta,3,Homologação,Frontend,Não
4907,2024-11-11,2024-11-14,Média,Fechado,Relatórios,Sprint 3,Carlos,72,Média,2,Produção,Frontend,Não
4908,2025-09-22,2025-09-26,Média,Aberto,API Clientes,Sprint 11,Carlos,105,Alta,3,Produção,API,Sim
4909,2024-08-22,2024-08-24,Alta,Aberto,Relatórios,Sprint 4,Carlos,58,Baixa,1,Homologação,API,Não
4910,2025-03-14,2025-03-15,Média,Aberto,Pagamento,Sprint 8,Juliana,35,Alta,3,Homologação,API,Não
4911,2024-05-24,2024-05-28,Média,Aberto,Login,Sprint 4,Rafael,114,Alta,3,Produção,Backend,Sim
4912,2024-12-26,2024-12-29,Alta,Fechado,Pagamento,Sprint 5,Rafael,86,Média,2,Homologação,Backend,Não
4913,2026-04-18,2026-04-18,Crítica,Aberto,Login,Sprint 6,Ana,4,Média,2,Homologação,Backend,Sim
4914,2024-05-14,2024-05-18,Alta,Aberto,Mobile App,Sprint 2,Rafael,110,Baixa,1,Produção,API,Sim
4915,2024-08-09,2024-08-12,Média,Fechado,Login,Sprint 3,Juliana,73,Alta,3,Homologação,Backend,Não
4916,2025-07-06,2025-07-09,Média,Fechado,Relatórios,Sprint 8,Juliana,76,Alta,3,Homologação,Frontend,Não
4917,2024-07-17,2024-07-17,Crítica,Fechado,Login,Sprint 6,Rafael,9,Média,2,Produção,Frontend,Sim
4918,2024-10-11,2024-10-13,Crítica,Fechado,API Clientes,Sprint 11,João,58,Baixa,1,Produção,API,Não
4919,2026-03-03,2026-03-04,Baixa,Aberto,Relatórios,Sprint 2,Juliana,28,Baixa,1,Homologação,API,Sim
4920,2025-05-14,2025-05-14,Alta,Fechado,Mobile App,Sprint 4,Carlos,14,Alta,3,Produção,Backend,Sim
4921,2025-07-09,2025-07-12,Média,Fechado,Mobile App,Sprint 1,Ana,93,Baixa,1,Homologação,Backend,Sim
4922,2024-06-19,2024-06-21,Média,Fechado,Relatórios,Sprint 11,Juliana,60,Baixa,1,Produção,Frontend,Não
4923,2025-02-14,2025-02-14,Média,Aberto,Login,Sprint 5,Fernanda,13,Alta,3,Produção,Frontend,Não
4924,2025-03-24,2025-03-24,Crítica,Aberto,Dashboard,Sprint 8,Juliana,19,Baixa,1,Homologação,Frontend,Não
4925,2024-11-01,2024-11-03,Alta,Fechado,Pagamento,Sprint 3,Fernanda,56,Alta,3,Homologação,Frontend,Não
4926,2025-01-31,2025-02-01,Baixa,Fechado,Mobile App,Sprint 4,João,43,Baixa,1,Homologação,API,Sim
4927,2025-10-06,2025-10-06,Crítica,Aberto,Mobile App,Sprint 12,Carlos,17,Baixa,1,Homologação,Backend,Sim
4928,2025-06-18,2025-06-22,Alta,Fechado,Login,Sprint 9,Carlos,109,Baixa,1,Homologação,API,Não
4929,2026-02-09,2026-02-10,Crítica,Fechado,Mobile App,Sprint 8,Juliana,36,Média,2,Produção,API,Não
4930,2026-01-21,2026-01-22,Média,Aberto,Dashboard,Sprint 5,Carlos,34,Média,2,Homologação,Frontend,Não
4931,2024-06-08,2024-06-12,Alta,Fechado,API Clientes,Sprint 5,Carlos,119,Alta,3,Produção,Frontend,Sim
4932,2025-05-22,2025-05-25,Crítica,Fechado,Relatórios,Sprint 12,Marcos,94,Média,2,Produção,Frontend,Sim
4933,2026-04-30,2026-04-30,Alta,Aberto,Dashboard,Sprint 1,Fernanda,10,Baixa,1,Produção,Backend,Não
4934,2026-01-12,2026-01-12,Baixa,Fechado,Dashboard,Sprint 7,Fernanda,3,Alta,3,Homologação,API,Não
4935,2024-08-18,2024-08-18,Baixa,Aberto,Dashboard,Sprint 1,Carlos,1,Baixa,1,Homologação,API,Não
4936,2024-05-31,2024-06-01,Alta,Fechado,API Clientes,Sprint 9,Rafael,33,Média,2,Produção,Backend,Não
4937,2024-07-27,2024-07-28,Alta,Fechado,Login,Sprint 5,Marcos,45,Baixa,1,Produção,Backend,Não
4938,2024-12-25,2024-12-27,Alta,Fechado,API Clientes,Sprint 1,Carlos,55,Baixa,1,Produção,API,Sim
4939,2025-01-20,2025-01-23,Alta,Aberto,Login,Sprint 9,Carlos,90,Média,2,Produção,API,Sim
4940,2026-03-11,2026-03-15,Alta,Aberto,Mobile App,Sprint 11,Fernanda,102,Média,2,Produção,API,Sim
4941,2026-01-07,2026-01-09,Alta,Aberto,Dashboard,Sprint 4,Carlos,48,Alta,3,Homologação,Frontend,Não
4942,2025-11-17,2025-11-21,Crítica,Fechado,Login,Sprint 11,João,112,Baixa,1,Homologação,Backend,Não
4943,2025-01-27,2025-01-31,Crítica,Aberto,Login,Sprint 11,Carlos,110,Alta,3,Produção,Frontend,Sim
4944,2025-06-02,2025-06-02,Crítica,Fechado,API Clientes,Sprint 1,Ana,16,Alta,3,Homologação,Backend,Não
4945,2026-02-02,2026-02-02,Alta,Fechado,Dashboard,Sprint 7,Marcos,13,Média,2,Homologação,Backend,Não
4946,2025-02-28,2025-03-04,Média,Fechado,Mobile App,Sprint 5,Carlos,98,Alta,3,Produção,Frontend,Sim
4947,2025-04-11,2025-04-15,Média,Fechado,Mobile App,Sprint 3,Fernanda,111,Baixa,1,Homologação,Backend,Sim
4948,2025-07-13,2025-07-17,Crítica,Fechado,Relatórios,Sprint 2,Juliana,100,Alta,3,Homologação,Backend,Não
4949,2024-11-14,2024-11-14,Alta,Fechado,Dashboard,Sprint 9,Fernanda,3,Baixa,1,Homologação,Frontend,Sim
4950,2024-09-05,2024-09-08,Alta,Fechado,Relatórios,Sprint 1,Juliana,83,Alta,3,Homologação,Frontend,Não
4951,2024-08-20,2024-08-22,Crítica,Fechado,Dashboard,Sprint 10,João,51,Alta,3,Produção,Backend,Sim
4952,2025-06-08,2025-06-09,Alta,Aberto,Dashboard,Sprint 2,Marcos,42,Baixa,1,Produção,API,Não
4953,2025-05-24,2025-05-24,Média,Fechado,Dashboard,Sprint 8,João,16,Média,2,Homologação,Backend,Não
4954,2025-01-19,2025-01-22,Baixa,Aberto,Relatórios,Sprint 2,Marcos,89,Média,2,Produção,Backend,Sim
4955,2026-04-03,2026-04-05,Média,Fechado,Relatórios,Sprint 11,Juliana,49,Média,2,Produção,Frontend,Não
4956,2024-11-11,2024-11-13,Crítica,Aberto,Relatórios,Sprint 6,João,56,Alta,3,Homologação,Backend,Sim
4957,2025-08-17,2025-08-17,Alta,Fechado,Mobile App,Sprint 4,Rafael,4,Alta,3,Homologação,Backend,Sim
4958,2024-11-23,2024-11-26,Alta,Fechado,API Clientes,Sprint 8,Rafael,85,Média,2,Produção,Backend,Sim
4959,2024-10-29,2024-10-30,Crítica,Aberto,Pagamento,Sprint 6,Juliana,46,Média,2,Produção,API,Sim
4960,2024-07-10,2024-07-11,Alta,Fechado,Relatórios,Sprint 5,Carlos,47,Média,2,Homologação,Backend,Não
4961,2025-06-30,2025-06-30,Crítica,Aberto,API Clientes,Sprint 5,Fernanda,17,Média,2,Homologação,Backend,Não
4962,2025-06-23,2025-06-26,Crítica,Fechado,Mobile App,Sprint 7,Ana,94,Média,2,Produção,Backend,Não
4963,2024-11-09,2024-11-10,Alta,Aberto,Relatórios,Sprint 6,Ana,24,Baixa,1,Produção,API,Não
4964,2024-06-03,2024-06-03,Crítica,Aberto,Relatórios,Sprint 11,Juliana,21,Média,2,Produção,Backend,Não
4965,2025-03-26,2025-03-29,Crítica,Aberto,Mobile App,Sprint 9,Marcos,74,Média,2,Homologação,Frontend,Não
4966,2025-07-21,2025-07-25,Baixa,Aberto,API Clientes,Sprint 7,Rafael,105,Média,2,Produção,API,Sim
4967,2025-02-04,2025-02-08,Crítica,Fechado,Dashboard,Sprint 9,Ana,100,Média,2,Homologação,Frontend,Não
4968,2025-08-11,2025-08-11,Crítica,Fechado,Login,Sprint 7,Fernanda,6,Baixa,1,Produção,Backend,Não
4969,2025-06-27,2025-07-01,Alta,Aberto,Dashboard,Sprint 8,Carlos,112,Média,2,Homologação,Backend,Sim
4970,2024-05-24,2024-05-27,Crítica,Aberto,Mobile App,Sprint 7,Marcos,76,Baixa,1,Homologação,Frontend,Não
4971,2025-05-25,2025-05-29,Alta,Aberto,Dashboard,Sprint 1,Carlos,103,Baixa,1,Homologação,API,Sim
4972,2024-12-06,2024-12-07,Crítica,Aberto,API Clientes,Sprint 10,Marcos,45,Média,2,Produção,Frontend,Sim
4973,2024-12-13,2024-12-15,Baixa,Aberto,Relatórios,Sprint 2,Ana,62,Alta,3,Produção,API,Não
4974,2025-01-06,2025-01-10,Baixa,Aberto,Pagamento,Sprint 8,Fernanda,106,Alta,3,Produção,Frontend,Não
4975,2025-06-24,2025-06-27,Média,Fechado,Relatórios,Sprint 5,Carlos,74,Alta,3,Produção,Frontend,Não
4976,2024-12-17,2024-12-20,Alta,Aberto,Login,Sprint 11,Juliana,87,Alta,3,Produção,API,Não
4977,2026-05-04,2026-05-06,Baixa,Aberto,Login,Sprint 2,Marcos,54,Média,2,Produção,API,Não
4978,2024-12-27,2024-12-30,Alta,Fechado,Dashboard,Sprint 10,Fernanda,77,Baixa,1,Produção,Frontend,Sim
4979,2025-06-06,2025-06-06,Média,Aberto,Dashboard,Sprint 10,João,4,Baixa,1,Homologação,API,Não
4980,2024-06-26,2024-06-29,Alta,Aberto,Pagamento,Sprint 10,Fernanda,83,Alta,3,Produção,API,Sim
4981,2024-11-06,2024-11-09,Alta,Fechado,Pagamento,Sprint 9,Marcos,93,Média,2,Homologação,Backend,Sim
4982,2024-06-02,2024-06-04,Crítica,Aberto,Dashboard,Sprint 11,Marcos,61,Alta,3,Homologação,Frontend,Sim
4983,2025-01-23,2025-01-23,Média,Fechado,API Clientes,Sprint 3,Juliana,2,Alta,3,Produção,Backend,Sim
4984,2025-04-30,2025-05-04,Crítica,Aberto,Dashboard,Sprint 1,Rafael,105,Baixa,1,Homologação,Backend,Sim
4985,2024-11-07,2024-11-07,Crítica,Aberto,Dashboard,Sprint 11,Juliana,21,Média,2,Homologação,API,Sim
4986,2025-09-24,2025-09-27,Média,Fechado,Relatórios,Sprint 12,João,89,Média,2,Homologação,API,Sim
4987,2025-07-01,2025-07-04,Alta,Aberto,Pagamento,Sprint 9,João,94,Alta,3,Homologação,Frontend,Não
4988,2025-07-05,2025-07-07,Crítica,Fechado,Relatórios,Sprint 2,Carlos,62,Média,2,Homologação,Frontend,Não
4989,2024-08-01,2024-08-03,Média,Fechado,Relatórios,Sprint 7,Fernanda,49,Alta,3,Produção,API,Não
4990,2026-03-14,2026-03-14,Alta,Fechado,Pagamento,Sprint 2,Juliana,13,Alta,3,Produção,Frontend,Sim
4991,2025-04-05,2025-04-06,Alta,Aberto,Mobile App,Sprint 1,João,37,Baixa,1,Produção,API,Sim
4992,2024-10-18,2024-10-18,Alta,Aberto,Mobile App,Sprint 4,João,18,Alta,3,Produção,Frontend,Não
4993,2025-03-06,2025-03-07,Baixa,Fechado,Relatórios,Sprint 7,Ana,47,Média,2,Homologação,Backend,Sim
4994,2026-04-01,2026-04-01,Média,Fechado,Pagamento,Sprint 2,Juliana,11,Alta,3,Produção,Frontend,Sim
4995,2025-08-16,2025-08-19,Alta,Fechado,API Clientes,Sprint 8,Rafael,93,Média,2,Produção,Frontend,Sim
4996,2025-10-25,2025-10-27,Baixa,Aberto,Mobile App,Sprint 12,João,62,Baixa,1,Homologação,API,Sim
4997,2024-05-26,2024-05-26,Alta,Fechado,Login,Sprint 8,Ana,12,Média,2,Produção,Frontend,Sim
4998,2026-05-07,2026-05-10,Crítica,Aberto,API Clientes,Sprint 4,Ana,91,Alta,3,Homologação,API,Sim
4999,2025-07-08,2025-07-08,Baixa,Fechado,Relatórios,Sprint 3,João,11,Baixa,1,Produção,Frontend,Sim
5000,2025-04-14,2025-04-18,Alta,Aberto,Login,Sprint 7,Carlos,118,Baixa,1,Produção,API,Não
